Initializing the backend...
Initializing provider plugins...
- Reusing previous version of hashicorp/aws from the dependency lock file
- Using previously-installed hashicorp/aws v6.51.0

Terraform has been successfully initialized!
data.aws_caller_identity.current: Reading...
data.aws_caller_identity.current: Read complete after 0s [id=000000000000]

Terraform used the selected providers to generate the following execution
plan. Resource actions are indicated with the following symbols:
  + create

Terraform will perform the following actions:

  # aws_cloudwatch_log_group.workload["api"] will be created
  + resource "aws_cloudwatch_log_group" "workload" {
      + arn                         = (known after apply)
      + deletion_protection_enabled = (known after apply)
      + id                          = (known after apply)
      + log_group_class             = (known after apply)
      + name                        = "/clearledger/cl-988257/api"
      + name_prefix                 = (known after apply)
      + region                      = "us-east-1"
      + retention_in_days           = 14
      + skip_destroy                = false
      + tags_all                    = {
          + "ClearLedgerDeployment" = "cl-988257"
        }
    }

  # aws_cloudwatch_log_group.workload["archiver"] will be created
  + resource "aws_cloudwatch_log_group" "workload" {
      + arn                         = (known after apply)
      + deletion_protection_enabled = (known after apply)
      + id                          = (known after apply)
      + log_group_class             = (known after apply)
      + name                        = "/clearledger/cl-988257/audit-archiver"
      + name_prefix                 = (known after apply)
      + region                      = "us-east-1"
      + retention_in_days           = 14
      + skip_destroy                = false
      + tags_all                    = {
          + "ClearLedgerDeployment" = "cl-988257"
        }
    }

  # aws_cloudwatch_log_group.workload["projector"] will be created
  + resource "aws_cloudwatch_log_group" "workload" {
      + arn                         = (known after apply)
      + deletion_protection_enabled = (known after apply)
      + id                          = (known after apply)
      + log_group_class             = (known after apply)
      + name                        = "/clearledger/cl-988257/projector"
      + name_prefix                 = (known after apply)
      + region                      = "us-east-1"
      + retention_in_days           = 14
      + skip_destroy                = false
      + tags_all                    = {
          + "ClearLedgerDeployment" = "cl-988257"
        }
    }

  # aws_cloudwatch_log_group.workload["relay"] will be created
  + resource "aws_cloudwatch_log_group" "workload" {
      + arn                         = (known after apply)
      + deletion_protection_enabled = (known after apply)
      + id                          = (known after apply)
      + log_group_class             = (known after apply)
      + name                        = "/clearledger/cl-988257/outbox-relay"
      + name_prefix                 = (known after apply)
      + region                      = "us-east-1"
      + retention_in_days           = 14
      + skip_destroy                = false
      + tags_all                    = {
          + "ClearLedgerDeployment" = "cl-988257"
        }
    }

  # aws_cognito_resource_server.auth will be created
  + resource "aws_cognito_resource_server" "auth" {
      + id                = (known after apply)
      + identifier        = "clearledger"
      + name              = "cl-988257-scopes"
      + region            = "us-east-1"
      + scope_identifiers = (known after apply)
      + user_pool_id      = (known after apply)

      + scope {
          + scope_description = "ClearLedger admin"
          + scope_name        = "admin"
        }
      + scope {
          + scope_description = "ClearLedger read"
          + scope_name        = "read"
        }
      + scope {
          + scope_description = "ClearLedger write"
          + scope_name        = "write"
        }
    }

  # aws_cognito_user_pool.auth will be created
  + resource "aws_cognito_user_pool" "auth" {
      + arn                        = (known after apply)
      + creation_date              = (known after apply)
      + custom_domain              = (known after apply)
      + deletion_protection        = "INACTIVE"
      + domain                     = (known after apply)
      + email_verification_message = (known after apply)
      + email_verification_subject = (known after apply)
      + endpoint                   = (known after apply)
      + estimated_number_of_users  = (known after apply)
      + id                         = (known after apply)
      + last_modified_date         = (known after apply)
      + mfa_configuration          = "OFF"
      + name                       = "cl-988257-auth"
      + region                     = "us-east-1"
      + sms_verification_message   = (known after apply)
      + tags_all                   = {
          + "ClearLedgerDeployment" = "cl-988257"
        }
      + user_pool_tier             = (known after apply)

      + admin_create_user_config (known after apply)

      + password_policy (known after apply)

      + sign_in_policy (known after apply)

      + sms_configuration (known after apply)

      + username_configuration (known after apply)

      + verification_message_template (known after apply)
    }

  # aws_cognito_user_pool_client.auth["admin"] will be created
  + resource "aws_cognito_user_pool_client" "auth" {
      + access_token_validity                         = (known after apply)
      + allowed_oauth_flows                           = [
          + "client_credentials",
        ]
      + allowed_oauth_flows_user_pool_client          = true
      + allowed_oauth_scopes                          = [
          + "clearledger/admin",
        ]
      + auth_session_validity                         = (known after apply)
      + callback_urls                                 = (known after apply)
      + client_secret                                 = (sensitive value)
      + default_redirect_uri                          = (known after apply)
      + enable_propagate_additional_user_context_data = (known after apply)
      + enable_token_revocation                       = (known after apply)
      + explicit_auth_flows                           = (known after apply)
      + generate_secret                               = true
      + id                                            = (known after apply)
      + id_token_validity                             = (known after apply)
      + logout_urls                                   = (known after apply)
      + name                                          = "cl-988257-admin"
      + prevent_user_existence_errors                 = (known after apply)
      + read_attributes                               = (known after apply)
      + refresh_token_validity                        = (known after apply)
      + region                                        = "us-east-1"
      + supported_identity_providers                  = (known after apply)
      + user_pool_id                                  = (known after apply)
      + write_attributes                              = (known after apply)
    }

  # aws_cognito_user_pool_client.auth["read"] will be created
  + resource "aws_cognito_user_pool_client" "auth" {
      + access_token_validity                         = (known after apply)
      + allowed_oauth_flows                           = [
          + "client_credentials",
        ]
      + allowed_oauth_flows_user_pool_client          = true
      + allowed_oauth_scopes                          = [
          + "clearledger/read",
        ]
      + auth_session_validity                         = (known after apply)
      + callback_urls                                 = (known after apply)
      + client_secret                                 = (sensitive value)
      + default_redirect_uri                          = (known after apply)
      + enable_propagate_additional_user_context_data = (known after apply)
      + enable_token_revocation                       = (known after apply)
      + explicit_auth_flows                           = (known after apply)
      + generate_secret                               = true
      + id                                            = (known after apply)
      + id_token_validity                             = (known after apply)
      + logout_urls                                   = (known after apply)
      + name                                          = "cl-988257-read"
      + prevent_user_existence_errors                 = (known after apply)
      + read_attributes                               = (known after apply)
      + refresh_token_validity                        = (known after apply)
      + region                                        = "us-east-1"
      + supported_identity_providers                  = (known after apply)
      + user_pool_id                                  = (known after apply)
      + write_attributes                              = (known after apply)
    }

  # aws_cognito_user_pool_client.auth["write"] will be created
  + resource "aws_cognito_user_pool_client" "auth" {
      + access_token_validity                         = (known after apply)
      + allowed_oauth_flows                           = [
          + "client_credentials",
        ]
      + allowed_oauth_flows_user_pool_client          = true
      + allowed_oauth_scopes                          = [
          + "clearledger/write",
        ]
      + auth_session_validity                         = (known after apply)
      + callback_urls                                 = (known after apply)
      + client_secret                                 = (sensitive value)
      + default_redirect_uri                          = (known after apply)
      + enable_propagate_additional_user_context_data = (known after apply)
      + enable_token_revocation                       = (known after apply)
      + explicit_auth_flows                           = (known after apply)
      + generate_secret                               = true
      + id                                            = (known after apply)
      + id_token_validity                             = (known after apply)
      + logout_urls                                   = (known after apply)
      + name                                          = "cl-988257-write"
      + prevent_user_existence_errors                 = (known after apply)
      + read_attributes                               = (known after apply)
      + refresh_token_validity                        = (known after apply)
      + region                                        = "us-east-1"
      + supported_identity_providers                  = (known after apply)
      + user_pool_id                                  = (known after apply)
      + write_attributes                              = (known after apply)
    }

  # aws_db_instance.database will be created
  + resource "aws_db_instance" "database" {
      + address                               = (known after apply)
      + allocated_storage                     = 20
      + apply_immediately                     = true
      + arn                                   = (known after apply)
      + auto_minor_version_upgrade            = true
      + availability_zone                     = (known after apply)
      + backup_retention_period               = 7
      + backup_target                         = (known after apply)
      + backup_window                         = (known after apply)
      + ca_cert_identifier                    = (known after apply)
      + character_set_name                    = (known after apply)
      + copy_tags_to_snapshot                 = false
      + database_insights_mode                = (known after apply)
      + db_name                               = (sensitive value)
      + db_subnet_group_name                  = "cl-988257-database"
      + dedicated_log_volume                  = false
      + delete_automated_backups              = true
      + domain_fqdn                           = (known after apply)
      + endpoint                              = (known after apply)
      + engine                                = "postgres"
      + engine_lifecycle_support              = (known after apply)
      + engine_version                        = "16.3"
      + engine_version_actual                 = (known after apply)
      + hosted_zone_id                        = (known after apply)
      + id                                    = (known after apply)
      + identifier                            = "cl-988257-database"
      + identifier_prefix                     = (known after apply)
      + instance_class                        = "db.t4g.micro"
      + iops                                  = (known after apply)
      + kms_key_id                            = (known after apply)
      + latest_restorable_time                = (known after apply)
      + license_model                         = (known after apply)
      + listener_endpoint                     = (known after apply)
      + maintenance_window                    = (known after apply)
      + master_user_secret                    = (known after apply)
      + master_user_secret_kms_key_id         = (known after apply)
      + monitoring_interval                   = 0
      + monitoring_role_arn                   = (known after apply)
      + multi_az                              = (known after apply)
      + nchar_character_set_name              = (known after apply)
      + network_type                          = (known after apply)
      + option_group_name                     = (known after apply)
      + parameter_group_name                  = (known after apply)
      + password                              = (sensitive value)
      + performance_insights_enabled          = false
      + performance_insights_kms_key_id       = (known after apply)
      + performance_insights_retention_period = (known after apply)
      + port                                  = (known after apply)
      + publicly_accessible                   = false
      + region                                = "us-east-1"
      + replica_mode                          = (known after apply)
      + replicas                              = (known after apply)
      + resource_id                           = (known after apply)
      + skip_final_snapshot                   = true
      + snapshot_identifier                   = (known after apply)
      + status                                = (known after apply)
      + storage_encrypted                     = true
      + storage_throughput                    = (known after apply)
      + storage_type                          = (known after apply)
      + tags_all                              = {
          + "ClearLedgerDeployment" = "cl-988257"
        }
      + timezone                              = (known after apply)
      + upgrade_rollout_order                 = (known after apply)
      + username                              = (sensitive value)
      + vpc_security_group_ids                = (known after apply)
    }

  # aws_db_subnet_group.database will be created
  + resource "aws_db_subnet_group" "database" {
      + arn                     = (known after apply)
      + description             = "Managed by Terraform"
      + id                      = (known after apply)
      + name                    = "cl-988257-database"
      + name_prefix             = (known after apply)
      + region                  = "us-east-1"
      + subnet_ids              = (known after apply)
      + supported_network_types = (known after apply)
      + tags_all                = {
          + "ClearLedgerDeployment" = "cl-988257"
        }
      + vpc_id                  = (known after apply)
    }

  # aws_dynamodb_table.projection will be created
  + resource "aws_dynamodb_table" "projection" {
      + arn              = (known after apply)
      + billing_mode     = "PAY_PER_REQUEST"
      + hash_key         = "PK"
      + id               = (known after apply)
      + name             = "cl-988257-projections"
      + range_key        = "SK"
      + read_capacity    = (known after apply)
      + region           = "us-east-1"
      + stream_arn       = (known after apply)
      + stream_label     = (known after apply)
      + stream_view_type = (known after apply)
      + tags_all         = {
          + "ClearLedgerDeployment" = "cl-988257"
        }
      + write_capacity   = (known after apply)

      + attribute {
          + name = "GSI1PK"
          + type = "S"
        }
      + attribute {
          + name = "GSI1SK"
          + type = "S"
        }
      + attribute {
          + name = "PK"
          + type = "S"
        }
      + attribute {
          + name = "SK"
          + type = "S"
        }

      + global_secondary_index {
          + hash_key           = "GSI1PK"
          + name               = "AccountIndex"
          + non_key_attributes = []
          + projection_type    = "ALL"
          + range_key          = "GSI1SK"
          + read_capacity      = (known after apply)
          + write_capacity     = (known after apply)

          + key_schema (known after apply)

          + warm_throughput (known after apply)
        }

      + global_table_witness (known after apply)

      + point_in_time_recovery {
          + enabled                 = true
          + recovery_period_in_days = (known after apply)
        }

      + server_side_encryption {
          + enabled     = true
          + kms_key_arn = (known after apply)
        }

      + ttl (known after apply)

      + warm_throughput (known after apply)
    }

  # aws_ecs_cluster.api will be created
  + resource "aws_ecs_cluster" "api" {
      + arn      = (known after apply)
      + id       = (known after apply)
      + name     = "cl-988257-cluster"
      + region   = "us-east-1"
      + tags_all = {
          + "ClearLedgerDeployment" = "cl-988257"
        }

      + setting {
          + name  = "containerInsights"
          + value = "enabled"
        }
    }

  # aws_ecs_service.api will be created
  + resource "aws_ecs_service" "api" {
      + arn                                = (known after apply)
      + availability_zone_rebalancing      = (known after apply)
      + cluster                            = (known after apply)
      + deployment_maximum_percent         = 200
      + deployment_minimum_healthy_percent = 100
      + desired_count                      = 2
      + enable_ecs_managed_tags            = false
      + enable_execute_command             = false
      + iam_role                           = (known after apply)
      + id                                 = (known after apply)
      + launch_type                        = "FARGATE"
      + name                               = "cl-988257-api"
      + platform_version                   = (known after apply)
      + region                             = "us-east-1"
      + scheduling_strategy                = "REPLICA"
      + tags_all                           = {
          + "ClearLedgerDeployment" = "cl-988257"
        }
      + task_definition                    = (known after apply)
      + triggers                           = (known after apply)
      + wait_for_steady_state              = false

      + deployment_configuration (known after apply)

      + load_balancer {
          + container_name   = "api"
          + container_port   = 8080
          + target_group_arn = (known after apply)
            # (1 unchanged attribute hidden)
        }

      + network_configuration {
          + assign_public_ip = false
          + security_groups  = (known after apply)
          + subnets          = (known after apply)
        }
    }

  # aws_ecs_task_definition.api will be created
  + resource "aws_ecs_task_definition" "api" {
      + arn                      = (known after apply)
      + arn_without_revision     = (known after apply)
      + container_definitions    = (sensitive value)
      + cpu                      = "256"
      + enable_fault_injection   = (known after apply)
      + execution_role_arn       = (known after apply)
      + family                   = "cl-988257-api"
      + id                       = (known after apply)
      + memory                   = "512"
      + network_mode             = "awsvpc"
      + region                   = "us-east-1"
      + requires_compatibilities = [
          + "FARGATE",
        ]
      + revision                 = (known after apply)
      + skip_destroy             = false
      + tags_all                 = {
          + "ClearLedgerDeployment" = "cl-988257"
        }
      + task_role_arn            = (known after apply)
      + track_latest             = false
    }

  # aws_elasticache_replication_group.cache will be created
  + resource "aws_elasticache_replication_group" "cache" {
      + apply_immediately              = true
      + arn                            = (known after apply)
      + at_rest_encryption_enabled     = "false"
      + auto_minor_version_upgrade     = (known after apply)
      + automatic_failover_enabled     = false
      + cluster_enabled                = (known after apply)
      + cluster_mode                   = (known after apply)
      + configuration_endpoint_address = (known after apply)
      + data_tiering_enabled           = (known after apply)
      + description                    = "cl-988257 Valkey"
      + durability                     = (known after apply)
      + engine                         = "valkey"
      + engine_version                 = "8.0"
      + engine_version_actual          = (known after apply)
      + global_replication_group_id    = (known after apply)
      + id                             = (known after apply)
      + ip_discovery                   = (known after apply)
      + maintenance_window             = (known after apply)
      + member_clusters                = (known after apply)
      + multi_az_enabled               = false
      + network_type                   = (known after apply)
      + node_type                      = "cache.t4g.micro"
      + num_cache_clusters             = 1
      + num_node_groups                = (known after apply)
      + parameter_group_name           = (known after apply)
      + port                           = 6379
      + primary_endpoint_address       = (known after apply)
      + reader_endpoint_address        = (known after apply)
      + region                         = "us-east-1"
      + replicas_per_node_group        = (known after apply)
      + replication_group_id           = "cl-988257-cache"
      + security_group_ids             = (known after apply)
      + security_group_names           = (known after apply)
      + snapshot_window                = (known after apply)
      + subnet_group_name              = "cl-988257-cache"
      + tags_all                       = {
          + "ClearLedgerDeployment" = "cl-988257"
        }
      + transit_encryption_enabled     = false
      + transit_encryption_mode        = (known after apply)

      + node_group_configuration (known after apply)
    }

  # aws_elasticache_subnet_group.cache will be created
  + resource "aws_elasticache_subnet_group" "cache" {
      + arn         = (known after apply)
      + description = "Managed by Terraform"
      + id          = (known after apply)
      + name        = "cl-988257-cache"
      + region      = "us-east-1"
      + subnet_ids  = (known after apply)
      + tags_all    = {
          + "ClearLedgerDeployment" = "cl-988257"
        }
      + vpc_id      = (known after apply)
    }

  # aws_iam_role.workload["archiver"] will be created
  + resource "aws_iam_role" "workload" {
      + arn                   = (known after apply)
      + assume_role_policy    = jsonencode(
            {
              + Statement = [
                  + {
                      + Action    = "sts:AssumeRole"
                      + Effect    = "Allow"
                      + Principal = {
                          + Service = "lambda.amazonaws.com"
                        }
                    },
                ]
              + Version   = "2012-10-17"
            }
        )
      + create_date           = (known after apply)
      + force_detach_policies = false
      + id                    = (known after apply)
      + managed_policy_arns   = (known after apply)
      + max_session_duration  = 3600
      + name                  = "cl-988257-archiver"
      + name_prefix           = (known after apply)
      + path                  = "/"
      + tags                  = {
          + "ClearLedgerRole" = "archiver"
        }
      + tags_all              = {
          + "ClearLedgerDeployment" = "cl-988257"
          + "ClearLedgerRole"       = "archiver"
        }
      + unique_id             = (known after apply)

      + inline_policy (known after apply)
    }

  # aws_iam_role.workload["ecs_execution"] will be created
  + resource "aws_iam_role" "workload" {
      + arn                   = (known after apply)
      + assume_role_policy    = jsonencode(
            {
              + Statement = [
                  + {
                      + Action    = "sts:AssumeRole"
                      + Effect    = "Allow"
                      + Principal = {
                          + Service = "ecs-tasks.amazonaws.com"
                        }
                    },
                ]
              + Version   = "2012-10-17"
            }
        )
      + create_date           = (known after apply)
      + force_detach_policies = false
      + id                    = (known after apply)
      + managed_policy_arns   = (known after apply)
      + max_session_duration  = 3600
      + name                  = "cl-988257-ecs_execution"
      + name_prefix           = (known after apply)
      + path                  = "/"
      + tags                  = {
          + "ClearLedgerRole" = "ecs_execution"
        }
      + tags_all              = {
          + "ClearLedgerDeployment" = "cl-988257"
          + "ClearLedgerRole"       = "ecs_execution"
        }
      + unique_id             = (known after apply)

      + inline_policy (known after apply)
    }

  # aws_iam_role.workload["ecs_task"] will be created
  + resource "aws_iam_role" "workload" {
      + arn                   = (known after apply)
      + assume_role_policy    = jsonencode(
            {
              + Statement = [
                  + {
                      + Action    = "sts:AssumeRole"
                      + Effect    = "Allow"
                      + Principal = {
                          + Service = "ecs-tasks.amazonaws.com"
                        }
                    },
                ]
              + Version   = "2012-10-17"
            }
        )
      + create_date           = (known after apply)
      + force_detach_policies = false
      + id                    = (known after apply)
      + managed_policy_arns   = (known after apply)
      + max_session_duration  = 3600
      + name                  = "cl-988257-ecs_task"
      + name_prefix           = (known after apply)
      + path                  = "/"
      + tags                  = {
          + "ClearLedgerRole" = "ecs_task"
        }
      + tags_all              = {
          + "ClearLedgerDeployment" = "cl-988257"
          + "ClearLedgerRole"       = "ecs_task"
        }
      + unique_id             = (known after apply)

      + inline_policy (known after apply)
    }

  # aws_iam_role.workload["projector"] will be created
  + resource "aws_iam_role" "workload" {
      + arn                   = (known after apply)
      + assume_role_policy    = jsonencode(
            {
              + Statement = [
                  + {
                      + Action    = "sts:AssumeRole"
                      + Effect    = "Allow"
                      + Principal = {
                          + Service = "lambda.amazonaws.com"
                        }
                    },
                ]
              + Version   = "2012-10-17"
            }
        )
      + create_date           = (known after apply)
      + force_detach_policies = false
      + id                    = (known after apply)
      + managed_policy_arns   = (known after apply)
      + max_session_duration  = 3600
      + name                  = "cl-988257-projector"
      + name_prefix           = (known after apply)
      + path                  = "/"
      + tags                  = {
          + "ClearLedgerRole" = "projector"
        }
      + tags_all              = {
          + "ClearLedgerDeployment" = "cl-988257"
          + "ClearLedgerRole"       = "projector"
        }
      + unique_id             = (known after apply)

      + inline_policy (known after apply)
    }

  # aws_iam_role.workload["relay"] will be created
  + resource "aws_iam_role" "workload" {
      + arn                   = (known after apply)
      + assume_role_policy    = jsonencode(
            {
              + Statement = [
                  + {
                      + Action    = "sts:AssumeRole"
                      + Effect    = "Allow"
                      + Principal = {
                          + Service = "lambda.amazonaws.com"
                        }
                    },
                ]
              + Version   = "2012-10-17"
            }
        )
      + create_date           = (known after apply)
      + force_detach_policies = false
      + id                    = (known after apply)
      + managed_policy_arns   = (known after apply)
      + max_session_duration  = 3600
      + name                  = "cl-988257-relay"
      + name_prefix           = (known after apply)
      + path                  = "/"
      + tags                  = {
          + "ClearLedgerRole" = "relay"
        }
      + tags_all              = {
          + "ClearLedgerDeployment" = "cl-988257"
          + "ClearLedgerRole"       = "relay"
        }
      + unique_id             = (known after apply)

      + inline_policy (known after apply)
    }

  # aws_iam_role.workload["scheduler"] will be created
  + resource "aws_iam_role" "workload" {
      + arn                   = (known after apply)
      + assume_role_policy    = jsonencode(
            {
              + Statement = [
                  + {
                      + Action    = "sts:AssumeRole"
                      + Effect    = "Allow"
                      + Principal = {
                          + Service = "scheduler.amazonaws.com"
                        }
                    },
                ]
              + Version   = "2012-10-17"
            }
        )
      + create_date           = (known after apply)
      + force_detach_policies = false
      + id                    = (known after apply)
      + managed_policy_arns   = (known after apply)
      + max_session_duration  = 3600
      + name                  = "cl-988257-scheduler"
      + name_prefix           = (known after apply)
      + path                  = "/"
      + tags                  = {
          + "ClearLedgerRole" = "scheduler"
        }
      + tags_all              = {
          + "ClearLedgerDeployment" = "cl-988257"
          + "ClearLedgerRole"       = "scheduler"
        }
      + unique_id             = (known after apply)

      + inline_policy (known after apply)
    }

  # aws_iam_role_policy.workload["archiver"] will be created
  + resource "aws_iam_role_policy" "workload" {
      + id          = (known after apply)
      + name        = "cl-988257-archiver-canonical"
      + name_prefix = (known after apply)
      + policy      = (known after apply)
      + role        = (known after apply)
    }

  # aws_iam_role_policy.workload["ecs_execution"] will be created
  + resource "aws_iam_role_policy" "workload" {
      + id          = (known after apply)
      + name        = "cl-988257-ecs_execution-canonical"
      + name_prefix = (known after apply)
      + policy      = (known after apply)
      + role        = (known after apply)
    }

  # aws_iam_role_policy.workload["ecs_task"] will be created
  + resource "aws_iam_role_policy" "workload" {
      + id          = (known after apply)
      + name        = "cl-988257-ecs_task-canonical"
      + name_prefix = (known after apply)
      + policy      = (known after apply)
      + role        = (known after apply)
    }

  # aws_iam_role_policy.workload["projector"] will be created
  + resource "aws_iam_role_policy" "workload" {
      + id          = (known after apply)
      + name        = "cl-988257-projector-canonical"
      + name_prefix = (known after apply)
      + policy      = (known after apply)
      + role        = (known after apply)
    }

  # aws_iam_role_policy.workload["relay"] will be created
  + resource "aws_iam_role_policy" "workload" {
      + id          = (known after apply)
      + name        = "cl-988257-relay-canonical"
      + name_prefix = (known after apply)
      + policy      = (known after apply)
      + role        = (known after apply)
    }

  # aws_iam_role_policy.workload["scheduler"] will be created
  + resource "aws_iam_role_policy" "workload" {
      + id          = (known after apply)
      + name        = "cl-988257-scheduler-canonical"
      + name_prefix = (known after apply)
      + policy      = (known after apply)
      + role        = (known after apply)
    }

  # aws_internet_gateway.main will be created
  + resource "aws_internet_gateway" "main" {
      + arn      = (known after apply)
      + id       = (known after apply)
      + owner_id = (known after apply)
      + region   = "us-east-1"
      + tags     = {
          + "Name" = "cl-988257-igw"
        }
      + tags_all = {
          + "ClearLedgerDeployment" = "cl-988257"
          + "Name"                  = "cl-988257-igw"
        }
      + vpc_id   = (known after apply)
    }

  # aws_kms_alias.store["audit"] will be created
  + resource "aws_kms_alias" "store" {
      + arn            = (known after apply)
      + id             = (known after apply)
      + name           = "alias/cl-988257-audit"
      + name_prefix    = (known after apply)
      + region         = "us-east-1"
      + target_key_arn = (known after apply)
      + target_key_id  = (known after apply)
    }

  # aws_kms_alias.store["database"] will be created
  + resource "aws_kms_alias" "store" {
      + arn            = (known after apply)
      + id             = (known after apply)
      + name           = "alias/cl-988257-database"
      + name_prefix    = (known after apply)
      + region         = "us-east-1"
      + target_key_arn = (known after apply)
      + target_key_id  = (known after apply)
    }

  # aws_kms_alias.store["messaging"] will be created
  + resource "aws_kms_alias" "store" {
      + arn            = (known after apply)
      + id             = (known after apply)
      + name           = "alias/cl-988257-messaging"
      + name_prefix    = (known after apply)
      + region         = "us-east-1"
      + target_key_arn = (known after apply)
      + target_key_id  = (known after apply)
    }

  # aws_kms_alias.store["projection"] will be created
  + resource "aws_kms_alias" "store" {
      + arn            = (known after apply)
      + id             = (known after apply)
      + name           = "alias/cl-988257-projection"
      + name_prefix    = (known after apply)
      + region         = "us-east-1"
      + target_key_arn = (known after apply)
      + target_key_id  = (known after apply)
    }

  # aws_kms_key.store["audit"] will be created
  + resource "aws_kms_key" "store" {
      + arn                                = (known after apply)
      + bypass_policy_lockout_safety_check = false
      + customer_master_key_spec           = "SYMMETRIC_DEFAULT"
      + deletion_window_in_days            = 10
      + description                        = "cl-988257-audit"
      + enable_key_rotation                = true
      + id                                 = (known after apply)
      + is_enabled                         = true
      + key_id                             = (known after apply)
      + key_usage                          = "ENCRYPT_DECRYPT"
      + multi_region                       = (known after apply)
      + policy                             = (known after apply)
      + region                             = "us-east-1"
      + rotation_period_in_days            = (known after apply)
      + tags                               = {
          + "ClearLedgerKeyUsage" = "audit"
          + "Name"                = "cl-988257-audit"
        }
      + tags_all                           = {
          + "ClearLedgerDeployment" = "cl-988257"
          + "ClearLedgerKeyUsage"   = "audit"
          + "Name"                  = "cl-988257-audit"
        }
    }

  # aws_kms_key.store["database"] will be created
  + resource "aws_kms_key" "store" {
      + arn                                = (known after apply)
      + bypass_policy_lockout_safety_check = false
      + customer_master_key_spec           = "SYMMETRIC_DEFAULT"
      + deletion_window_in_days            = 10
      + description                        = "cl-988257-database"
      + enable_key_rotation                = true
      + id                                 = (known after apply)
      + is_enabled                         = true
      + key_id                             = (known after apply)
      + key_usage                          = "ENCRYPT_DECRYPT"
      + multi_region                       = (known after apply)
      + policy                             = (known after apply)
      + region                             = "us-east-1"
      + rotation_period_in_days            = (known after apply)
      + tags                               = {
          + "ClearLedgerKeyUsage" = "database"
          + "Name"                = "cl-988257-database"
        }
      + tags_all                           = {
          + "ClearLedgerDeployment" = "cl-988257"
          + "ClearLedgerKeyUsage"   = "database"
          + "Name"                  = "cl-988257-database"
        }
    }

  # aws_kms_key.store["messaging"] will be created
  + resource "aws_kms_key" "store" {
      + arn                                = (known after apply)
      + bypass_policy_lockout_safety_check = false
      + customer_master_key_spec           = "SYMMETRIC_DEFAULT"
      + deletion_window_in_days            = 10
      + description                        = "cl-988257-messaging"
      + enable_key_rotation                = true
      + id                                 = (known after apply)
      + is_enabled                         = true
      + key_id                             = (known after apply)
      + key_usage                          = "ENCRYPT_DECRYPT"
      + multi_region                       = (known after apply)
      + policy                             = (known after apply)
      + region                             = "us-east-1"
      + rotation_period_in_days            = (known after apply)
      + tags                               = {
          + "ClearLedgerKeyUsage" = "messaging"
          + "Name"                = "cl-988257-messaging"
        }
      + tags_all                           = {
          + "ClearLedgerDeployment" = "cl-988257"
          + "ClearLedgerKeyUsage"   = "messaging"
          + "Name"                  = "cl-988257-messaging"
        }
    }

  # aws_kms_key.store["projection"] will be created
  + resource "aws_kms_key" "store" {
      + arn                                = (known after apply)
      + bypass_policy_lockout_safety_check = false
      + customer_master_key_spec           = "SYMMETRIC_DEFAULT"
      + deletion_window_in_days            = 10
      + description                        = "cl-988257-projection"
      + enable_key_rotation                = true
      + id                                 = (known after apply)
      + is_enabled                         = true
      + key_id                             = (known after apply)
      + key_usage                          = "ENCRYPT_DECRYPT"
      + multi_region                       = (known after apply)
      + policy                             = (known after apply)
      + region                             = "us-east-1"
      + rotation_period_in_days            = (known after apply)
      + tags                               = {
          + "ClearLedgerKeyUsage" = "projection"
          + "Name"                = "cl-988257-projection"
        }
      + tags_all                           = {
          + "ClearLedgerDeployment" = "cl-988257"
          + "ClearLedgerKeyUsage"   = "projection"
          + "Name"                  = "cl-988257-projection"
        }
    }

  # aws_lambda_event_source_mapping.projector will be created
  + resource "aws_lambda_event_source_mapping" "projector" {
      + arn                                = (known after apply)
      + batch_size                         = 5
      + enabled                            = true
      + event_source_arn                   = (known after apply)
      + function_arn                       = (known after apply)
      + function_name                      = (known after apply)
      + function_response_types            = [
          + "ReportBatchItemFailures",
        ]
      + id                                 = (known after apply)
      + last_modified                      = (known after apply)
      + last_processing_result             = (known after apply)
      + maximum_batching_window_in_seconds = 0
      + maximum_record_age_in_seconds      = (known after apply)
      + maximum_retry_attempts             = (known after apply)
      + parallelization_factor             = (known after apply)
      + region                             = "us-east-1"
      + state                              = (known after apply)
      + state_transition_reason            = (known after apply)
      + tags_all                           = {
          + "ClearLedgerDeployment" = "cl-988257"
        }
      + uuid                               = (known after apply)

      + amazon_managed_kafka_event_source_config (known after apply)

      + self_managed_kafka_event_source_config (known after apply)
    }

  # aws_lambda_function.worker["archiver"] will be created
  + resource "aws_lambda_function" "worker" {
      + architectures                  = (known after apply)
      + arn                            = (known after apply)
      + code_sha256                    = (known after apply)
      + function_name                  = "cl-988257-audit-archiver"
      + id                             = (known after apply)
      + image_uri                      = (sensitive value)
      + invoke_arn                     = (known after apply)
      + last_modified                  = (known after apply)
      + memory_size                    = 256
      + package_type                   = "Image"
      + publish                        = false
      + qualified_arn                  = (known after apply)
      + qualified_invoke_arn           = (known after apply)
      + region                         = "us-east-1"
      + reserved_concurrent_executions = -1
      + response_streaming_invoke_arn  = (known after apply)
      + role                           = (known after apply)
      + signing_job_arn                = (known after apply)
      + signing_profile_version_arn    = (known after apply)
      + skip_destroy                   = false
      + source_code_hash               = (known after apply)
      + source_code_size               = (known after apply)
      + tags_all                       = {
          + "ClearLedgerDeployment" = "cl-988257"
        }
      + timeout                        = 3
      + version                        = (known after apply)

      + environment {
          + variables = (known after apply)
        }

      + ephemeral_storage (known after apply)

      + image_config {
          + command           = []
          + entry_point       = []
          + working_directory = "/"
        }

      + logging_config (known after apply)

      + tracing_config (known after apply)
    }

  # aws_lambda_function.worker["projector"] will be created
  + resource "aws_lambda_function" "worker" {
      + architectures                  = (known after apply)
      + arn                            = (known after apply)
      + code_sha256                    = (known after apply)
      + function_name                  = "cl-988257-projector"
      + id                             = (known after apply)
      + image_uri                      = (sensitive value)
      + invoke_arn                     = (known after apply)
      + last_modified                  = (known after apply)
      + memory_size                    = 256
      + package_type                   = "Image"
      + publish                        = false
      + qualified_arn                  = (known after apply)
      + qualified_invoke_arn           = (known after apply)
      + region                         = "us-east-1"
      + reserved_concurrent_executions = -1
      + response_streaming_invoke_arn  = (known after apply)
      + role                           = (known after apply)
      + signing_job_arn                = (known after apply)
      + signing_profile_version_arn    = (known after apply)
      + skip_destroy                   = false
      + source_code_hash               = (known after apply)
      + source_code_size               = (known after apply)
      + tags_all                       = {
          + "ClearLedgerDeployment" = "cl-988257"
        }
      + timeout                        = 3
      + version                        = (known after apply)

      + environment {
          + variables = (known after apply)
        }

      + ephemeral_storage (known after apply)

      + image_config {
          + command           = []
          + entry_point       = []
          + working_directory = "/"
        }

      + logging_config (known after apply)

      + tracing_config (known after apply)
    }

  # aws_lambda_function.worker["relay"] will be created
  + resource "aws_lambda_function" "worker" {
      + architectures                  = (known after apply)
      + arn                            = (known after apply)
      + code_sha256                    = (known after apply)
      + function_name                  = "cl-988257-outbox-relay"
      + id                             = (known after apply)
      + image_uri                      = (sensitive value)
      + invoke_arn                     = (known after apply)
      + last_modified                  = (known after apply)
      + memory_size                    = 256
      + package_type                   = "Image"
      + publish                        = false
      + qualified_arn                  = (known after apply)
      + qualified_invoke_arn           = (known after apply)
      + region                         = "us-east-1"
      + reserved_concurrent_executions = -1
      + response_streaming_invoke_arn  = (known after apply)
      + role                           = (known after apply)
      + signing_job_arn                = (known after apply)
      + signing_profile_version_arn    = (known after apply)
      + skip_destroy                   = false
      + source_code_hash               = (known after apply)
      + source_code_size               = (known after apply)
      + tags_all                       = {
          + "ClearLedgerDeployment" = "cl-988257"
        }
      + timeout                        = 3
      + version                        = (known after apply)

      + environment {
          + variables = (known after apply)
        }

      + ephemeral_storage (known after apply)

      + image_config {
          + command           = []
          + entry_point       = []
          + working_directory = "/"
        }

      + logging_config (known after apply)

      + tracing_config (known after apply)
    }

  # aws_lb.api will be created
  + resource "aws_lb" "api" {
      + arn                                                          = (known after apply)
      + arn_suffix                                                   = (known after apply)
      + client_keep_alive                                            = 3600
      + desync_mitigation_mode                                       = "defensive"
      + dns_name                                                     = (known after apply)
      + drop_invalid_header_fields                                   = false
      + enable_deletion_protection                                   = false
      + enable_http2                                                 = true
      + enable_prefix_for_ipv6_source_nat                            = (known after apply)
      + enable_tls_version_and_cipher_suite_headers                  = false
      + enable_waf_fail_open                                         = false
      + enable_xff_client_port                                       = false
      + enable_zonal_shift                                           = false
      + enforce_security_group_inbound_rules_on_private_link_traffic = (known after apply)
      + id                                                           = (known after apply)
      + idle_timeout                                                 = 60
      + internal                                                     = false
      + ip_address_type                                              = (known after apply)
      + load_balancer_type                                           = "application"
      + name                                                         = "cl-988257-alb"
      + name_prefix                                                  = (known after apply)
      + preserve_host_header                                         = false
      + region                                                       = "us-east-1"
      + secondary_ips_auto_assigned_per_subnet                       = (known after apply)
      + security_groups                                              = (known after apply)
      + subnets                                                      = (known after apply)
      + tags_all                                                     = {
          + "ClearLedgerDeployment" = "cl-988257"
        }
      + vpc_id                                                       = (known after apply)
      + xff_header_processing_mode                                   = "append"
      + zone_id                                                      = (known after apply)

      + subnet_mapping (known after apply)
    }

  # aws_lb_listener.api will be created
  + resource "aws_lb_listener" "api" {
      + arn                                                                   = (known after apply)
      + id                                                                    = (known after apply)
      + load_balancer_arn                                                     = (known after apply)
      + port                                                                  = 80
      + protocol                                                              = "HTTP"
      + region                                                                = "us-east-1"
      + routing_http_request_x_amzn_mtls_clientcert_header_name               = (known after apply)
      + routing_http_request_x_amzn_mtls_clientcert_issuer_header_name        = (known after apply)
      + routing_http_request_x_amzn_mtls_clientcert_leaf_header_name          = (known after apply)
      + routing_http_request_x_amzn_mtls_clientcert_serial_number_header_name = (known after apply)
      + routing_http_request_x_amzn_mtls_clientcert_subject_header_name       = (known after apply)
      + routing_http_request_x_amzn_mtls_clientcert_validity_header_name      = (known after apply)
      + routing_http_request_x_amzn_tls_cipher_suite_header_name              = (known after apply)
      + routing_http_request_x_amzn_tls_version_header_name                   = (known after apply)
      + routing_http_response_access_control_allow_credentials_header_value   = (known after apply)
      + routing_http_response_access_control_allow_headers_header_value       = (known after apply)
      + routing_http_response_access_control_allow_methods_header_value       = (known after apply)
      + routing_http_response_access_control_allow_origin_header_value        = (known after apply)
      + routing_http_response_access_control_expose_headers_header_value      = (known after apply)
      + routing_http_response_access_control_max_age_header_value             = (known after apply)
      + routing_http_response_content_security_policy_header_value            = (known after apply)
      + routing_http_response_server_enabled                                  = (known after apply)
      + routing_http_response_strict_transport_security_header_value          = (known after apply)
      + routing_http_response_x_content_type_options_header_value             = (known after apply)
      + routing_http_response_x_frame_options_header_value                    = (known after apply)
      + ssl_policy                                                            = (known after apply)
      + tags_all                                                              = {
          + "ClearLedgerDeployment" = "cl-988257"
        }
      + tcp_idle_timeout_seconds                                              = (known after apply)

      + default_action {
          + order            = (known after apply)
          + target_group_arn = (known after apply)
          + type             = "forward"
        }

      + mutual_authentication (known after apply)
    }

  # aws_lb_target_group.api will be created
  + resource "aws_lb_target_group" "api" {
      + arn                                = (known after apply)
      + arn_suffix                         = (known after apply)
      + connection_termination             = (known after apply)
      + deregistration_delay               = "5"
      + id                                 = (known after apply)
      + ip_address_type                    = (known after apply)
      + lambda_multi_value_headers_enabled = false
      + load_balancer_arns                 = (known after apply)
      + load_balancing_algorithm_type      = (known after apply)
      + load_balancing_anomaly_mitigation  = (known after apply)
      + load_balancing_cross_zone_enabled  = (known after apply)
      + name                               = "cl-988257-api"
      + name_prefix                        = (known after apply)
      + port                               = 8080
      + preserve_client_ip                 = (known after apply)
      + protocol                           = "HTTP"
      + protocol_version                   = (known after apply)
      + proxy_protocol_v2                  = false
      + region                             = "us-east-1"
      + slow_start                         = 0
      + tags_all                           = {
          + "ClearLedgerDeployment" = "cl-988257"
        }
      + target_type                        = "ip"
      + vpc_id                             = (known after apply)

      + health_check {
          + enabled             = true
          + healthy_threshold   = 2
          + interval            = 5
          + matcher             = "200"
          + path                = "/health/ready"
          + port                = "traffic-port"
          + protocol            = "HTTP"
          + timeout             = 2
          + unhealthy_threshold = 3
        }

      + stickiness (known after apply)

      + target_failover (known after apply)

      + target_group_health (known after apply)

      + target_health_state (known after apply)
    }

  # aws_route_table.private will be created
  + resource "aws_route_table" "private" {
      + arn              = (known after apply)
      + id               = (known after apply)
      + owner_id         = (known after apply)
      + propagating_vgws = (known after apply)
      + region           = "us-east-1"
      + route            = []
      + tags             = {
          + "Name" = "cl-988257-private"
        }
      + tags_all         = {
          + "ClearLedgerDeployment" = "cl-988257"
          + "Name"                  = "cl-988257-private"
        }
      + vpc_id           = (known after apply)
    }

  # aws_route_table.public will be created
  + resource "aws_route_table" "public" {
      + arn              = (known after apply)
      + id               = (known after apply)
      + owner_id         = (known after apply)
      + propagating_vgws = (known after apply)
      + region           = "us-east-1"
      + route            = [
          + {
              + cidr_block                 = "0.0.0.0/0"
              + gateway_id                 = (known after apply)
                # (12 unchanged attributes hidden)
            },
        ]
      + tags             = {
          + "Name" = "cl-988257-public"
        }
      + tags_all         = {
          + "ClearLedgerDeployment" = "cl-988257"
          + "Name"                  = "cl-988257-public"
        }
      + vpc_id           = (known after apply)
    }

  # aws_route_table_association.private[0] will be created
  + resource "aws_route_table_association" "private" {
      + id             = (known after apply)
      + region         = "us-east-1"
      + route_table_id = (known after apply)
      + subnet_id      = (known after apply)
    }

  # aws_route_table_association.private[1] will be created
  + resource "aws_route_table_association" "private" {
      + id             = (known after apply)
      + region         = "us-east-1"
      + route_table_id = (known after apply)
      + subnet_id      = (known after apply)
    }

  # aws_route_table_association.public[0] will be created
  + resource "aws_route_table_association" "public" {
      + id             = (known after apply)
      + region         = "us-east-1"
      + route_table_id = (known after apply)
      + subnet_id      = (known after apply)
    }

  # aws_route_table_association.public[1] will be created
  + resource "aws_route_table_association" "public" {
      + id             = (known after apply)
      + region         = "us-east-1"
      + route_table_id = (known after apply)
      + subnet_id      = (known after apply)
    }

  # aws_s3_bucket.audit will be created
  + resource "aws_s3_bucket" "audit" {
      + acceleration_status         = (known after apply)
      + acl                         = (known after apply)
      + arn                         = (known after apply)
      + bucket                      = "cl-988257-audit"
      + bucket_domain_name          = (known after apply)
      + bucket_namespace            = (known after apply)
      + bucket_prefix               = (known after apply)
      + bucket_region               = (known after apply)
      + bucket_regional_domain_name = (known after apply)
      + force_destroy               = true
      + hosted_zone_id              = (known after apply)
      + id                          = (known after apply)
      + object_lock_enabled         = (known after apply)
      + policy                      = (known after apply)
      + region                      = "us-east-1"
      + request_payer               = (known after apply)
      + tags_all                    = {
          + "ClearLedgerDeployment" = "cl-988257"
        }
      + website_domain              = (known after apply)
      + website_endpoint            = (known after apply)

      + cors_rule (known after apply)

      + grant (known after apply)

      + lifecycle_rule (known after apply)

      + logging (known after apply)

      + object_lock_configuration (known after apply)

      + replication_configuration (known after apply)

      + server_side_encryption_configuration (known after apply)

      + versioning (known after apply)

      + website (known after apply)
    }

  # aws_s3_bucket_public_access_block.audit will be created
  + resource "aws_s3_bucket_public_access_block" "audit" {
      + block_public_acls       = true
      + block_public_policy     = true
      + bucket                  = (known after apply)
      + id                      = (known after apply)
      + ignore_public_acls      = true
      + region                  = "us-east-1"
      + restrict_public_buckets = true
    }

  # aws_s3_bucket_server_side_encryption_configuration.audit will be created
  + resource "aws_s3_bucket_server_side_encryption_configuration" "audit" {
      + bucket = (known after apply)
      + id     = (known after apply)
      + region = "us-east-1"

      + rule {
          + blocked_encryption_types = (known after apply)
          + bucket_key_enabled       = (known after apply)

          + apply_server_side_encryption_by_default {
              + kms_master_key_id = (known after apply)
              + sse_algorithm     = "aws:kms"
            }
        }
    }

  # aws_s3_bucket_versioning.audit will be created
  + resource "aws_s3_bucket_versioning" "audit" {
      + bucket = (known after apply)
      + id     = (known after apply)
      + region = "us-east-1"

      + versioning_configuration {
          + mfa_delete = (known after apply)
          + status     = "Enabled"
        }
    }

  # aws_scheduler_schedule.worker["archiver"] will be created
  + resource "aws_scheduler_schedule" "worker" {
      + action_after_completion      = (known after apply)
      + arn                          = (known after apply)
      + group_name                   = (known after apply)
      + id                           = (known after apply)
      + name                         = "cl-988257-archiver"
      + name_prefix                  = (known after apply)
      + region                       = "us-east-1"
      + schedule_expression          = "rate(5 minutes)"
      + schedule_expression_timezone = "UTC"
      + state                        = "ENABLED"

      + flexible_time_window {
          + mode = "OFF"
        }

      + target {
          + arn      = (known after apply)
          + input    = jsonencode({})
          + role_arn = (known after apply)
        }
    }

  # aws_scheduler_schedule.worker["relay"] will be created
  + resource "aws_scheduler_schedule" "worker" {
      + action_after_completion      = (known after apply)
      + arn                          = (known after apply)
      + group_name                   = (known after apply)
      + id                           = (known after apply)
      + name                         = "cl-988257-relay"
      + name_prefix                  = (known after apply)
      + region                       = "us-east-1"
      + schedule_expression          = "rate(1 minute)"
      + schedule_expression_timezone = "UTC"
      + state                        = "ENABLED"

      + flexible_time_window {
          + mode = "OFF"
        }

      + target {
          + arn      = (known after apply)
          + input    = jsonencode({})
          + role_arn = (known after apply)
        }
    }

  # aws_security_group.alb will be created
  + resource "aws_security_group" "alb" {
      + arn                    = (known after apply)
      + description            = "Managed by Terraform"
      + egress                 = [
          + {
              + cidr_blocks      = [
                  + "10.42.0.0/16",
                ]
              + from_port        = 8080
              + ipv6_cidr_blocks = []
              + prefix_list_ids  = []
              + protocol         = "tcp"
              + security_groups  = []
              + self             = false
              + to_port          = 8080
                # (1 unchanged attribute hidden)
            },
        ]
      + id                     = (known after apply)
      + ingress                = [
          + {
              + cidr_blocks      = [
                  + "0.0.0.0/0",
                ]
              + from_port        = 80
              + ipv6_cidr_blocks = []
              + prefix_list_ids  = []
              + protocol         = "tcp"
              + security_groups  = []
              + self             = false
              + to_port          = 80
                # (1 unchanged attribute hidden)
            },
        ]
      + name                   = "cl-988257-alb"
      + name_prefix            = (known after apply)
      + owner_id               = (known after apply)
      + region                 = "us-east-1"
      + revoke_rules_on_delete = false
      + tags_all               = {
          + "ClearLedgerDeployment" = "cl-988257"
        }
      + vpc_id                 = (known after apply)
    }

  # aws_security_group.ecs will be created
  + resource "aws_security_group" "ecs" {
      + arn                    = (known after apply)
      + description            = "Managed by Terraform"
      + egress                 = [
          + {
              + cidr_blocks      = [
                  + "0.0.0.0/0",
                ]
              + from_port        = 0
              + ipv6_cidr_blocks = []
              + prefix_list_ids  = []
              + protocol         = "-1"
              + security_groups  = []
              + self             = false
              + to_port          = 0
                # (1 unchanged attribute hidden)
            },
        ]
      + id                     = (known after apply)
      + ingress                = [
          + {
              + cidr_blocks      = []
              + from_port        = 8080
              + ipv6_cidr_blocks = []
              + prefix_list_ids  = []
              + protocol         = "tcp"
              + security_groups  = (known after apply)
              + self             = false
              + to_port          = 8080
                # (1 unchanged attribute hidden)
            },
        ]
      + name                   = "cl-988257-ecs"
      + name_prefix            = (known after apply)
      + owner_id               = (known after apply)
      + region                 = "us-east-1"
      + revoke_rules_on_delete = false
      + tags_all               = {
          + "ClearLedgerDeployment" = "cl-988257"
        }
      + vpc_id                 = (known after apply)
    }

  # aws_security_group.rds will be created
  + resource "aws_security_group" "rds" {
      + arn                    = (known after apply)
      + description            = "Managed by Terraform"
      + egress                 = []
      + id                     = (known after apply)
      + ingress                = [
          + {
              + cidr_blocks      = [
                  + "10.42.0.0/16",
                ]
              + from_port        = 5432
              + ipv6_cidr_blocks = []
              + prefix_list_ids  = []
              + protocol         = "tcp"
              + security_groups  = []
              + self             = false
              + to_port          = 5432
                # (1 unchanged attribute hidden)
            },
        ]
      + name                   = "cl-988257-rds"
      + name_prefix            = (known after apply)
      + owner_id               = (known after apply)
      + region                 = "us-east-1"
      + revoke_rules_on_delete = false
      + tags_all               = {
          + "ClearLedgerDeployment" = "cl-988257"
        }
      + vpc_id                 = (known after apply)
    }

  # aws_security_group.valkey will be created
  + resource "aws_security_group" "valkey" {
      + arn                    = (known after apply)
      + description            = "Managed by Terraform"
      + egress                 = []
      + id                     = (known after apply)
      + ingress                = [
          + {
              + cidr_blocks      = [
                  + "10.42.0.0/16",
                ]
              + from_port        = 6379
              + ipv6_cidr_blocks = []
              + prefix_list_ids  = []
              + protocol         = "tcp"
              + security_groups  = []
              + self             = false
              + to_port          = 6379
                # (1 unchanged attribute hidden)
            },
        ]
      + name                   = "cl-988257-valkey"
      + name_prefix            = (known after apply)
      + owner_id               = (known after apply)
      + region                 = "us-east-1"
      + revoke_rules_on_delete = false
      + tags_all               = {
          + "ClearLedgerDeployment" = "cl-988257"
        }
      + vpc_id                 = (known after apply)
    }

  # aws_sqs_queue.dlq will be created
  + resource "aws_sqs_queue" "dlq" {
      + arn                               = (known after apply)
      + content_based_deduplication       = false
      + deduplication_scope               = (known after apply)
      + delay_seconds                     = 0
      + fifo_queue                        = false
      + fifo_throughput_limit             = (known after apply)
      + id                                = (known after apply)
      + kms_data_key_reuse_period_seconds = (known after apply)
      + kms_master_key_id                 = (known after apply)
      + max_message_size                  = 262144
      + message_retention_seconds         = 1209600
      + name                              = "cl-988257-events-dlq"
      + name_prefix                       = (known after apply)
      + policy                            = (known after apply)
      + receive_wait_time_seconds         = 0
      + redrive_allow_policy              = (known after apply)
      + redrive_policy                    = (known after apply)
      + region                            = "us-east-1"
      + sqs_managed_sse_enabled           = (known after apply)
      + tags_all                          = {
          + "ClearLedgerDeployment" = "cl-988257"
        }
      + url                               = (known after apply)
      + visibility_timeout_seconds        = 30
    }

  # aws_sqs_queue.main will be created
  + resource "aws_sqs_queue" "main" {
      + arn                               = (known after apply)
      + content_based_deduplication       = false
      + deduplication_scope               = (known after apply)
      + delay_seconds                     = 0
      + fifo_queue                        = false
      + fifo_throughput_limit             = (known after apply)
      + id                                = (known after apply)
      + kms_data_key_reuse_period_seconds = (known after apply)
      + kms_master_key_id                 = (known after apply)
      + max_message_size                  = 262144
      + message_retention_seconds         = 172800
      + name                              = "cl-988257-events"
      + name_prefix                       = (known after apply)
      + policy                            = (known after apply)
      + receive_wait_time_seconds         = 2
      + redrive_allow_policy              = (known after apply)
      + redrive_policy                    = (known after apply)
      + region                            = "us-east-1"
      + sqs_managed_sse_enabled           = (known after apply)
      + tags_all                          = {
          + "ClearLedgerDeployment" = "cl-988257"
        }
      + url                               = (known after apply)
      + visibility_timeout_seconds        = 3
    }

  # aws_subnet.private[0] will be created
  + resource "aws_subnet" "private" {
      + arn                                            = (known after apply)
      + assign_ipv6_address_on_creation                = false
      + availability_zone                              = "us-east-1a"
      + availability_zone_id                           = (known after apply)
      + cidr_block                                     = "10.42.10.0/24"
      + enable_dns64                                   = false
      + enable_resource_name_dns_a_record_on_launch    = false
      + enable_resource_name_dns_aaaa_record_on_launch = false
      + id                                             = (known after apply)
      + ipv6_cidr_block                                = (known after apply)
      + ipv6_cidr_block_association_id                 = (known after apply)
      + ipv6_native                                    = false
      + map_public_ip_on_launch                        = false
      + owner_id                                       = (known after apply)
      + private_dns_hostname_type_on_launch            = (known after apply)
      + region                                         = "us-east-1"
      + tags                                           = {
          + "Name" = "cl-988257-private-0"
        }
      + tags_all                                       = {
          + "ClearLedgerDeployment" = "cl-988257"
          + "Name"                  = "cl-988257-private-0"
        }
      + vpc_id                                         = (known after apply)
    }

  # aws_subnet.private[1] will be created
  + resource "aws_subnet" "private" {
      + arn                                            = (known after apply)
      + assign_ipv6_address_on_creation                = false
      + availability_zone                              = "us-east-1b"
      + availability_zone_id                           = (known after apply)
      + cidr_block                                     = "10.42.11.0/24"
      + enable_dns64                                   = false
      + enable_resource_name_dns_a_record_on_launch    = false
      + enable_resource_name_dns_aaaa_record_on_launch = false
      + id                                             = (known after apply)
      + ipv6_cidr_block                                = (known after apply)
      + ipv6_cidr_block_association_id                 = (known after apply)
      + ipv6_native                                    = false
      + map_public_ip_on_launch                        = false
      + owner_id                                       = (known after apply)
      + private_dns_hostname_type_on_launch            = (known after apply)
      + region                                         = "us-east-1"
      + tags                                           = {
          + "Name" = "cl-988257-private-1"
        }
      + tags_all                                       = {
          + "ClearLedgerDeployment" = "cl-988257"
          + "Name"                  = "cl-988257-private-1"
        }
      + vpc_id                                         = (known after apply)
    }

  # aws_subnet.public[0] will be created
  + resource "aws_subnet" "public" {
      + arn                                            = (known after apply)
      + assign_ipv6_address_on_creation                = false
      + availability_zone                              = "us-east-1a"
      + availability_zone_id                           = (known after apply)
      + cidr_block                                     = "10.42.0.0/24"
      + enable_dns64                                   = false
      + enable_resource_name_dns_a_record_on_launch    = false
      + enable_resource_name_dns_aaaa_record_on_launch = false
      + id                                             = (known after apply)
      + ipv6_cidr_block                                = (known after apply)
      + ipv6_cidr_block_association_id                 = (known after apply)
      + ipv6_native                                    = false
      + map_public_ip_on_launch                        = true
      + owner_id                                       = (known after apply)
      + private_dns_hostname_type_on_launch            = (known after apply)
      + region                                         = "us-east-1"
      + tags                                           = {
          + "Name" = "cl-988257-public-0"
        }
      + tags_all                                       = {
          + "ClearLedgerDeployment" = "cl-988257"
          + "Name"                  = "cl-988257-public-0"
        }
      + vpc_id                                         = (known after apply)
    }

  # aws_subnet.public[1] will be created
  + resource "aws_subnet" "public" {
      + arn                                            = (known after apply)
      + assign_ipv6_address_on_creation                = false
      + availability_zone                              = "us-east-1b"
      + availability_zone_id                           = (known after apply)
      + cidr_block                                     = "10.42.1.0/24"
      + enable_dns64                                   = false
      + enable_resource_name_dns_a_record_on_launch    = false
      + enable_resource_name_dns_aaaa_record_on_launch = false
      + id                                             = (known after apply)
      + ipv6_cidr_block                                = (known after apply)
      + ipv6_cidr_block_association_id                 = (known after apply)
      + ipv6_native                                    = false
      + map_public_ip_on_launch                        = true
      + owner_id                                       = (known after apply)
      + private_dns_hostname_type_on_launch            = (known after apply)
      + region                                         = "us-east-1"
      + tags                                           = {
          + "Name" = "cl-988257-public-1"
        }
      + tags_all                                       = {
          + "ClearLedgerDeployment" = "cl-988257"
          + "Name"                  = "cl-988257-public-1"
        }
      + vpc_id                                         = (known after apply)
    }

  # aws_vpc.main will be created
  + resource "aws_vpc" "main" {
      + arn                                  = (known after apply)
      + cidr_block                           = "10.42.0.0/16"
      + default_network_acl_id               = (known after apply)
      + default_route_table_id               = (known after apply)
      + default_security_group_id            = (known after apply)
      + dhcp_options_id                      = (known after apply)
      + enable_dns_hostnames                 = true
      + enable_dns_support                   = true
      + enable_network_address_usage_metrics = (known after apply)
      + id                                   = (known after apply)
      + instance_tenancy                     = "default"
      + ipv6_association_id                  = (known after apply)
      + ipv6_cidr_block                      = (known after apply)
      + ipv6_cidr_block_network_border_group = (known after apply)
      + main_route_table_id                  = (known after apply)
      + owner_id                             = (known after apply)
      + region                               = "us-east-1"
      + tags                                 = {
          + "Name" = "cl-988257-vpc"
        }
      + tags_all                             = {
          + "ClearLedgerDeployment" = "cl-988257"
          + "Name"                  = "cl-988257-vpc"
        }
    }

Plan: 68 to add, 0 to change, 0 to destroy.

Changes to Outputs:
  + manifest = (sensitive value)
aws_cloudwatch_log_group.workload["projector"]: Creating...
aws_cloudwatch_log_group.workload["archiver"]: Creating...
aws_cloudwatch_log_group.workload["api"]: Creating...
aws_cloudwatch_log_group.workload["relay"]: Creating...
aws_kms_key.store["messaging"]: Creating...
aws_kms_key.store["projection"]: Creating...
aws_ecs_cluster.api: Creating...
aws_iam_role.workload["archiver"]: Creating...
aws_cognito_user_pool.auth: Creating...
aws_kms_key.store["audit"]: Creating...
aws_cloudwatch_log_group.workload["relay"]: Creation complete after 0s [id=/clearledger/cl-988257/outbox-relay]
aws_cloudwatch_log_group.workload["archiver"]: Creation complete after 0s [id=/clearledger/cl-988257/audit-archiver]
aws_cloudwatch_log_group.workload["api"]: Creation complete after 0s [id=/clearledger/cl-988257/api]
aws_cloudwatch_log_group.workload["projector"]: Creation complete after 0s [id=/clearledger/cl-988257/projector]
aws_iam_role.workload["archiver"]: Creation complete after 0s [id=cl-988257-archiver]
aws_vpc.main: Creating...
aws_iam_role.workload["ecs_execution"]: Creating...
aws_iam_role.workload["scheduler"]: Creating...
aws_iam_role.workload["relay"]: Creating...
aws_s3_bucket.audit: Creating...
aws_iam_role.workload["ecs_execution"]: Creation complete after 0s [id=cl-988257-ecs_execution]
aws_iam_role.workload["scheduler"]: Creation complete after 0s [id=cl-988257-scheduler]
aws_iam_role.workload["relay"]: Creation complete after 0s [id=cl-988257-relay]
aws_kms_key.store["database"]: Creating...
aws_iam_role.workload["ecs_task"]: Creating...
aws_iam_role.workload["projector"]: Creating...
aws_vpc.main: Creation complete after 0s [id=vpc-74ad254f]
aws_iam_role.workload["ecs_task"]: Creation complete after 0s [id=cl-988257-ecs_task]
aws_lb_target_group.api: Creating...
aws_iam_role.workload["projector"]: Creation complete after 0s [id=cl-988257-projector]
aws_s3_bucket.audit: Creation complete after 0s [id=cl-988257-audit]
aws_route_table.private: Creating...
aws_security_group.valkey: Creating...
aws_security_group.alb: Creating...
aws_lb_target_group.api: Creation complete after 0s [id=arn:aws:elasticloadbalancing:us-east-1:000000000000:targetgroup/cl-988257-api/2fadadab28d5427f]
aws_subnet.private[1]: Creating...
aws_subnet.private[1]: Creation complete after 0s [id=subnet-6d76574a]
aws_subnet.private[0]: Creating...
aws_subnet.private[0]: Creation complete after 0s [id=subnet-da04e9e2]
aws_security_group.rds: Creating...
aws_route_table.private: Creation complete after 0s [id=rtb-b250bd10]
aws_internet_gateway.main: Creating...
aws_internet_gateway.main: Creation complete after 0s [id=igw-d97df3b0]
aws_subnet.public[1]: Creating...
aws_security_group.valkey: Creation complete after 0s [id=sg-d01552d88bf4db739]
aws_security_group.alb: Creation complete after 0s [id=sg-8e66d3ca44f01276b]
aws_subnet.public[0]: Creating...
aws_s3_bucket_versioning.audit: Creating...
aws_security_group.rds: Creation complete after 0s [id=sg-f4fa9a14d26b34423]
aws_s3_bucket_public_access_block.audit: Creating...
aws_s3_bucket_public_access_block.audit: Creation complete after 0s [id=cl-988257-audit]
aws_route_table_association.private[0]: Creating...
aws_route_table_association.private[0]: Creation complete after 0s [id=rtbassoc-1b2b2a16]
aws_route_table_association.private[1]: Creating...
aws_route_table_association.private[1]: Creation complete after 0s [id=rtbassoc-fb6f5fc4]
aws_route_table.public: Creating...
aws_cognito_user_pool.auth: Creation complete after 1s [id=us-east-1_e620e91fc]
aws_security_group.ecs: Creating...
aws_route_table.public: Creation complete after 1s [id=rtb-6d838073]
aws_elasticache_subnet_group.cache: Creating...
aws_elasticache_subnet_group.cache: Creation complete after 0s [id=cl-988257-cache]
aws_db_subnet_group.database: Creating...
aws_db_subnet_group.database: Creation complete after 0s [id=cl-988257-database]
aws_cognito_resource_server.auth: Creating...
aws_cognito_resource_server.auth: Creation complete after 0s [id=us-east-1_e620e91fc|clearledger]
aws_elasticache_replication_group.cache: Creating...
aws_security_group.ecs: Creation complete after 0s [id=sg-9e6238d54e5170a81]
aws_cognito_user_pool_client.auth["read"]: Creating...
aws_cognito_user_pool_client.auth["read"]: Creation complete after 0s [id=3bc118d5fb214597b482f048f7]
aws_cognito_user_pool_client.auth["write"]: Creating...
aws_cognito_user_pool_client.auth["write"]: Creation complete after 0s [id=7a1d0e56c541419aa4b62920dc]
aws_cognito_user_pool_client.auth["admin"]: Creating...
aws_cognito_user_pool_client.auth["admin"]: Creation complete after 0s [id=9876073b9979404cbf0613c06f]
aws_s3_bucket_versioning.audit: Creation complete after 2s [id=cl-988257-audit]
aws_kms_key.store["messaging"]: Creation complete after 8s [id=933fae72-df97-4035-8577-55621cf0f1d8]
aws_kms_key.store["audit"]: Creation complete after 8s [id=037cc3de-43cb-4471-8845-b953ca456545]
aws_kms_key.store["projection"]: Creation complete after 8s [id=85433f05-03ee-4b61-ad01-cc56ebcb9ea2]
aws_sqs_queue.dlq: Creating...
aws_s3_bucket_server_side_encryption_configuration.audit: Creating...
aws_dynamodb_table.projection: Creating...
aws_s3_bucket_server_side_encryption_configuration.audit: Creation complete after 0s [id=cl-988257-audit]
aws_kms_key.store["database"]: Creation complete after 8s [id=2331b8bc-2c4a-4056-bdd0-492ade86e8e7]
aws_kms_alias.store["audit"]: Creating...
aws_kms_alias.store["database"]: Creating...
aws_kms_alias.store["messaging"]: Creating...
aws_kms_alias.store["audit"]: Creation complete after 0s [id=alias/cl-988257-audit]
aws_db_instance.database: Creating...
aws_kms_alias.store["database"]: Creation complete after 0s [id=alias/cl-988257-database]
aws_kms_alias.store["messaging"]: Creation complete after 0s [id=alias/cl-988257-messaging]
aws_kms_alias.store["projection"]: Creating...
aws_kms_alias.store["projection"]: Creation complete after 0s [id=alias/cl-988257-projection]
aws_ecs_cluster.api: Still creating... [10s elapsed]
aws_ecs_cluster.api: Creation complete after 10s [id=arn:aws:ecs:us-east-1:000000000000:cluster/cl-988257-cluster]
aws_subnet.public[1]: Still creating... [10s elapsed]
aws_subnet.public[1]: Creation complete after 10s [id=subnet-37e565b5]
aws_subnet.public[0]: Still creating... [10s elapsed]
aws_subnet.public[0]: Creation complete after 10s [id=subnet-63775ba0]
aws_route_table_association.public[1]: Creating...
aws_route_table_association.public[0]: Creating...
aws_lb.api: Creating...
aws_route_table_association.public[0]: Creation complete after 0s [id=rtbassoc-0e406fc9]
aws_route_table_association.public[1]: Creation complete after 0s [id=rtbassoc-acc945db]
aws_elasticache_replication_group.cache: Still creating... [10s elapsed]
aws_dynamodb_table.projection: Creation complete after 6s [id=cl-988257-projections]
aws_sqs_queue.dlq: Still creating... [10s elapsed]
aws_db_instance.database: Still creating... [10s elapsed]
aws_lb.api: Still creating... [10s elapsed]
aws_elasticache_replication_group.cache: Still creating... [20s elapsed]
aws_sqs_queue.dlq: Still creating... [20s elapsed]
aws_db_instance.database: Still creating... [20s elapsed]
aws_lb.api: Still creating... [20s elapsed]
aws_elasticache_replication_group.cache: Still creating... [30s elapsed]
aws_elasticache_replication_group.cache: Creation complete after 30s [id=cl-988257-cache]
aws_sqs_queue.dlq: Creation complete after 25s [id=http://aws:4566/000000000000/cl-988257-events-dlq]
aws_sqs_queue.main: Creating...
aws_db_instance.database: Still creating... [30s elapsed]
aws_lb.api: Still creating... [30s elapsed]
aws_sqs_queue.main: Still creating... [10s elapsed]
aws_db_instance.database: Still creating... [40s elapsed]
aws_lb.api: Still creating... [40s elapsed]
aws_sqs_queue.main: Still creating... [20s elapsed]
aws_db_instance.database: Still creating... [50s elapsed]
aws_sqs_queue.main: Creation complete after 25s [id=http://aws:4566/000000000000/cl-988257-events]
aws_iam_role_policy.workload["archiver"]: Creating...
aws_iam_role_policy.workload["scheduler"]: Creating...
aws_iam_role_policy.workload["projector"]: Creating...
aws_iam_role_policy.workload["relay"]: Creating...
aws_iam_role_policy.workload["ecs_task"]: Creating...
aws_iam_role_policy.workload["ecs_execution"]: Creating...
aws_iam_role_policy.workload["archiver"]: Creation complete after 0s [id=cl-988257-archiver:cl-988257-archiver-canonical]
aws_iam_role_policy.workload["projector"]: Creation complete after 0s [id=cl-988257-projector:cl-988257-projector-canonical]
aws_iam_role_policy.workload["ecs_execution"]: Creation complete after 0s [id=cl-988257-ecs_execution:cl-988257-ecs_execution-canonical]
aws_iam_role_policy.workload["ecs_task"]: Creation complete after 0s [id=cl-988257-ecs_task:cl-988257-ecs_task-canonical]
aws_iam_role_policy.workload["relay"]: Creation complete after 0s [id=cl-988257-relay:cl-988257-relay-canonical]
aws_iam_role_policy.workload["scheduler"]: Creation complete after 0s [id=cl-988257-scheduler:cl-988257-scheduler-canonical]
aws_lb.api: Still creating... [50s elapsed]
aws_db_instance.database: Still creating... [1m0s elapsed]
aws_lb.api: Still creating... [1m0s elapsed]
aws_lb.api: Creation complete after 1m0s [id=arn:aws:elasticloadbalancing:us-east-1:000000000000:loadbalancer/app/cl-988257-alb/ca27446e93ff4590]
aws_lb_listener.api: Creating...
aws_lb_listener.api: Creation complete after 0s [id=arn:aws:elasticloadbalancing:us-east-1:000000000000:listener/app/cl-988257-alb/ca27446e93ff4590/56f89ed77a83424b]
aws_db_instance.database: Still creating... [1m10s elapsed]
aws_db_instance.database: Still creating... [1m20s elapsed]
aws_db_instance.database: Creation complete after 1m22s [id=db-651DEA9323BA4DACA281D5D6]
aws_ecs_task_definition.api: Creating...
aws_lambda_function.worker["relay"]: Creating...
aws_lambda_function.worker["archiver"]: Creating...
aws_lambda_function.worker["projector"]: Creating...
aws_ecs_task_definition.api: Creation complete after 0s [id=cl-988257-api]
aws_ecs_service.api: Creating...
aws_ecs_service.api: Creation complete after 0s [id=arn:aws:ecs:us-east-1:000000000000:service/cl-988257-cluster/cl-988257-api]
aws_lambda_function.worker["projector"]: Creation complete after 5s [id=cl-988257-projector]
aws_lambda_function.worker["archiver"]: Creation complete after 5s [id=cl-988257-audit-archiver]
aws_lambda_function.worker["relay"]: Creation complete after 5s [id=cl-988257-outbox-relay]
aws_lambda_event_source_mapping.projector: Creating...
aws_scheduler_schedule.worker["relay"]: Creating...
aws_scheduler_schedule.worker["archiver"]: Creating...
aws_scheduler_schedule.worker["archiver"]: Creation complete after 0s [id=default/cl-988257-archiver]
aws_lambda_event_source_mapping.projector: Creation complete after 0s [id=374df6ba-b492-4d2a-923d-edd644cc9235]
aws_scheduler_schedule.worker["relay"]: Creation complete after 0s [id=default/cl-988257-relay]

Warning: Argument is deprecated

  with aws_dynamodb_table.projection,
  on main.tf line 200, in resource "aws_dynamodb_table" "projection":
 200: resource "aws_dynamodb_table" "projection" {

hash_key is deprecated. Use key_schema instead.

(and 5 more similar warnings elsewhere)

Apply complete! Resources: 68 added, 0 changed, 0 destroyed.

Outputs:

manifest = <sensitive>
data.aws_caller_identity.current: Reading...
aws_kms_key.store["audit"]: Refreshing state... [id=037cc3de-43cb-4471-8845-b953ca456545]
aws_kms_key.store["database"]: Refreshing state... [id=2331b8bc-2c4a-4056-bdd0-492ade86e8e7]
aws_ecs_cluster.api: Refreshing state... [id=arn:aws:ecs:us-east-1:000000000000:cluster/cl-988257-cluster]
aws_s3_bucket.audit: Refreshing state... [id=cl-988257-audit]
aws_kms_key.store["messaging"]: Refreshing state... [id=933fae72-df97-4035-8577-55621cf0f1d8]
aws_cognito_user_pool.auth: Refreshing state... [id=us-east-1_e620e91fc]
aws_iam_role.workload["archiver"]: Refreshing state... [id=cl-988257-archiver]
aws_vpc.main: Refreshing state... [id=vpc-74ad254f]
aws_kms_key.store["projection"]: Refreshing state... [id=85433f05-03ee-4b61-ad01-cc56ebcb9ea2]
data.aws_caller_identity.current: Read complete after 0s [id=000000000000]
aws_iam_role.workload["projector"]: Refreshing state... [id=cl-988257-projector]
aws_iam_role.workload["ecs_execution"]: Refreshing state... [id=cl-988257-ecs_execution]
aws_iam_role.workload["scheduler"]: Refreshing state... [id=cl-988257-scheduler]
aws_iam_role.workload["ecs_task"]: Refreshing state... [id=cl-988257-ecs_task]
aws_iam_role.workload["relay"]: Refreshing state... [id=cl-988257-relay]
aws_cloudwatch_log_group.workload["api"]: Refreshing state... [id=/clearledger/cl-988257/api]
aws_cloudwatch_log_group.workload["relay"]: Refreshing state... [id=/clearledger/cl-988257/outbox-relay]
aws_cloudwatch_log_group.workload["projector"]: Refreshing state... [id=/clearledger/cl-988257/projector]
aws_cloudwatch_log_group.workload["archiver"]: Refreshing state... [id=/clearledger/cl-988257/audit-archiver]
aws_sqs_queue.dlq: Refreshing state... [id=http://aws:4566/000000000000/cl-988257-events-dlq]
aws_kms_alias.store["messaging"]: Refreshing state... [id=alias/cl-988257-messaging]
aws_kms_alias.store["projection"]: Refreshing state... [id=alias/cl-988257-projection]
aws_dynamodb_table.projection: Refreshing state... [id=cl-988257-projections]
aws_kms_alias.store["audit"]: Refreshing state... [id=alias/cl-988257-audit]
aws_kms_alias.store["database"]: Refreshing state... [id=alias/cl-988257-database]
aws_cognito_resource_server.auth: Refreshing state... [id=us-east-1_e620e91fc|clearledger]
aws_security_group.valkey: Refreshing state... [id=sg-d01552d88bf4db739]
aws_subnet.private[0]: Refreshing state... [id=subnet-da04e9e2]
aws_internet_gateway.main: Refreshing state... [id=igw-d97df3b0]
aws_lb_target_group.api: Refreshing state... [id=arn:aws:elasticloadbalancing:us-east-1:000000000000:targetgroup/cl-988257-api/2fadadab28d5427f]
aws_subnet.private[1]: Refreshing state... [id=subnet-6d76574a]
aws_security_group.alb: Refreshing state... [id=sg-8e66d3ca44f01276b]
aws_route_table.private: Refreshing state... [id=rtb-b250bd10]
aws_security_group.rds: Refreshing state... [id=sg-f4fa9a14d26b34423]
aws_subnet.public[1]: Refreshing state... [id=subnet-37e565b5]
aws_subnet.public[0]: Refreshing state... [id=subnet-63775ba0]
aws_s3_bucket_server_side_encryption_configuration.audit: Refreshing state... [id=cl-988257-audit]
aws_s3_bucket_versioning.audit: Refreshing state... [id=cl-988257-audit]
aws_s3_bucket_public_access_block.audit: Refreshing state... [id=cl-988257-audit]
aws_sqs_queue.main: Refreshing state... [id=http://aws:4566/000000000000/cl-988257-events]
aws_cognito_user_pool_client.auth["read"]: Refreshing state... [id=3bc118d5fb214597b482f048f7]
aws_cognito_user_pool_client.auth["admin"]: Refreshing state... [id=9876073b9979404cbf0613c06f]
aws_cognito_user_pool_client.auth["write"]: Refreshing state... [id=7a1d0e56c541419aa4b62920dc]
aws_route_table.public: Refreshing state... [id=rtb-6d838073]
aws_route_table_association.private[1]: Refreshing state... [id=rtbassoc-fb6f5fc4]
aws_route_table_association.private[0]: Refreshing state... [id=rtbassoc-1b2b2a16]
aws_db_subnet_group.database: Refreshing state... [id=cl-988257-database]
aws_security_group.ecs: Refreshing state... [id=sg-9e6238d54e5170a81]
aws_elasticache_subnet_group.cache: Refreshing state... [id=cl-988257-cache]
aws_lb.api: Refreshing state... [id=arn:aws:elasticloadbalancing:us-east-1:000000000000:loadbalancer/app/cl-988257-alb/ca27446e93ff4590]
aws_route_table_association.public[0]: Refreshing state... [id=rtbassoc-0e406fc9]
aws_route_table_association.public[1]: Refreshing state... [id=rtbassoc-acc945db]
aws_iam_role_policy.workload["projector"]: Refreshing state... [id=cl-988257-projector:cl-988257-projector-canonical]
aws_iam_role_policy.workload["archiver"]: Refreshing state... [id=cl-988257-archiver:cl-988257-archiver-canonical]
aws_db_instance.database: Refreshing state... [id=db-651DEA9323BA4DACA281D5D6]
aws_iam_role_policy.workload["relay"]: Refreshing state... [id=cl-988257-relay:cl-988257-relay-canonical]
aws_iam_role_policy.workload["ecs_execution"]: Refreshing state... [id=cl-988257-ecs_execution:cl-988257-ecs_execution-canonical]
aws_elasticache_replication_group.cache: Refreshing state... [id=cl-988257-cache]
aws_iam_role_policy.workload["scheduler"]: Refreshing state... [id=cl-988257-scheduler:cl-988257-scheduler-canonical]
aws_iam_role_policy.workload["ecs_task"]: Refreshing state... [id=cl-988257-ecs_task:cl-988257-ecs_task-canonical]
aws_lb_listener.api: Refreshing state... [id=arn:aws:elasticloadbalancing:us-east-1:000000000000:listener/app/cl-988257-alb/ca27446e93ff4590/56f89ed77a83424b]
aws_ecs_task_definition.api: Refreshing state... [id=cl-988257-api]
aws_lambda_function.worker["archiver"]: Refreshing state... [id=cl-988257-audit-archiver]
aws_lambda_function.worker["projector"]: Refreshing state... [id=cl-988257-projector]
aws_lambda_function.worker["relay"]: Refreshing state... [id=cl-988257-outbox-relay]
aws_ecs_service.api: Refreshing state... [id=arn:aws:ecs:us-east-1:000000000000:service/cl-988257-cluster/cl-988257-api]
aws_lambda_event_source_mapping.projector: Refreshing state... [id=374df6ba-b492-4d2a-923d-edd644cc9235]
aws_scheduler_schedule.worker["archiver"]: Refreshing state... [id=default/cl-988257-archiver]
aws_scheduler_schedule.worker["relay"]: Refreshing state... [id=default/cl-988257-relay]

Terraform used the selected providers to generate the following execution
plan. Resource actions are indicated with the following symbols:
  ~ update in-place

Terraform will perform the following actions:

  # aws_ecs_task_definition.api will be updated in-place
  ~ resource "aws_ecs_task_definition" "api" {
        id                       = "cl-988257-api"
        tags                     = {}
      ~ tags_all                 = {
          + "ClearLedgerDeployment" = "cl-988257"
        }
        # (17 unchanged attributes hidden)
    }

  # aws_elasticache_replication_group.cache will be updated in-place
  ~ resource "aws_elasticache_replication_group" "cache" {
        id                             = "cl-988257-cache"
      ~ security_group_ids             = [
          + "sg-d01552d88bf4db739",
        ]
        tags                           = {}
        # (36 unchanged attributes hidden)

        # (1 unchanged block hidden)
    }

  # aws_lambda_event_source_mapping.projector will be updated in-place
  ~ resource "aws_lambda_event_source_mapping" "projector" {
        id                                 = "374df6ba-b492-4d2a-923d-edd644cc9235"
        tags                               = {}
      ~ tags_all                           = {
          + "ClearLedgerDeployment" = "cl-988257"
        }
        # (24 unchanged attributes hidden)
    }

  # aws_security_group.alb will be updated in-place
  ~ resource "aws_security_group" "alb" {
      ~ egress                 = [
          - {
              - cidr_blocks      = [
                  - "0.0.0.0/0",
                ]
              - from_port        = 0
              - ipv6_cidr_blocks = []
              - prefix_list_ids  = []
              - protocol         = "-1"
              - security_groups  = []
              - self             = false
              - to_port          = 0
                # (1 unchanged attribute hidden)
            },
          - {
              - cidr_blocks      = [
                  - "10.42.0.0/16",
                ]
              - from_port        = 8080
              - ipv6_cidr_blocks = []
              - prefix_list_ids  = []
              - protocol         = "tcp"
              - security_groups  = []
              - self             = false
              - to_port          = 8080
                # (1 unchanged attribute hidden)
            },
          + {
              + cidr_blocks      = [
                  + "10.42.0.0/16",
                ]
              + from_port        = 8080
              + ipv6_cidr_blocks = []
              + prefix_list_ids  = []
              + protocol         = "tcp"
              + security_groups  = []
              + self             = false
              + to_port          = 8080
            },
        ]
        id                     = "sg-8e66d3ca44f01276b"
        name                   = "cl-988257-alb"
        tags                   = {}
        # (9 unchanged attributes hidden)
    }

  # aws_security_group.rds will be updated in-place
  ~ resource "aws_security_group" "rds" {
      ~ egress                 = [
          - {
              - cidr_blocks      = [
                  - "0.0.0.0/0",
                ]
              - from_port        = 0
              - ipv6_cidr_blocks = []
              - prefix_list_ids  = []
              - protocol         = "-1"
              - security_groups  = []
              - self             = false
              - to_port          = 0
                # (1 unchanged attribute hidden)
            },
        ]
        id                     = "sg-f4fa9a14d26b34423"
        name                   = "cl-988257-rds"
        tags                   = {}
        # (9 unchanged attributes hidden)
    }

  # aws_security_group.valkey will be updated in-place
  ~ resource "aws_security_group" "valkey" {
      ~ egress                 = [
          - {
              - cidr_blocks      = [
                  - "0.0.0.0/0",
                ]
              - from_port        = 0
              - ipv6_cidr_blocks = []
              - prefix_list_ids  = []
              - protocol         = "-1"
              - security_groups  = []
              - self             = false
              - to_port          = 0
                # (1 unchanged attribute hidden)
            },
        ]
        id                     = "sg-d01552d88bf4db739"
        name                   = "cl-988257-valkey"
        tags                   = {}
        # (9 unchanged attributes hidden)
    }

Plan: 0 to add, 6 to change, 0 to destroy.
aws_security_group.rds: Modifying... [id=sg-f4fa9a14d26b34423]
aws_security_group.alb: Modifying... [id=sg-8e66d3ca44f01276b]
aws_security_group.valkey: Modifying... [id=sg-d01552d88bf4db739]
aws_security_group.rds: Modifications complete after 0s [id=sg-f4fa9a14d26b34423]
aws_security_group.valkey: Modifications complete after 0s [id=sg-d01552d88bf4db739]
aws_security_group.alb: Modifications complete after 0s [id=sg-8e66d3ca44f01276b]
aws_elasticache_replication_group.cache: Modifying... [id=cl-988257-cache]
aws_elasticache_replication_group.cache: Modifications complete after 0s [id=cl-988257-cache]
aws_lambda_event_source_mapping.projector: Modifying... [id=374df6ba-b492-4d2a-923d-edd644cc9235]
aws_ecs_task_definition.api: Modifying... [id=cl-988257-api]
aws_lambda_event_source_mapping.projector: Modifications complete after 0s [id=374df6ba-b492-4d2a-923d-edd644cc9235]
aws_ecs_task_definition.api: Modifications complete after 0s [id=cl-988257-api]

Warnings:

- Argument is deprecated
  on main.tf line 200 (and 3 more)

To see the full warning notes, run Terraform without -compact-warnings.

Apply complete! Resources: 0 added, 6 changed, 0 destroyed.

Outputs:

manifest = <sensitive>
Reconciled 0 settlements and 0 committed events.
ClearLedger deployed; control plane and derived stores reconciled.
