Initializing the backend...
Initializing provider plugins...
- Reusing previous version of hashicorp/aws from the dependency lock file
- Using previously-installed hashicorp/aws v6.51.0

Terraform has been successfully initialized!
aws_cloudwatch_log_group.logs["projector"]: Refreshing state... [id=/clearledger/cl-365ded/projector]
aws_vpc.main: Refreshing state... [id=vpc-1a018021]
aws_kms_key.keys["database"]: Refreshing state... [id=072b2cc1-9180-4294-9202-dd7d9b2e3df6]
aws_cloudwatch_log_group.logs["archiver"]: Refreshing state... [id=/clearledger/cl-365ded/audit-archiver]
aws_cognito_user_pool.pool: Refreshing state... [id=us-east-1_26a0baf1f]
aws_kms_key.keys["audit"]: Refreshing state... [id=4315e0a3-0e84-4639-84e3-5f97c10f638c]
aws_ecs_cluster.api: Refreshing state... [id=arn:aws:ecs:us-east-1:000000000000:cluster/cl-365ded-cluster]
aws_kms_key.keys["messaging"]: Refreshing state... [id=c0276d5e-d53e-4168-bf94-07d651f6c451]
aws_kms_key.keys["projection"]: Refreshing state... [id=9166e9e4-8819-4b79-b205-4f68678e2428]
aws_s3_bucket.audit: Refreshing state... [id=cl-365ded-audit]
aws_cloudwatch_log_group.logs["relay"]: Refreshing state... [id=/clearledger/cl-365ded/outbox-relay]
aws_cloudwatch_log_group.logs["api"]: Refreshing state... [id=/clearledger/cl-365ded/api]
aws_iam_role.roles["relay"]: Refreshing state... [id=cl-365ded-relay]
aws_iam_role.roles["ecs_execution"]: Refreshing state... [id=cl-365ded-ecs_execution]
aws_iam_role.roles["ecs_task"]: Refreshing state... [id=cl-365ded-ecs_task]
aws_iam_role.roles["archiver"]: Refreshing state... [id=cl-365ded-archiver]
aws_iam_role.roles["scheduler"]: Refreshing state... [id=cl-365ded-scheduler]
aws_iam_role.roles["projector"]: Refreshing state... [id=cl-365ded-projector]
aws_sqs_queue.dlq: Refreshing state... [id=http://aws:4566/000000000000/cl-365ded-dlq]
aws_kms_alias.keys["audit"]: Refreshing state... [id=alias/cl-365ded-audit]
aws_kms_alias.keys["database"]: Refreshing state... [id=alias/cl-365ded-database]
aws_dynamodb_table.projection: Refreshing state... [id=cl-365ded-projections]
aws_kms_alias.keys["messaging"]: Refreshing state... [id=alias/cl-365ded-messaging]
aws_kms_alias.keys["projection"]: Refreshing state... [id=alias/cl-365ded-projection]
aws_cognito_resource_server.scopes: Refreshing state... [id=us-east-1_26a0baf1f|clearledger]
aws_internet_gateway.main: Refreshing state... [id=igw-03a5e90e]
aws_route_table.private: Refreshing state... [id=rtb-9b075ebd]
aws_security_group.valkey: Refreshing state... [id=sg-173e4b2b789ba6fa3]
aws_security_group.rds: Refreshing state... [id=sg-867170dc3becc50cb]
aws_subnet.private[1]: Refreshing state... [id=subnet-68fc8d2a]
aws_subnet.public[1]: Refreshing state... [id=subnet-34f7e127]
aws_subnet.private[0]: Refreshing state... [id=subnet-5a16ac8d]
aws_subnet.public[0]: Refreshing state... [id=subnet-2957db48]
aws_security_group.alb: Refreshing state... [id=sg-dec5199a614e41aa5]
aws_sqs_queue.main: Refreshing state... [id=http://aws:4566/000000000000/cl-365ded-events]
aws_lb_target_group.api: Refreshing state... [id=arn:aws:elasticloadbalancing:us-east-1:000000000000:targetgroup/cl-365ded-api/67d2eab07431404e]
aws_s3_bucket_server_side_encryption_configuration.audit: Refreshing state... [id=cl-365ded-audit]
aws_s3_bucket_public_access_block.audit: Refreshing state... [id=cl-365ded-audit]
aws_s3_bucket_versioning.audit: Refreshing state... [id=cl-365ded-audit]
aws_cognito_user_pool_client.clients["write"]: Refreshing state... [id=5071172ec8ed4297a89b167bb3]
aws_route_table.public: Refreshing state... [id=rtb-a636d7b7]
aws_cognito_user_pool_client.clients["read"]: Refreshing state... [id=0165804df30a486387d199773b]
aws_cognito_user_pool_client.clients["admin"]: Refreshing state... [id=40cd2ff1ab344a72b59ca05faa]
aws_route_table_association.private[0]: Refreshing state... [id=rtbassoc-2073f90b]
aws_elasticache_subnet_group.cache: Refreshing state... [id=cl-365ded-cache]
aws_security_group.ecs: Refreshing state... [id=sg-c435ac5a829c90bed]
aws_route_table_association.private[1]: Refreshing state... [id=rtbassoc-167fff88]
aws_db_subnet_group.db: Refreshing state... [id=cl-365ded-db]
aws_lb.api: Refreshing state... [id=arn:aws:elasticloadbalancing:us-east-1:000000000000:loadbalancer/app/cl-365ded-api/de4117c9e6524b51]
aws_route_table_association.public[0]: Refreshing state... [id=rtbassoc-46a88b6b]
aws_elasticache_replication_group.cache: Refreshing state... [id=cl-365ded-valkey]
aws_db_instance.db: Refreshing state... [id=db-083C4AF6DE1C4B0E99CDD42E]
aws_route_table_association.public[1]: Refreshing state... [id=rtbassoc-daf2ebd5]
aws_lb_listener.api: Refreshing state... [id=arn:aws:elasticloadbalancing:us-east-1:000000000000:listener/app/cl-365ded-api/de4117c9e6524b51/03b13c9abb794d9f]
aws_ecs_task_definition.api: Refreshing state... [id=cl-365ded-api]
aws_lambda_function.workers["archiver"]: Refreshing state... [id=cl-365ded-archiver]
aws_lambda_function.workers["relay"]: Refreshing state... [id=cl-365ded-relay]
aws_lambda_function.workers["projector"]: Refreshing state... [id=cl-365ded-projector]
aws_iam_role_policy.canonical["ecs_execution"]: Refreshing state... [id=cl-365ded-ecs_execution:cl-365ded-ecs_execution-canonical]
aws_iam_role_policy.canonical["projector"]: Refreshing state... [id=cl-365ded-projector:cl-365ded-projector-canonical]
aws_iam_role_policy.canonical["archiver"]: Refreshing state... [id=cl-365ded-archiver:cl-365ded-archiver-canonical]
aws_iam_role_policy.canonical["relay"]: Refreshing state... [id=cl-365ded-relay:cl-365ded-relay-canonical]
aws_iam_role_policy.canonical["scheduler"]: Refreshing state... [id=cl-365ded-scheduler:cl-365ded-scheduler-canonical]
aws_iam_role_policy.canonical["ecs_task"]: Refreshing state... [id=cl-365ded-ecs_task:cl-365ded-ecs_task-canonical]
aws_lambda_event_source_mapping.projector: Refreshing state... [id=7cf5d1fa-e848-4c44-b9ff-c6a875be415f]
aws_scheduler_schedule.workers["relay"]: Refreshing state... [id=default/cl-365ded-relay]
aws_scheduler_schedule.workers["archiver"]: Refreshing state... [id=default/cl-365ded-archiver]
aws_ecs_service.api: Refreshing state... [id=arn:aws:ecs:us-east-1:000000000000:service/cl-365ded-cluster/cl-365ded-api]

Terraform used the selected providers to generate the following execution
plan. Resource actions are indicated with the following symbols:
  - destroy

Terraform will perform the following actions:

  # aws_cloudwatch_log_group.logs["api"] will be destroyed
  - resource "aws_cloudwatch_log_group" "logs" {
      - arn                         = "arn:aws:logs:us-east-1:000000000000:log-group:/clearledger/cl-365ded/api" -> null
      - deletion_protection_enabled = false -> null
      - id                          = "/clearledger/cl-365ded/api" -> null
      - name                        = "/clearledger/cl-365ded/api" -> null
      - region                      = "us-east-1" -> null
      - retention_in_days           = 14 -> null
      - skip_destroy                = false -> null
      - tags                        = {} -> null
      - tags_all                    = {
          - "ClearLedgerDeployment" = "cl-365ded"
        } -> null
        # (3 unchanged attributes hidden)
    }

  # aws_cloudwatch_log_group.logs["archiver"] will be destroyed
  - resource "aws_cloudwatch_log_group" "logs" {
      - arn                         = "arn:aws:logs:us-east-1:000000000000:log-group:/clearledger/cl-365ded/audit-archiver" -> null
      - deletion_protection_enabled = false -> null
      - id                          = "/clearledger/cl-365ded/audit-archiver" -> null
      - name                        = "/clearledger/cl-365ded/audit-archiver" -> null
      - region                      = "us-east-1" -> null
      - retention_in_days           = 14 -> null
      - skip_destroy                = false -> null
      - tags                        = {} -> null
      - tags_all                    = {
          - "ClearLedgerDeployment" = "cl-365ded"
        } -> null
        # (3 unchanged attributes hidden)
    }

  # aws_cloudwatch_log_group.logs["projector"] will be destroyed
  - resource "aws_cloudwatch_log_group" "logs" {
      - arn                         = "arn:aws:logs:us-east-1:000000000000:log-group:/clearledger/cl-365ded/projector" -> null
      - deletion_protection_enabled = false -> null
      - id                          = "/clearledger/cl-365ded/projector" -> null
      - name                        = "/clearledger/cl-365ded/projector" -> null
      - region                      = "us-east-1" -> null
      - retention_in_days           = 14 -> null
      - skip_destroy                = false -> null
      - tags                        = {} -> null
      - tags_all                    = {
          - "ClearLedgerDeployment" = "cl-365ded"
        } -> null
        # (3 unchanged attributes hidden)
    }

  # aws_cloudwatch_log_group.logs["relay"] will be destroyed
  - resource "aws_cloudwatch_log_group" "logs" {
      - arn                         = "arn:aws:logs:us-east-1:000000000000:log-group:/clearledger/cl-365ded/outbox-relay" -> null
      - deletion_protection_enabled = false -> null
      - id                          = "/clearledger/cl-365ded/outbox-relay" -> null
      - name                        = "/clearledger/cl-365ded/outbox-relay" -> null
      - region                      = "us-east-1" -> null
      - retention_in_days           = 14 -> null
      - skip_destroy                = false -> null
      - tags                        = {} -> null
      - tags_all                    = {
          - "ClearLedgerDeployment" = "cl-365ded"
        } -> null
        # (3 unchanged attributes hidden)
    }

  # aws_cognito_resource_server.scopes will be destroyed
  - resource "aws_cognito_resource_server" "scopes" {
      - id                = "us-east-1_26a0baf1f|clearledger" -> null
      - identifier        = "clearledger" -> null
      - name              = "cl-365ded-scopes" -> null
      - region            = "us-east-1" -> null
      - scope_identifiers = [
          - "clearledger/write",
          - "clearledger/read",
          - "clearledger/admin",
        ] -> null
      - user_pool_id      = "us-east-1_26a0baf1f" -> null

      - scope {
          - scope_description = "ClearLedger admin" -> null
          - scope_name        = "admin" -> null
        }
      - scope {
          - scope_description = "ClearLedger read" -> null
          - scope_name        = "read" -> null
        }
      - scope {
          - scope_description = "ClearLedger write" -> null
          - scope_name        = "write" -> null
        }
    }

  # aws_cognito_user_pool.pool will be destroyed
  - resource "aws_cognito_user_pool" "pool" {
      - alias_attributes           = [] -> null
      - arn                        = "arn:aws:cognito-idp:us-east-1:000000000000:userpool/us-east-1_26a0baf1f" -> null
      - auto_verified_attributes   = [] -> null
      - creation_date              = "2026-10-10T08:52:26Z" -> null
      - deletion_protection        = "INACTIVE" -> null
      - endpoint                   = "cognito-idp.us-east-1.amazonaws.com/us-east-1_26a0baf1f" -> null
      - estimated_number_of_users  = 0 -> null
      - id                         = "us-east-1_26a0baf1f" -> null
      - last_modified_date         = "2026-10-10T08:52:26Z" -> null
      - mfa_configuration          = "OFF" -> null
      - name                       = "cl-365ded-auth" -> null
      - region                     = "us-east-1" -> null
      - tags                       = {} -> null
      - tags_all                   = {
          - "ClearLedgerDeployment" = "cl-365ded"
        } -> null
      - user_pool_tier             = "ESSENTIALS" -> null
      - username_attributes        = [] -> null
        # (6 unchanged attributes hidden)

      - admin_create_user_config {
          - allow_admin_create_user_only = false -> null
        }

      - email_configuration {
          - email_sending_account  = "COGNITO_DEFAULT" -> null
            # (4 unchanged attributes hidden)
        }

      - sms_configuration {}

      - username_configuration {
          - case_sensitive = false -> null
        }

      - verification_message_template {
            # (6 unchanged attributes hidden)
        }
    }

  # aws_cognito_user_pool_client.clients["admin"] will be destroyed
  - resource "aws_cognito_user_pool_client" "clients" {
      - access_token_validity                = 0 -> null
      - allowed_oauth_flows                  = [
          - "client_credentials",
        ] -> null
      - allowed_oauth_flows_user_pool_client = true -> null
      - allowed_oauth_scopes                 = [
          - "clearledger/admin",
        ] -> null
      - callback_urls                        = [] -> null
      - client_secret                        = (sensitive value) -> null
      - enable_token_revocation              = true -> null
      - explicit_auth_flows                  = [] -> null
      - generate_secret                      = true -> null
      - id                                   = "40cd2ff1ab344a72b59ca05faa" -> null
      - id_token_validity                    = 0 -> null
      - logout_urls                          = [] -> null
      - name                                 = "cl-365ded-admin" -> null
      - read_attributes                      = [] -> null
      - refresh_token_validity               = 0 -> null
      - region                               = "us-east-1" -> null
      - supported_identity_providers         = [
          - "COGNITO",
        ] -> null
      - user_pool_id                         = "us-east-1_26a0baf1f" -> null
      - write_attributes                     = [] -> null
        # (2 unchanged attributes hidden)
    }

  # aws_cognito_user_pool_client.clients["read"] will be destroyed
  - resource "aws_cognito_user_pool_client" "clients" {
      - access_token_validity                = 0 -> null
      - allowed_oauth_flows                  = [
          - "client_credentials",
        ] -> null
      - allowed_oauth_flows_user_pool_client = true -> null
      - allowed_oauth_scopes                 = [
          - "clearledger/read",
        ] -> null
      - callback_urls                        = [] -> null
      - client_secret                        = (sensitive value) -> null
      - enable_token_revocation              = true -> null
      - explicit_auth_flows                  = [] -> null
      - generate_secret                      = true -> null
      - id                                   = "0165804df30a486387d199773b" -> null
      - id_token_validity                    = 0 -> null
      - logout_urls                          = [] -> null
      - name                                 = "cl-365ded-read" -> null
      - read_attributes                      = [] -> null
      - refresh_token_validity               = 0 -> null
      - region                               = "us-east-1" -> null
      - supported_identity_providers         = [
          - "COGNITO",
        ] -> null
      - user_pool_id                         = "us-east-1_26a0baf1f" -> null
      - write_attributes                     = [] -> null
        # (2 unchanged attributes hidden)
    }

  # aws_cognito_user_pool_client.clients["write"] will be destroyed
  - resource "aws_cognito_user_pool_client" "clients" {
      - access_token_validity                = 0 -> null
      - allowed_oauth_flows                  = [
          - "client_credentials",
        ] -> null
      - allowed_oauth_flows_user_pool_client = true -> null
      - allowed_oauth_scopes                 = [
          - "clearledger/write",
        ] -> null
      - callback_urls                        = [] -> null
      - client_secret                        = (sensitive value) -> null
      - enable_token_revocation              = true -> null
      - explicit_auth_flows                  = [] -> null
      - generate_secret                      = true -> null
      - id                                   = "5071172ec8ed4297a89b167bb3" -> null
      - id_token_validity                    = 0 -> null
      - logout_urls                          = [] -> null
      - name                                 = "cl-365ded-write" -> null
      - read_attributes                      = [] -> null
      - refresh_token_validity               = 0 -> null
      - region                               = "us-east-1" -> null
      - supported_identity_providers         = [
          - "COGNITO",
        ] -> null
      - user_pool_id                         = "us-east-1_26a0baf1f" -> null
      - write_attributes                     = [] -> null
        # (2 unchanged attributes hidden)
    }

  # aws_db_instance.db will be destroyed
  - resource "aws_db_instance" "db" {
      - address                               = "aws" -> null
      - allocated_storage                     = 20 -> null
      - apply_immediately                     = true -> null
      - arn                                   = "arn:aws:rds:us-east-1:000000000000:db:cl-365ded-postgres" -> null
      - auto_minor_version_upgrade            = true -> null
      - availability_zone                     = "us-east-1a" -> null
      - backup_retention_period               = 0 -> null
      - backup_window                         = "04:00-06:00" -> null
      - copy_tags_to_snapshot                 = false -> null
      - customer_owned_ip_enabled             = false -> null
      - db_name                               = "clearledger" -> null
      - db_subnet_group_name                  = "cl-365ded-db" -> null
      - dedicated_log_volume                  = false -> null
      - delete_automated_backups              = true -> null
      - deletion_protection                   = false -> null
      - domain_dns_ips                        = [] -> null
      - enabled_cloudwatch_logs_exports       = [] -> null
      - endpoint                              = "aws:7001" -> null
      - engine                                = "postgres" -> null
      - engine_version                        = "16.3" -> null
      - engine_version_actual                 = "16.3" -> null
      - iam_database_authentication_enabled   = false -> null
      - id                                    = "db-083C4AF6DE1C4B0E99CDD42E" -> null
      - identifier                            = "cl-365ded-postgres" -> null
      - instance_class                        = "db.t4g.micro" -> null
      - iops                                  = 0 -> null
      - kms_key_id                            = "arn:aws:kms:us-east-1:000000000000:key/072b2cc1-9180-4294-9202-dd7d9b2e3df6" -> null
      - listener_endpoint                     = [] -> null
      - maintenance_window                    = "mon:00:00-mon:03:00" -> null
      - master_user_secret                    = [] -> null
      - max_allocated_storage                 = 0 -> null
      - monitoring_interval                   = 0 -> null
      - multi_az                              = false -> null
      - option_group_name                     = "default:postgres-16" -> null
      - parameter_group_name                  = "default.postgres16" -> null
      - password                              = (sensitive value) -> null
      - performance_insights_enabled          = false -> null
      - performance_insights_retention_period = 0 -> null
      - port                                  = 7001 -> null
      - publicly_accessible                   = false -> null
      - region                                = "us-east-1" -> null
      - replicas                              = [] -> null
      - resource_id                           = "db-083C4AF6DE1C4B0E99CDD42E" -> null
      - skip_final_snapshot                   = true -> null
      - status                                = "available" -> null
      - storage_encrypted                     = true -> null
      - storage_throughput                    = 0 -> null
      - storage_type                          = "gp2" -> null
      - tags                                  = {} -> null
      - tags_all                              = {
          - "ClearLedgerDeployment" = "cl-365ded"
        } -> null
      - username                              = "clearledger" -> null
      - vpc_security_group_ids                = [
          - "sg-867170dc3becc50cb",
        ] -> null
        # (23 unchanged attributes hidden)
    }

  # aws_db_subnet_group.db will be destroyed
  - resource "aws_db_subnet_group" "db" {
      - arn                     = "arn:aws:rds:us-east-1:000000000000:subgrp:cl-365ded-db" -> null
      - description             = "Managed by Terraform" -> null
      - id                      = "cl-365ded-db" -> null
      - name                    = "cl-365ded-db" -> null
      - region                  = "us-east-1" -> null
      - subnet_ids              = [
          - "subnet-5a16ac8d",
          - "subnet-68fc8d2a",
        ] -> null
      - supported_network_types = [] -> null
      - tags                    = {} -> null
      - tags_all                = {
          - "ClearLedgerDeployment" = "cl-365ded"
        } -> null
      - vpc_id                  = "vpc-1a018021" -> null
        # (1 unchanged attribute hidden)
    }

  # aws_dynamodb_table.projection will be destroyed
  - resource "aws_dynamodb_table" "projection" {
      - arn                         = "arn:aws:dynamodb:us-east-1:000000000000:table/cl-365ded-projections" -> null
      - billing_mode                = "PAY_PER_REQUEST" -> null
      - deletion_protection_enabled = false -> null
      - hash_key                    = "PK" -> null
      - id                          = "cl-365ded-projections" -> null
      - name                        = "cl-365ded-projections" -> null
      - range_key                   = "SK" -> null
      - read_capacity               = 0 -> null
      - region                      = "us-east-1" -> null
      - stream_enabled              = false -> null
      - table_class                 = "STANDARD" -> null
      - tags                        = {} -> null
      - tags_all                    = {
          - "ClearLedgerDeployment" = "cl-365ded"
        } -> null
      - write_capacity              = 0 -> null
        # (3 unchanged attributes hidden)

      - attribute {
          - name = "GSI1PK" -> null
          - type = "S" -> null
        }
      - attribute {
          - name = "GSI1SK" -> null
          - type = "S" -> null
        }
      - attribute {
          - name = "PK" -> null
          - type = "S" -> null
        }
      - attribute {
          - name = "SK" -> null
          - type = "S" -> null
        }

      - global_secondary_index {
          - hash_key           = "GSI1PK" -> null
          - name               = "AccountIndex" -> null
          - non_key_attributes = [] -> null
          - projection_type    = "ALL" -> null
          - range_key          = "GSI1SK" -> null
          - read_capacity      = 0 -> null
          - write_capacity     = 0 -> null

          - key_schema {
              - attribute_name = "GSI1PK" -> null
              - key_type       = "HASH" -> null
            }
          - key_schema {
              - attribute_name = "GSI1SK" -> null
              - key_type       = "RANGE" -> null
            }
        }

      - point_in_time_recovery {
          - enabled                 = true -> null
          - recovery_period_in_days = 35 -> null
        }

      - server_side_encryption {
          - enabled     = true -> null
          - kms_key_arn = "arn:aws:kms:us-east-1:000000000000:key/9166e9e4-8819-4b79-b205-4f68678e2428" -> null
        }

      - ttl {
          - enabled        = false -> null
            # (1 unchanged attribute hidden)
        }
    }

  # aws_ecs_cluster.api will be destroyed
  - resource "aws_ecs_cluster" "api" {
      - arn      = "arn:aws:ecs:us-east-1:000000000000:cluster/cl-365ded-cluster" -> null
      - id       = "arn:aws:ecs:us-east-1:000000000000:cluster/cl-365ded-cluster" -> null
      - name     = "cl-365ded-cluster" -> null
      - region   = "us-east-1" -> null
      - tags     = {} -> null
      - tags_all = {
          - "ClearLedgerDeployment" = "cl-365ded"
        } -> null

      - setting {
          - name  = "containerInsights" -> null
          - value = "enabled" -> null
        }
    }

  # aws_ecs_service.api will be destroyed
  - resource "aws_ecs_service" "api" {
      - arn                                = "arn:aws:ecs:us-east-1:000000000000:service/cl-365ded-cluster/cl-365ded-api" -> null
      - availability_zone_rebalancing      = "ENABLED" -> null
      - cluster                            = "arn:aws:ecs:us-east-1:000000000000:cluster/cl-365ded-cluster" -> null
      - deployment_maximum_percent         = 200 -> null
      - deployment_minimum_healthy_percent = 100 -> null
      - desired_count                      = 2 -> null
      - enable_ecs_managed_tags            = false -> null
      - enable_execute_command             = false -> null
      - health_check_grace_period_seconds  = 0 -> null
      - id                                 = "arn:aws:ecs:us-east-1:000000000000:service/cl-365ded-cluster/cl-365ded-api" -> null
      - launch_type                        = "FARGATE" -> null
      - name                               = "cl-365ded-api" -> null
      - region                             = "us-east-1" -> null
      - scheduling_strategy                = "REPLICA" -> null
      - tags                               = {} -> null
      - tags_all                           = {
          - "ClearLedgerDeployment" = "cl-365ded"
        } -> null
      - task_definition                    = "arn:aws:ecs:us-east-1:000000000000:task-definition/cl-365ded-api:2" -> null
      - triggers                           = {} -> null
      - wait_for_steady_state              = false -> null
        # (2 unchanged attributes hidden)

      - deployment_controller {
          - type = "ECS" -> null
        }

      - load_balancer {
          - container_name   = "api" -> null
          - container_port   = 8080 -> null
          - target_group_arn = "arn:aws:elasticloadbalancing:us-east-1:000000000000:targetgroup/cl-365ded-api/67d2eab07431404e" -> null
            # (1 unchanged attribute hidden)
        }

      - network_configuration {
          - assign_public_ip = false -> null
          - security_groups  = [
              - "sg-c435ac5a829c90bed",
            ] -> null
          - subnets          = [
              - "subnet-5a16ac8d",
              - "subnet-68fc8d2a",
            ] -> null
        }
    }

  # aws_ecs_task_definition.api will be destroyed
  - resource "aws_ecs_task_definition" "api" {
      - arn                      = "arn:aws:ecs:us-east-1:000000000000:task-definition/cl-365ded-api:2" -> null
      - arn_without_revision     = "arn:aws:ecs:us-east-1:000000000000:task-definition/cl-365ded-api" -> null
      - container_definitions    = jsonencode(
            [
              - {
                  - environment      = [
                      - {
                          - name  = "AUTH_AUDIENCES"
                          - value = "0165804df30a486387d199773b,5071172ec8ed4297a89b167bb3,40cd2ff1ab344a72b59ca05faa"
                        },
                      - {
                          - name  = "AUTH_ISSUER"
                          - value = "http://aws:4566/us-east-1_26a0baf1f"
                        },
                      - {
                          - name  = "AUTH_JWKS_URL"
                          - value = "http://aws:4566/us-east-1_26a0baf1f/.well-known/jwks.json"
                        },
                      - {
                          - name  = "AWS_ACCESS_KEY_ID"
                          - value = "test"
                        },
                      - {
                          - name  = "AWS_DEFAULT_REGION"
                          - value = "us-east-1"
                        },
                      - {
                          - name  = "AWS_ENDPOINT_URL"
                          - value = "http://aws:4566"
                        },
                      - {
                          - name  = "AWS_REGION"
                          - value = "us-east-1"
                        },
                      - {
                          - name  = "AWS_SECRET_ACCESS_KEY"
                          - value = "test"
                        },
                      - {
                          - name  = "CACHE_TTL_SECONDS"
                          - value = "90"
                        },
                      - {
                          - name  = "CLOUDWATCH_LOG_GROUP"
                          - value = "/clearledger/cl-365ded/api"
                        },
                      - {
                          - name  = "DATABASE_URL"
                          - value = "postgres://clearledger:Cl51518446ac%21@aws:7001/clearledger"
                        },
                      - {
                          - name  = "PORT"
                          - value = "8080"
                        },
                      - {
                          - name  = "PROJECTION_TABLE"
                          - value = "cl-365ded-projections"
                        },
                      - {
                          - name  = "SQS_QUEUE_URL"
                          - value = "http://aws:4566/000000000000/cl-365ded-events"
                        },
                      - {
                          - name  = "VALKEY_URL"
                          - value = "redis://aws:6379"
                        },
                    ]
                  - essential        = true
                  - image            = "clearledger/api:1.0.0"
                  - logConfiguration = {
                      - logDriver = "awslogs"
                      - options   = {
                          - awslogs-group         = "/clearledger/cl-365ded/api"
                          - awslogs-region        = "us-east-1"
                          - awslogs-stream-prefix = "api"
                        }
                    }
                  - name             = "api"
                  - portMappings     = [
                      - {
                          - containerPort = 8080
                          - hostPort      = 8080
                          - protocol      = "tcp"
                        },
                    ]
                },
            ]
        ) -> null
      - cpu                      = "256" -> null
      - enable_fault_injection   = false -> null
      - execution_role_arn       = "arn:aws:iam::000000000000:role/cl-365ded-ecs_execution" -> null
      - family                   = "cl-365ded-api" -> null
      - id                       = "cl-365ded-api" -> null
      - memory                   = "512" -> null
      - network_mode             = "awsvpc" -> null
      - region                   = "us-east-1" -> null
      - requires_compatibilities = [
          - "FARGATE",
        ] -> null
      - revision                 = 2 -> null
      - skip_destroy             = false -> null
      - tags                     = {} -> null
      - tags_all                 = {} -> null
      - task_role_arn            = "arn:aws:iam::000000000000:role/cl-365ded-ecs_task" -> null
      - track_latest             = false -> null
        # (2 unchanged attributes hidden)
    }

  # aws_elasticache_replication_group.cache will be destroyed
  - resource "aws_elasticache_replication_group" "cache" {
      - apply_immediately              = true -> null
      - arn                            = "arn:aws:elasticache:us-east-1:000000000000:replicationgroup:cl-365ded-valkey" -> null
      - at_rest_encryption_enabled     = "false" -> null
      - auto_minor_version_upgrade     = "true" -> null
      - automatic_failover_enabled     = false -> null
      - cluster_enabled                = false -> null
      - cluster_mode                   = "disabled" -> null
      - configuration_endpoint_address = "aws" -> null
      - data_tiering_enabled           = false -> null
      - description                    = "cl-365ded projection cache" -> null
      - engine                         = "valkey" -> null
      - engine_version                 = "8.0" -> null
      - engine_version_actual          = "8.0.0" -> null
      - id                             = "cl-365ded-valkey" -> null
      - member_clusters                = [
          - "cl-365ded-valkey-001",
        ] -> null
      - multi_az_enabled               = false -> null
      - node_type                      = "cache.t4g.micro" -> null
      - num_cache_clusters             = 1 -> null
      - num_node_groups                = 1 -> null
      - port                           = 6379 -> null
      - region                         = "us-east-1" -> null
      - replicas_per_node_group        = 0 -> null
      - replication_group_id           = "cl-365ded-valkey" -> null
      - security_group_ids             = [] -> null
      - security_group_names           = [] -> null
      - snapshot_retention_limit       = 0 -> null
      - snapshot_window                = "00:00-01:00" -> null
      - subnet_group_name              = "cl-365ded-cache" -> null
      - tags                           = {} -> null
      - tags_all                       = {
          - "ClearLedgerDeployment" = "cl-365ded"
        } -> null
      - transit_encryption_enabled     = false -> null
      - user_group_ids                 = [] -> null
        # (7 unchanged attributes hidden)

      - node_group_configuration {
          - node_group_id              = "0001" -> null
          - replica_availability_zones = [] -> null
          - replica_count              = 0 -> null
          - replica_outpost_arns       = [] -> null
            # (3 unchanged attributes hidden)
        }
    }

  # aws_elasticache_subnet_group.cache will be destroyed
  - resource "aws_elasticache_subnet_group" "cache" {
      - arn         = "arn:aws:elasticache:us-east-1:000000000000:subnetgroup:cl-365ded-cache" -> null
      - description = "Managed by Terraform" -> null
      - id          = "cl-365ded-cache" -> null
      - name        = "cl-365ded-cache" -> null
      - region      = "us-east-1" -> null
      - subnet_ids  = [
          - "subnet-5a16ac8d",
          - "subnet-68fc8d2a",
        ] -> null
      - tags        = {} -> null
      - tags_all    = {
          - "ClearLedgerDeployment" = "cl-365ded"
        } -> null
      - vpc_id      = "vpc-1a018021" -> null
    }

  # aws_iam_role.roles["archiver"] will be destroyed
  - resource "aws_iam_role" "roles" {
      - arn                   = "arn:aws:iam::000000000000:role/cl-365ded-archiver" -> null
      - assume_role_policy    = jsonencode(
            {
              - Statement = [
                  - {
                      - Action    = "sts:AssumeRole"
                      - Effect    = "Allow"
                      - Principal = {
                          - Service = "lambda.amazonaws.com"
                        }
                    },
                ]
              - Version   = "2012-10-17"
            }
        ) -> null
      - create_date           = "2026-10-10T08:52:26Z" -> null
      - force_detach_policies = false -> null
      - id                    = "cl-365ded-archiver" -> null
      - managed_policy_arns   = [] -> null
      - max_session_duration  = 3600 -> null
      - name                  = "cl-365ded-archiver" -> null
      - path                  = "/" -> null
      - tags                  = {
          - "ClearLedgerRole" = "archiver"
        } -> null
      - tags_all              = {
          - "ClearLedgerDeployment" = "cl-365ded"
          - "ClearLedgerRole"       = "archiver"
        } -> null
      - unique_id             = "AROA7PSLEA024TJM996J" -> null
        # (3 unchanged attributes hidden)

      - inline_policy {
          - name   = "cl-365ded-archiver-canonical" -> null
          - policy = jsonencode(
                {
                  - Statement = [
                      - {
                          - Action   = [
                              - "s3:PutObject",
                              - "s3:GetObject",
                              - "s3:AbortMultipartUpload",
                            ]
                          - Effect   = "Allow"
                          - Resource = [
                              - "arn:aws:s3:::cl-365ded-audit/ledger-audit/*",
                            ]
                        },
                      - {
                          - Action   = [
                              - "s3:ListBucket",
                              - "s3:GetBucketLocation",
                            ]
                          - Effect   = "Allow"
                          - Resource = [
                              - "arn:aws:s3:::cl-365ded-audit",
                            ]
                        },
                      - {
                          - Action   = [
                              - "s3:DeleteObject",
                              - "s3:DeleteObjectVersion",
                            ]
                          - Effect   = "Deny"
                          - Resource = [
                              - "arn:aws:s3:::cl-365ded-audit",
                              - "arn:aws:s3:::cl-365ded-audit/*",
                            ]
                        },
                      - {
                          - Action   = [
                              - "sqs:SendMessage",
                              - "sqs:ReceiveMessage",
                              - "sqs:DeleteMessage",
                            ]
                          - Effect   = "Deny"
                          - Resource = [
                              - "arn:aws:sqs:us-east-1:000000000000:cl-365ded-events",
                              - "arn:aws:sqs:us-east-1:000000000000:cl-365ded-dlq",
                            ]
                        },
                      - {
                          - Action   = [
                              - "dynamodb:GetItem",
                              - "dynamodb:PutItem",
                              - "dynamodb:UpdateItem",
                              - "dynamodb:DeleteItem",
                              - "dynamodb:Query",
                            ]
                          - Effect   = "Deny"
                          - Resource = [
                              - "arn:aws:dynamodb:us-east-1:000000000000:table/cl-365ded-projections",
                              - "arn:aws:dynamodb:us-east-1:000000000000:table/cl-365ded-projections/index/AccountIndex",
                            ]
                        },
                      - {
                          - Action   = [
                              - "kms:DisableKey",
                              - "kms:ScheduleKeyDeletion",
                            ]
                          - Effect   = "Deny"
                          - Resource = [
                              - "arn:aws:kms:us-east-1:000000000000:key/4315e0a3-0e84-4639-84e3-5f97c10f638c",
                              - "arn:aws:kms:us-east-1:000000000000:key/072b2cc1-9180-4294-9202-dd7d9b2e3df6",
                              - "arn:aws:kms:us-east-1:000000000000:key/c0276d5e-d53e-4168-bf94-07d651f6c451",
                              - "arn:aws:kms:us-east-1:000000000000:key/9166e9e4-8819-4b79-b205-4f68678e2428",
                            ]
                        },
                      - {
                          - Action   = [
                              - "kms:Decrypt",
                              - "kms:GenerateDataKey",
                            ]
                          - Effect   = "Deny"
                          - Resource = [
                              - "arn:aws:kms:us-east-1:000000000000:key/c0276d5e-d53e-4168-bf94-07d651f6c451",
                              - "arn:aws:kms:us-east-1:000000000000:key/9166e9e4-8819-4b79-b205-4f68678e2428",
                            ]
                        },
                      - {
                          - Action   = [
                              - "logs:CreateLogStream",
                              - "logs:PutLogEvents",
                            ]
                          - Effect   = "Deny"
                          - Resource = [
                              - "arn:aws:logs:us-east-1:000000000000:log-group:/clearledger/cl-365ded/api:*",
                              - "arn:aws:logs:us-east-1:000000000000:log-group:/clearledger/cl-365ded/projector:*",
                              - "arn:aws:logs:us-east-1:000000000000:log-group:/clearledger/cl-365ded/outbox-relay:*",
                            ]
                        },
                      - {
                          - Action   = [
                              - "logs:CreateLogStream",
                              - "logs:PutLogEvents",
                              - "logs:DescribeLogStreams",
                            ]
                          - Effect   = "Allow"
                          - Resource = [
                              - "arn:aws:logs:us-east-1:000000000000:log-group:/clearledger/cl-365ded/audit-archiver:*",
                            ]
                        },
                      - {
                          - Action   = [
                              - "kms:Decrypt",
                              - "kms:GenerateDataKey",
                              - "kms:DescribeKey",
                            ]
                          - Effect   = "Allow"
                          - Resource = [
                              - "arn:aws:kms:us-east-1:000000000000:key/4315e0a3-0e84-4639-84e3-5f97c10f638c",
                              - "arn:aws:kms:us-east-1:000000000000:key/072b2cc1-9180-4294-9202-dd7d9b2e3df6",
                            ]
                        },
                    ]
                  - Version   = "2012-10-17"
                }
            ) -> null
        }
    }

  # aws_iam_role.roles["ecs_execution"] will be destroyed
  - resource "aws_iam_role" "roles" {
      - arn                   = "arn:aws:iam::000000000000:role/cl-365ded-ecs_execution" -> null
      - assume_role_policy    = jsonencode(
            {
              - Statement = [
                  - {
                      - Action    = "sts:AssumeRole"
                      - Effect    = "Allow"
                      - Principal = {
                          - Service = "ecs-tasks.amazonaws.com"
                        }
                    },
                ]
              - Version   = "2012-10-17"
            }
        ) -> null
      - create_date           = "2026-10-10T08:52:26Z" -> null
      - force_detach_policies = false -> null
      - id                    = "cl-365ded-ecs_execution" -> null
      - managed_policy_arns   = [] -> null
      - max_session_duration  = 3600 -> null
      - name                  = "cl-365ded-ecs_execution" -> null
      - path                  = "/" -> null
      - tags                  = {
          - "ClearLedgerRole" = "ecs_execution"
        } -> null
      - tags_all              = {
          - "ClearLedgerDeployment" = "cl-365ded"
          - "ClearLedgerRole"       = "ecs_execution"
        } -> null
      - unique_id             = "AROAZA0FGX4WJ0YVNJLA" -> null
        # (3 unchanged attributes hidden)

      - inline_policy {
          - name   = "cl-365ded-ecs_execution-canonical" -> null
          - policy = jsonencode(
                {
                  - Statement = [
                      - {
                          - Action   = [
                              - "sqs:SendMessage",
                              - "sqs:ReceiveMessage",
                              - "sqs:DeleteMessage",
                            ]
                          - Effect   = "Deny"
                          - Resource = [
                              - "arn:aws:sqs:us-east-1:000000000000:cl-365ded-events",
                              - "arn:aws:sqs:us-east-1:000000000000:cl-365ded-dlq",
                            ]
                        },
                      - {
                          - Action   = [
                              - "dynamodb:GetItem",
                              - "dynamodb:PutItem",
                              - "dynamodb:UpdateItem",
                              - "dynamodb:DeleteItem",
                              - "dynamodb:Query",
                            ]
                          - Effect   = "Deny"
                          - Resource = [
                              - "arn:aws:dynamodb:us-east-1:000000000000:table/cl-365ded-projections",
                              - "arn:aws:dynamodb:us-east-1:000000000000:table/cl-365ded-projections/index/AccountIndex",
                            ]
                        },
                      - {
                          - Action   = [
                              - "s3:GetObject",
                              - "s3:PutObject",
                              - "s3:DeleteObject",
                              - "s3:ListBucket",
                            ]
                          - Effect   = "Deny"
                          - Resource = [
                              - "arn:aws:s3:::cl-365ded-audit",
                              - "arn:aws:s3:::cl-365ded-audit/*",
                            ]
                        },
                      - {
                          - Action   = [
                              - "kms:DisableKey",
                              - "kms:ScheduleKeyDeletion",
                            ]
                          - Effect   = "Deny"
                          - Resource = [
                              - "arn:aws:kms:us-east-1:000000000000:key/4315e0a3-0e84-4639-84e3-5f97c10f638c",
                              - "arn:aws:kms:us-east-1:000000000000:key/072b2cc1-9180-4294-9202-dd7d9b2e3df6",
                              - "arn:aws:kms:us-east-1:000000000000:key/c0276d5e-d53e-4168-bf94-07d651f6c451",
                              - "arn:aws:kms:us-east-1:000000000000:key/9166e9e4-8819-4b79-b205-4f68678e2428",
                            ]
                        },
                      - {
                          - Action   = [
                              - "kms:Decrypt",
                              - "kms:GenerateDataKey",
                            ]
                          - Effect   = "Deny"
                          - Resource = [
                              - "arn:aws:kms:us-east-1:000000000000:key/4315e0a3-0e84-4639-84e3-5f97c10f638c",
                              - "arn:aws:kms:us-east-1:000000000000:key/072b2cc1-9180-4294-9202-dd7d9b2e3df6",
                              - "arn:aws:kms:us-east-1:000000000000:key/c0276d5e-d53e-4168-bf94-07d651f6c451",
                              - "arn:aws:kms:us-east-1:000000000000:key/9166e9e4-8819-4b79-b205-4f68678e2428",
                            ]
                        },
                      - {
                          - Action   = [
                              - "logs:CreateLogStream",
                              - "logs:PutLogEvents",
                            ]
                          - Effect   = "Deny"
                          - Resource = [
                              - "arn:aws:logs:us-east-1:000000000000:log-group:/clearledger/cl-365ded/audit-archiver:*",
                              - "arn:aws:logs:us-east-1:000000000000:log-group:/clearledger/cl-365ded/projector:*",
                              - "arn:aws:logs:us-east-1:000000000000:log-group:/clearledger/cl-365ded/outbox-relay:*",
                            ]
                        },
                      - {
                          - Action   = [
                              - "logs:CreateLogStream",
                              - "logs:PutLogEvents",
                              - "logs:DescribeLogStreams",
                            ]
                          - Effect   = "Allow"
                          - Resource = [
                              - "arn:aws:logs:us-east-1:000000000000:log-group:/clearledger/cl-365ded/api:*",
                            ]
                        },
                    ]
                  - Version   = "2012-10-17"
                }
            ) -> null
        }
    }

  # aws_iam_role.roles["ecs_task"] will be destroyed
  - resource "aws_iam_role" "roles" {
      - arn                   = "arn:aws:iam::000000000000:role/cl-365ded-ecs_task" -> null
      - assume_role_policy    = jsonencode(
            {
              - Statement = [
                  - {
                      - Action    = "sts:AssumeRole"
                      - Effect    = "Allow"
                      - Principal = {
                          - Service = "ecs-tasks.amazonaws.com"
                        }
                    },
                ]
              - Version   = "2012-10-17"
            }
        ) -> null
      - create_date           = "2026-10-10T08:52:26Z" -> null
      - force_detach_policies = false -> null
      - id                    = "cl-365ded-ecs_task" -> null
      - managed_policy_arns   = [] -> null
      - max_session_duration  = 3600 -> null
      - name                  = "cl-365ded-ecs_task" -> null
      - path                  = "/" -> null
      - tags                  = {
          - "ClearLedgerRole" = "ecs_task"
        } -> null
      - tags_all              = {
          - "ClearLedgerDeployment" = "cl-365ded"
          - "ClearLedgerRole"       = "ecs_task"
        } -> null
      - unique_id             = "AROAZIPUR0QSI0NBDV4U" -> null
        # (3 unchanged attributes hidden)

      - inline_policy {
          - name   = "cl-365ded-ecs_task-canonical" -> null
          - policy = jsonencode(
                {
                  - Statement = [
                      - {
                          - Action   = [
                              - "sqs:SendMessage",
                              - "sqs:GetQueueAttributes",
                              - "sqs:GetQueueUrl",
                            ]
                          - Effect   = "Allow"
                          - Resource = [
                              - "arn:aws:sqs:us-east-1:000000000000:cl-365ded-events",
                            ]
                        },
                      - {
                          - Action   = [
                              - "dynamodb:GetItem",
                              - "dynamodb:Query",
                              - "dynamodb:DescribeTable",
                            ]
                          - Effect   = "Allow"
                          - Resource = [
                              - "arn:aws:dynamodb:us-east-1:000000000000:table/cl-365ded-projections",
                              - "arn:aws:dynamodb:us-east-1:000000000000:table/cl-365ded-projections/index/AccountIndex",
                            ]
                        },
                      - {
                          - Action   = [
                              - "sqs:ReceiveMessage",
                              - "sqs:DeleteMessage",
                            ]
                          - Effect   = "Deny"
                          - Resource = [
                              - "arn:aws:sqs:us-east-1:000000000000:cl-365ded-events",
                            ]
                        },
                      - {
                          - Action   = [
                              - "sqs:SendMessage",
                              - "sqs:ReceiveMessage",
                              - "sqs:DeleteMessage",
                            ]
                          - Effect   = "Deny"
                          - Resource = [
                              - "arn:aws:sqs:us-east-1:000000000000:cl-365ded-dlq",
                            ]
                        },
                      - {
                          - Action   = [
                              - "dynamodb:PutItem",
                              - "dynamodb:UpdateItem",
                              - "dynamodb:DeleteItem",
                              - "dynamodb:DeleteTable",
                            ]
                          - Effect   = "Deny"
                          - Resource = [
                              - "arn:aws:dynamodb:us-east-1:000000000000:table/cl-365ded-projections",
                              - "arn:aws:dynamodb:us-east-1:000000000000:table/cl-365ded-projections/index/AccountIndex",
                            ]
                        },
                      - {
                          - Action   = [
                              - "s3:GetObject",
                              - "s3:PutObject",
                              - "s3:DeleteObject",
                              - "s3:ListBucket",
                            ]
                          - Effect   = "Deny"
                          - Resource = [
                              - "arn:aws:s3:::cl-365ded-audit",
                              - "arn:aws:s3:::cl-365ded-audit/*",
                            ]
                        },
                      - {
                          - Action   = [
                              - "kms:DisableKey",
                              - "kms:ScheduleKeyDeletion",
                            ]
                          - Effect   = "Deny"
                          - Resource = [
                              - "arn:aws:kms:us-east-1:000000000000:key/4315e0a3-0e84-4639-84e3-5f97c10f638c",
                              - "arn:aws:kms:us-east-1:000000000000:key/072b2cc1-9180-4294-9202-dd7d9b2e3df6",
                              - "arn:aws:kms:us-east-1:000000000000:key/c0276d5e-d53e-4168-bf94-07d651f6c451",
                              - "arn:aws:kms:us-east-1:000000000000:key/9166e9e4-8819-4b79-b205-4f68678e2428",
                            ]
                        },
                      - {
                          - Action   = [
                              - "kms:Decrypt",
                              - "kms:GenerateDataKey",
                            ]
                          - Effect   = "Deny"
                          - Resource = [
                              - "arn:aws:kms:us-east-1:000000000000:key/4315e0a3-0e84-4639-84e3-5f97c10f638c",
                              - "arn:aws:kms:us-east-1:000000000000:key/072b2cc1-9180-4294-9202-dd7d9b2e3df6",
                            ]
                        },
                      - {
                          - Action   = [
                              - "logs:CreateLogStream",
                              - "logs:PutLogEvents",
                            ]
                          - Effect   = "Deny"
                          - Resource = [
                              - "arn:aws:logs:us-east-1:000000000000:log-group:/clearledger/cl-365ded/audit-archiver:*",
                              - "arn:aws:logs:us-east-1:000000000000:log-group:/clearledger/cl-365ded/projector:*",
                              - "arn:aws:logs:us-east-1:000000000000:log-group:/clearledger/cl-365ded/outbox-relay:*",
                            ]
                        },
                      - {
                          - Action   = [
                              - "logs:CreateLogStream",
                              - "logs:PutLogEvents",
                              - "logs:DescribeLogStreams",
                            ]
                          - Effect   = "Allow"
                          - Resource = [
                              - "arn:aws:logs:us-east-1:000000000000:log-group:/clearledger/cl-365ded/api:*",
                            ]
                        },
                      - {
                          - Action   = [
                              - "kms:Decrypt",
                              - "kms:GenerateDataKey",
                              - "kms:DescribeKey",
                            ]
                          - Effect   = "Allow"
                          - Resource = [
                              - "arn:aws:kms:us-east-1:000000000000:key/c0276d5e-d53e-4168-bf94-07d651f6c451",
                              - "arn:aws:kms:us-east-1:000000000000:key/9166e9e4-8819-4b79-b205-4f68678e2428",
                            ]
                        },
                    ]
                  - Version   = "2012-10-17"
                }
            ) -> null
        }
    }

  # aws_iam_role.roles["projector"] will be destroyed
  - resource "aws_iam_role" "roles" {
      - arn                   = "arn:aws:iam::000000000000:role/cl-365ded-projector" -> null
      - assume_role_policy    = jsonencode(
            {
              - Statement = [
                  - {
                      - Action    = "sts:AssumeRole"
                      - Effect    = "Allow"
                      - Principal = {
                          - Service = "lambda.amazonaws.com"
                        }
                    },
                ]
              - Version   = "2012-10-17"
            }
        ) -> null
      - create_date           = "2026-10-10T08:52:26Z" -> null
      - force_detach_policies = false -> null
      - id                    = "cl-365ded-projector" -> null
      - managed_policy_arns   = [] -> null
      - max_session_duration  = 3600 -> null
      - name                  = "cl-365ded-projector" -> null
      - path                  = "/" -> null
      - tags                  = {
          - "ClearLedgerRole" = "projector"
        } -> null
      - tags_all              = {
          - "ClearLedgerDeployment" = "cl-365ded"
          - "ClearLedgerRole"       = "projector"
        } -> null
      - unique_id             = "AROA809RFEGE6O2FCA85" -> null
        # (3 unchanged attributes hidden)

      - inline_policy {
          - name   = "cl-365ded-projector-canonical" -> null
          - policy = jsonencode(
                {
                  - Statement = [
                      - {
                          - Action   = [
                              - "sqs:ReceiveMessage",
                              - "sqs:DeleteMessage",
                              - "sqs:GetQueueAttributes",
                              - "sqs:ChangeMessageVisibility",
                            ]
                          - Effect   = "Allow"
                          - Resource = [
                              - "arn:aws:sqs:us-east-1:000000000000:cl-365ded-events",
                            ]
                        },
                      - {
                          - Action   = [
                              - "sqs:SendMessage",
                            ]
                          - Effect   = "Allow"
                          - Resource = [
                              - "arn:aws:sqs:us-east-1:000000000000:cl-365ded-dlq",
                            ]
                        },
                      - {
                          - Action   = [
                              - "dynamodb:GetItem",
                              - "dynamodb:PutItem",
                              - "dynamodb:UpdateItem",
                              - "dynamodb:Query",
                            ]
                          - Effect   = "Allow"
                          - Resource = [
                              - "arn:aws:dynamodb:us-east-1:000000000000:table/cl-365ded-projections",
                              - "arn:aws:dynamodb:us-east-1:000000000000:table/cl-365ded-projections/index/AccountIndex",
                            ]
                        },
                      - {
                          - Action   = [
                              - "sqs:SendMessage",
                            ]
                          - Effect   = "Deny"
                          - Resource = [
                              - "arn:aws:sqs:us-east-1:000000000000:cl-365ded-events",
                            ]
                        },
                      - {
                          - Action   = [
                              - "sqs:ReceiveMessage",
                              - "sqs:DeleteMessage",
                            ]
                          - Effect   = "Deny"
                          - Resource = [
                              - "arn:aws:sqs:us-east-1:000000000000:cl-365ded-dlq",
                            ]
                        },
                      - {
                          - Action   = [
                              - "dynamodb:DeleteItem",
                              - "dynamodb:DeleteTable",
                            ]
                          - Effect   = "Deny"
                          - Resource = [
                              - "arn:aws:dynamodb:us-east-1:000000000000:table/cl-365ded-projections",
                              - "arn:aws:dynamodb:us-east-1:000000000000:table/cl-365ded-projections/index/AccountIndex",
                            ]
                        },
                      - {
                          - Action   = [
                              - "s3:GetObject",
                              - "s3:PutObject",
                              - "s3:DeleteObject",
                              - "s3:ListBucket",
                            ]
                          - Effect   = "Deny"
                          - Resource = [
                              - "arn:aws:s3:::cl-365ded-audit",
                              - "arn:aws:s3:::cl-365ded-audit/*",
                            ]
                        },
                      - {
                          - Action   = [
                              - "kms:DisableKey",
                              - "kms:ScheduleKeyDeletion",
                            ]
                          - Effect   = "Deny"
                          - Resource = [
                              - "arn:aws:kms:us-east-1:000000000000:key/4315e0a3-0e84-4639-84e3-5f97c10f638c",
                              - "arn:aws:kms:us-east-1:000000000000:key/072b2cc1-9180-4294-9202-dd7d9b2e3df6",
                              - "arn:aws:kms:us-east-1:000000000000:key/c0276d5e-d53e-4168-bf94-07d651f6c451",
                              - "arn:aws:kms:us-east-1:000000000000:key/9166e9e4-8819-4b79-b205-4f68678e2428",
                            ]
                        },
                      - {
                          - Action   = [
                              - "kms:Decrypt",
                              - "kms:GenerateDataKey",
                            ]
                          - Effect   = "Deny"
                          - Resource = [
                              - "arn:aws:kms:us-east-1:000000000000:key/4315e0a3-0e84-4639-84e3-5f97c10f638c",
                              - "arn:aws:kms:us-east-1:000000000000:key/072b2cc1-9180-4294-9202-dd7d9b2e3df6",
                            ]
                        },
                      - {
                          - Action   = [
                              - "logs:CreateLogStream",
                              - "logs:PutLogEvents",
                            ]
                          - Effect   = "Deny"
                          - Resource = [
                              - "arn:aws:logs:us-east-1:000000000000:log-group:/clearledger/cl-365ded/api:*",
                              - "arn:aws:logs:us-east-1:000000000000:log-group:/clearledger/cl-365ded/audit-archiver:*",
                              - "arn:aws:logs:us-east-1:000000000000:log-group:/clearledger/cl-365ded/outbox-relay:*",
                            ]
                        },
                      - {
                          - Action   = [
                              - "logs:CreateLogStream",
                              - "logs:PutLogEvents",
                              - "logs:DescribeLogStreams",
                            ]
                          - Effect   = "Allow"
                          - Resource = [
                              - "arn:aws:logs:us-east-1:000000000000:log-group:/clearledger/cl-365ded/projector:*",
                            ]
                        },
                      - {
                          - Action   = [
                              - "kms:Decrypt",
                              - "kms:GenerateDataKey",
                              - "kms:DescribeKey",
                            ]
                          - Effect   = "Allow"
                          - Resource = [
                              - "arn:aws:kms:us-east-1:000000000000:key/c0276d5e-d53e-4168-bf94-07d651f6c451",
                              - "arn:aws:kms:us-east-1:000000000000:key/9166e9e4-8819-4b79-b205-4f68678e2428",
                            ]
                        },
                    ]
                  - Version   = "2012-10-17"
                }
            ) -> null
        }
    }

  # aws_iam_role.roles["relay"] will be destroyed
  - resource "aws_iam_role" "roles" {
      - arn                   = "arn:aws:iam::000000000000:role/cl-365ded-relay" -> null
      - assume_role_policy    = jsonencode(
            {
              - Statement = [
                  - {
                      - Action    = "sts:AssumeRole"
                      - Effect    = "Allow"
                      - Principal = {
                          - Service = "lambda.amazonaws.com"
                        }
                    },
                ]
              - Version   = "2012-10-17"
            }
        ) -> null
      - create_date           = "2026-10-10T08:52:26Z" -> null
      - force_detach_policies = false -> null
      - id                    = "cl-365ded-relay" -> null
      - managed_policy_arns   = [] -> null
      - max_session_duration  = 3600 -> null
      - name                  = "cl-365ded-relay" -> null
      - path                  = "/" -> null
      - tags                  = {
          - "ClearLedgerRole" = "relay"
        } -> null
      - tags_all              = {
          - "ClearLedgerDeployment" = "cl-365ded"
          - "ClearLedgerRole"       = "relay"
        } -> null
      - unique_id             = "AROAZS429U2JCNLKPNEX" -> null
        # (3 unchanged attributes hidden)

      - inline_policy {
          - name   = "cl-365ded-relay-canonical" -> null
          - policy = jsonencode(
                {
                  - Statement = [
                      - {
                          - Action   = [
                              - "sqs:SendMessage",
                              - "sqs:GetQueueAttributes",
                              - "sqs:GetQueueUrl",
                            ]
                          - Effect   = "Allow"
                          - Resource = [
                              - "arn:aws:sqs:us-east-1:000000000000:cl-365ded-events",
                            ]
                        },
                      - {
                          - Action   = [
                              - "sqs:ReceiveMessage",
                              - "sqs:DeleteMessage",
                            ]
                          - Effect   = "Deny"
                          - Resource = [
                              - "arn:aws:sqs:us-east-1:000000000000:cl-365ded-events",
                            ]
                        },
                      - {
                          - Action   = [
                              - "sqs:SendMessage",
                              - "sqs:ReceiveMessage",
                              - "sqs:DeleteMessage",
                            ]
                          - Effect   = "Deny"
                          - Resource = [
                              - "arn:aws:sqs:us-east-1:000000000000:cl-365ded-dlq",
                            ]
                        },
                      - {
                          - Action   = [
                              - "dynamodb:GetItem",
                              - "dynamodb:PutItem",
                              - "dynamodb:UpdateItem",
                              - "dynamodb:DeleteItem",
                              - "dynamodb:Query",
                            ]
                          - Effect   = "Deny"
                          - Resource = [
                              - "arn:aws:dynamodb:us-east-1:000000000000:table/cl-365ded-projections",
                              - "arn:aws:dynamodb:us-east-1:000000000000:table/cl-365ded-projections/index/AccountIndex",
                            ]
                        },
                      - {
                          - Action   = [
                              - "s3:GetObject",
                              - "s3:PutObject",
                              - "s3:DeleteObject",
                              - "s3:ListBucket",
                            ]
                          - Effect   = "Deny"
                          - Resource = [
                              - "arn:aws:s3:::cl-365ded-audit",
                              - "arn:aws:s3:::cl-365ded-audit/*",
                            ]
                        },
                      - {
                          - Action   = [
                              - "kms:DisableKey",
                              - "kms:ScheduleKeyDeletion",
                            ]
                          - Effect   = "Deny"
                          - Resource = [
                              - "arn:aws:kms:us-east-1:000000000000:key/4315e0a3-0e84-4639-84e3-5f97c10f638c",
                              - "arn:aws:kms:us-east-1:000000000000:key/072b2cc1-9180-4294-9202-dd7d9b2e3df6",
                              - "arn:aws:kms:us-east-1:000000000000:key/c0276d5e-d53e-4168-bf94-07d651f6c451",
                              - "arn:aws:kms:us-east-1:000000000000:key/9166e9e4-8819-4b79-b205-4f68678e2428",
                            ]
                        },
                      - {
                          - Action   = [
                              - "kms:Decrypt",
                              - "kms:GenerateDataKey",
                            ]
                          - Effect   = "Deny"
                          - Resource = [
                              - "arn:aws:kms:us-east-1:000000000000:key/4315e0a3-0e84-4639-84e3-5f97c10f638c",
                              - "arn:aws:kms:us-east-1:000000000000:key/9166e9e4-8819-4b79-b205-4f68678e2428",
                            ]
                        },
                      - {
                          - Action   = [
                              - "logs:CreateLogStream",
                              - "logs:PutLogEvents",
                            ]
                          - Effect   = "Deny"
                          - Resource = [
                              - "arn:aws:logs:us-east-1:000000000000:log-group:/clearledger/cl-365ded/api:*",
                              - "arn:aws:logs:us-east-1:000000000000:log-group:/clearledger/cl-365ded/audit-archiver:*",
                              - "arn:aws:logs:us-east-1:000000000000:log-group:/clearledger/cl-365ded/projector:*",
                            ]
                        },
                      - {
                          - Action   = [
                              - "logs:CreateLogStream",
                              - "logs:PutLogEvents",
                              - "logs:DescribeLogStreams",
                            ]
                          - Effect   = "Allow"
                          - Resource = [
                              - "arn:aws:logs:us-east-1:000000000000:log-group:/clearledger/cl-365ded/outbox-relay:*",
                            ]
                        },
                      - {
                          - Action   = [
                              - "kms:Decrypt",
                              - "kms:GenerateDataKey",
                              - "kms:DescribeKey",
                            ]
                          - Effect   = "Allow"
                          - Resource = [
                              - "arn:aws:kms:us-east-1:000000000000:key/c0276d5e-d53e-4168-bf94-07d651f6c451",
                              - "arn:aws:kms:us-east-1:000000000000:key/072b2cc1-9180-4294-9202-dd7d9b2e3df6",
                            ]
                        },
                    ]
                  - Version   = "2012-10-17"
                }
            ) -> null
        }
    }

  # aws_iam_role.roles["scheduler"] will be destroyed
  - resource "aws_iam_role" "roles" {
      - arn                   = "arn:aws:iam::000000000000:role/cl-365ded-scheduler" -> null
      - assume_role_policy    = jsonencode(
            {
              - Statement = [
                  - {
                      - Action    = "sts:AssumeRole"
                      - Effect    = "Allow"
                      - Principal = {
                          - Service = "scheduler.amazonaws.com"
                        }
                    },
                ]
              - Version   = "2012-10-17"
            }
        ) -> null
      - create_date           = "2026-10-10T08:52:26Z" -> null
      - force_detach_policies = false -> null
      - id                    = "cl-365ded-scheduler" -> null
      - managed_policy_arns   = [] -> null
      - max_session_duration  = 3600 -> null
      - name                  = "cl-365ded-scheduler" -> null
      - path                  = "/" -> null
      - tags                  = {
          - "ClearLedgerRole" = "scheduler"
        } -> null
      - tags_all              = {
          - "ClearLedgerDeployment" = "cl-365ded"
          - "ClearLedgerRole"       = "scheduler"
        } -> null
      - unique_id             = "AROA1ZRNQT0L0Z1YER4I" -> null
        # (3 unchanged attributes hidden)

      - inline_policy {
          - name   = "cl-365ded-scheduler-canonical" -> null
          - policy = jsonencode(
                {
                  - Statement = [
                      - {
                          - Action   = [
                              - "lambda:InvokeFunction",
                            ]
                          - Effect   = "Allow"
                          - Resource = [
                              - "arn:aws:lambda:us-east-1:000000000000:function:cl-365ded-relay",
                              - "arn:aws:lambda:us-east-1:000000000000:function:cl-365ded-archiver",
                            ]
                        },
                      - {
                          - Action   = [
                              - "lambda:InvokeFunction",
                            ]
                          - Effect   = "Deny"
                          - Resource = [
                              - "arn:aws:lambda:us-east-1:000000000000:function:cl-365ded-projector",
                            ]
                        },
                      - {
                          - Action   = [
                              - "sqs:SendMessage",
                              - "sqs:ReceiveMessage",
                              - "sqs:DeleteMessage",
                            ]
                          - Effect   = "Deny"
                          - Resource = [
                              - "arn:aws:sqs:us-east-1:000000000000:cl-365ded-events",
                              - "arn:aws:sqs:us-east-1:000000000000:cl-365ded-dlq",
                            ]
                        },
                      - {
                          - Action   = [
                              - "dynamodb:GetItem",
                              - "dynamodb:PutItem",
                              - "dynamodb:UpdateItem",
                              - "dynamodb:DeleteItem",
                              - "dynamodb:Query",
                            ]
                          - Effect   = "Deny"
                          - Resource = [
                              - "arn:aws:dynamodb:us-east-1:000000000000:table/cl-365ded-projections",
                              - "arn:aws:dynamodb:us-east-1:000000000000:table/cl-365ded-projections/index/AccountIndex",
                            ]
                        },
                      - {
                          - Action   = [
                              - "s3:GetObject",
                              - "s3:PutObject",
                              - "s3:DeleteObject",
                              - "s3:ListBucket",
                            ]
                          - Effect   = "Deny"
                          - Resource = [
                              - "arn:aws:s3:::cl-365ded-audit",
                              - "arn:aws:s3:::cl-365ded-audit/*",
                            ]
                        },
                      - {
                          - Action   = [
                              - "kms:DisableKey",
                              - "kms:ScheduleKeyDeletion",
                            ]
                          - Effect   = "Deny"
                          - Resource = [
                              - "arn:aws:kms:us-east-1:000000000000:key/4315e0a3-0e84-4639-84e3-5f97c10f638c",
                              - "arn:aws:kms:us-east-1:000000000000:key/072b2cc1-9180-4294-9202-dd7d9b2e3df6",
                              - "arn:aws:kms:us-east-1:000000000000:key/c0276d5e-d53e-4168-bf94-07d651f6c451",
                              - "arn:aws:kms:us-east-1:000000000000:key/9166e9e4-8819-4b79-b205-4f68678e2428",
                            ]
                        },
                      - {
                          - Action   = [
                              - "kms:Decrypt",
                              - "kms:GenerateDataKey",
                            ]
                          - Effect   = "Deny"
                          - Resource = [
                              - "arn:aws:kms:us-east-1:000000000000:key/4315e0a3-0e84-4639-84e3-5f97c10f638c",
                              - "arn:aws:kms:us-east-1:000000000000:key/072b2cc1-9180-4294-9202-dd7d9b2e3df6",
                              - "arn:aws:kms:us-east-1:000000000000:key/c0276d5e-d53e-4168-bf94-07d651f6c451",
                              - "arn:aws:kms:us-east-1:000000000000:key/9166e9e4-8819-4b79-b205-4f68678e2428",
                            ]
                        },
                      - {
                          - Action   = [
                              - "logs:CreateLogStream",
                              - "logs:PutLogEvents",
                            ]
                          - Effect   = "Deny"
                          - Resource = [
                              - "arn:aws:logs:us-east-1:000000000000:log-group:/clearledger/cl-365ded/api:*",
                              - "arn:aws:logs:us-east-1:000000000000:log-group:/clearledger/cl-365ded/audit-archiver:*",
                              - "arn:aws:logs:us-east-1:000000000000:log-group:/clearledger/cl-365ded/projector:*",
                              - "arn:aws:logs:us-east-1:000000000000:log-group:/clearledger/cl-365ded/outbox-relay:*",
                            ]
                        },
                    ]
                  - Version   = "2012-10-17"
                }
            ) -> null
        }
    }

  # aws_iam_role_policy.canonical["archiver"] will be destroyed
  - resource "aws_iam_role_policy" "canonical" {
      - id          = "cl-365ded-archiver:cl-365ded-archiver-canonical" -> null
      - name        = "cl-365ded-archiver-canonical" -> null
      - policy      = jsonencode(
            {
              - Statement = [
                  - {
                      - Action   = [
                          - "s3:PutObject",
                          - "s3:GetObject",
                          - "s3:AbortMultipartUpload",
                        ]
                      - Effect   = "Allow"
                      - Resource = [
                          - "arn:aws:s3:::cl-365ded-audit/ledger-audit/*",
                        ]
                    },
                  - {
                      - Action   = [
                          - "s3:ListBucket",
                          - "s3:GetBucketLocation",
                        ]
                      - Effect   = "Allow"
                      - Resource = [
                          - "arn:aws:s3:::cl-365ded-audit",
                        ]
                    },
                  - {
                      - Action   = [
                          - "s3:DeleteObject",
                          - "s3:DeleteObjectVersion",
                        ]
                      - Effect   = "Deny"
                      - Resource = [
                          - "arn:aws:s3:::cl-365ded-audit",
                          - "arn:aws:s3:::cl-365ded-audit/*",
                        ]
                    },
                  - {
                      - Action   = [
                          - "sqs:SendMessage",
                          - "sqs:ReceiveMessage",
                          - "sqs:DeleteMessage",
                        ]
                      - Effect   = "Deny"
                      - Resource = [
                          - "arn:aws:sqs:us-east-1:000000000000:cl-365ded-events",
                          - "arn:aws:sqs:us-east-1:000000000000:cl-365ded-dlq",
                        ]
                    },
                  - {
                      - Action   = [
                          - "dynamodb:GetItem",
                          - "dynamodb:PutItem",
                          - "dynamodb:UpdateItem",
                          - "dynamodb:DeleteItem",
                          - "dynamodb:Query",
                        ]
                      - Effect   = "Deny"
                      - Resource = [
                          - "arn:aws:dynamodb:us-east-1:000000000000:table/cl-365ded-projections",
                          - "arn:aws:dynamodb:us-east-1:000000000000:table/cl-365ded-projections/index/AccountIndex",
                        ]
                    },
                  - {
                      - Action   = [
                          - "kms:DisableKey",
                          - "kms:ScheduleKeyDeletion",
                        ]
                      - Effect   = "Deny"
                      - Resource = [
                          - "arn:aws:kms:us-east-1:000000000000:key/4315e0a3-0e84-4639-84e3-5f97c10f638c",
                          - "arn:aws:kms:us-east-1:000000000000:key/072b2cc1-9180-4294-9202-dd7d9b2e3df6",
                          - "arn:aws:kms:us-east-1:000000000000:key/c0276d5e-d53e-4168-bf94-07d651f6c451",
                          - "arn:aws:kms:us-east-1:000000000000:key/9166e9e4-8819-4b79-b205-4f68678e2428",
                        ]
                    },
                  - {
                      - Action   = [
                          - "kms:Decrypt",
                          - "kms:GenerateDataKey",
                        ]
                      - Effect   = "Deny"
                      - Resource = [
                          - "arn:aws:kms:us-east-1:000000000000:key/c0276d5e-d53e-4168-bf94-07d651f6c451",
                          - "arn:aws:kms:us-east-1:000000000000:key/9166e9e4-8819-4b79-b205-4f68678e2428",
                        ]
                    },
                  - {
                      - Action   = [
                          - "logs:CreateLogStream",
                          - "logs:PutLogEvents",
                        ]
                      - Effect   = "Deny"
                      - Resource = [
                          - "arn:aws:logs:us-east-1:000000000000:log-group:/clearledger/cl-365ded/api:*",
                          - "arn:aws:logs:us-east-1:000000000000:log-group:/clearledger/cl-365ded/projector:*",
                          - "arn:aws:logs:us-east-1:000000000000:log-group:/clearledger/cl-365ded/outbox-relay:*",
                        ]
                    },
                  - {
                      - Action   = [
                          - "logs:CreateLogStream",
                          - "logs:PutLogEvents",
                          - "logs:DescribeLogStreams",
                        ]
                      - Effect   = "Allow"
                      - Resource = [
                          - "arn:aws:logs:us-east-1:000000000000:log-group:/clearledger/cl-365ded/audit-archiver:*",
                        ]
                    },
                  - {
                      - Action   = [
                          - "kms:Decrypt",
                          - "kms:GenerateDataKey",
                          - "kms:DescribeKey",
                        ]
                      - Effect   = "Allow"
                      - Resource = [
                          - "arn:aws:kms:us-east-1:000000000000:key/4315e0a3-0e84-4639-84e3-5f97c10f638c",
                          - "arn:aws:kms:us-east-1:000000000000:key/072b2cc1-9180-4294-9202-dd7d9b2e3df6",
                        ]
                    },
                ]
              - Version   = "2012-10-17"
            }
        ) -> null
      - role        = "cl-365ded-archiver" -> null
        # (1 unchanged attribute hidden)
    }

  # aws_iam_role_policy.canonical["ecs_execution"] will be destroyed
  - resource "aws_iam_role_policy" "canonical" {
      - id          = "cl-365ded-ecs_execution:cl-365ded-ecs_execution-canonical" -> null
      - name        = "cl-365ded-ecs_execution-canonical" -> null
      - policy      = jsonencode(
            {
              - Statement = [
                  - {
                      - Action   = [
                          - "sqs:SendMessage",
                          - "sqs:ReceiveMessage",
                          - "sqs:DeleteMessage",
                        ]
                      - Effect   = "Deny"
                      - Resource = [
                          - "arn:aws:sqs:us-east-1:000000000000:cl-365ded-events",
                          - "arn:aws:sqs:us-east-1:000000000000:cl-365ded-dlq",
                        ]
                    },
                  - {
                      - Action   = [
                          - "dynamodb:GetItem",
                          - "dynamodb:PutItem",
                          - "dynamodb:UpdateItem",
                          - "dynamodb:DeleteItem",
                          - "dynamodb:Query",
                        ]
                      - Effect   = "Deny"
                      - Resource = [
                          - "arn:aws:dynamodb:us-east-1:000000000000:table/cl-365ded-projections",
                          - "arn:aws:dynamodb:us-east-1:000000000000:table/cl-365ded-projections/index/AccountIndex",
                        ]
                    },
                  - {
                      - Action   = [
                          - "s3:GetObject",
                          - "s3:PutObject",
                          - "s3:DeleteObject",
                          - "s3:ListBucket",
                        ]
                      - Effect   = "Deny"
                      - Resource = [
                          - "arn:aws:s3:::cl-365ded-audit",
                          - "arn:aws:s3:::cl-365ded-audit/*",
                        ]
                    },
                  - {
                      - Action   = [
                          - "kms:DisableKey",
                          - "kms:ScheduleKeyDeletion",
                        ]
                      - Effect   = "Deny"
                      - Resource = [
                          - "arn:aws:kms:us-east-1:000000000000:key/4315e0a3-0e84-4639-84e3-5f97c10f638c",
                          - "arn:aws:kms:us-east-1:000000000000:key/072b2cc1-9180-4294-9202-dd7d9b2e3df6",
                          - "arn:aws:kms:us-east-1:000000000000:key/c0276d5e-d53e-4168-bf94-07d651f6c451",
                          - "arn:aws:kms:us-east-1:000000000000:key/9166e9e4-8819-4b79-b205-4f68678e2428",
                        ]
                    },
                  - {
                      - Action   = [
                          - "kms:Decrypt",
                          - "kms:GenerateDataKey",
                        ]
                      - Effect   = "Deny"
                      - Resource = [
                          - "arn:aws:kms:us-east-1:000000000000:key/4315e0a3-0e84-4639-84e3-5f97c10f638c",
                          - "arn:aws:kms:us-east-1:000000000000:key/072b2cc1-9180-4294-9202-dd7d9b2e3df6",
                          - "arn:aws:kms:us-east-1:000000000000:key/c0276d5e-d53e-4168-bf94-07d651f6c451",
                          - "arn:aws:kms:us-east-1:000000000000:key/9166e9e4-8819-4b79-b205-4f68678e2428",
                        ]
                    },
                  - {
                      - Action   = [
                          - "logs:CreateLogStream",
                          - "logs:PutLogEvents",
                        ]
                      - Effect   = "Deny"
                      - Resource = [
                          - "arn:aws:logs:us-east-1:000000000000:log-group:/clearledger/cl-365ded/audit-archiver:*",
                          - "arn:aws:logs:us-east-1:000000000000:log-group:/clearledger/cl-365ded/projector:*",
                          - "arn:aws:logs:us-east-1:000000000000:log-group:/clearledger/cl-365ded/outbox-relay:*",
                        ]
                    },
                  - {
                      - Action   = [
                          - "logs:CreateLogStream",
                          - "logs:PutLogEvents",
                          - "logs:DescribeLogStreams",
                        ]
                      - Effect   = "Allow"
                      - Resource = [
                          - "arn:aws:logs:us-east-1:000000000000:log-group:/clearledger/cl-365ded/api:*",
                        ]
                    },
                ]
              - Version   = "2012-10-17"
            }
        ) -> null
      - role        = "cl-365ded-ecs_execution" -> null
        # (1 unchanged attribute hidden)
    }

  # aws_iam_role_policy.canonical["ecs_task"] will be destroyed
  - resource "aws_iam_role_policy" "canonical" {
      - id          = "cl-365ded-ecs_task:cl-365ded-ecs_task-canonical" -> null
      - name        = "cl-365ded-ecs_task-canonical" -> null
      - policy      = jsonencode(
            {
              - Statement = [
                  - {
                      - Action   = [
                          - "sqs:SendMessage",
                          - "sqs:GetQueueAttributes",
                          - "sqs:GetQueueUrl",
                        ]
                      - Effect   = "Allow"
                      - Resource = [
                          - "arn:aws:sqs:us-east-1:000000000000:cl-365ded-events",
                        ]
                    },
                  - {
                      - Action   = [
                          - "dynamodb:GetItem",
                          - "dynamodb:Query",
                          - "dynamodb:DescribeTable",
                        ]
                      - Effect   = "Allow"
                      - Resource = [
                          - "arn:aws:dynamodb:us-east-1:000000000000:table/cl-365ded-projections",
                          - "arn:aws:dynamodb:us-east-1:000000000000:table/cl-365ded-projections/index/AccountIndex",
                        ]
                    },
                  - {
                      - Action   = [
                          - "sqs:ReceiveMessage",
                          - "sqs:DeleteMessage",
                        ]
                      - Effect   = "Deny"
                      - Resource = [
                          - "arn:aws:sqs:us-east-1:000000000000:cl-365ded-events",
                        ]
                    },
                  - {
                      - Action   = [
                          - "sqs:SendMessage",
                          - "sqs:ReceiveMessage",
                          - "sqs:DeleteMessage",
                        ]
                      - Effect   = "Deny"
                      - Resource = [
                          - "arn:aws:sqs:us-east-1:000000000000:cl-365ded-dlq",
                        ]
                    },
                  - {
                      - Action   = [
                          - "dynamodb:PutItem",
                          - "dynamodb:UpdateItem",
                          - "dynamodb:DeleteItem",
                          - "dynamodb:DeleteTable",
                        ]
                      - Effect   = "Deny"
                      - Resource = [
                          - "arn:aws:dynamodb:us-east-1:000000000000:table/cl-365ded-projections",
                          - "arn:aws:dynamodb:us-east-1:000000000000:table/cl-365ded-projections/index/AccountIndex",
                        ]
                    },
                  - {
                      - Action   = [
                          - "s3:GetObject",
                          - "s3:PutObject",
                          - "s3:DeleteObject",
                          - "s3:ListBucket",
                        ]
                      - Effect   = "Deny"
                      - Resource = [
                          - "arn:aws:s3:::cl-365ded-audit",
                          - "arn:aws:s3:::cl-365ded-audit/*",
                        ]
                    },
                  - {
                      - Action   = [
                          - "kms:DisableKey",
                          - "kms:ScheduleKeyDeletion",
                        ]
                      - Effect   = "Deny"
                      - Resource = [
                          - "arn:aws:kms:us-east-1:000000000000:key/4315e0a3-0e84-4639-84e3-5f97c10f638c",
                          - "arn:aws:kms:us-east-1:000000000000:key/072b2cc1-9180-4294-9202-dd7d9b2e3df6",
                          - "arn:aws:kms:us-east-1:000000000000:key/c0276d5e-d53e-4168-bf94-07d651f6c451",
                          - "arn:aws:kms:us-east-1:000000000000:key/9166e9e4-8819-4b79-b205-4f68678e2428",
                        ]
                    },
                  - {
                      - Action   = [
                          - "kms:Decrypt",
                          - "kms:GenerateDataKey",
                        ]
                      - Effect   = "Deny"
                      - Resource = [
                          - "arn:aws:kms:us-east-1:000000000000:key/4315e0a3-0e84-4639-84e3-5f97c10f638c",
                          - "arn:aws:kms:us-east-1:000000000000:key/072b2cc1-9180-4294-9202-dd7d9b2e3df6",
                        ]
                    },
                  - {
                      - Action   = [
                          - "logs:CreateLogStream",
                          - "logs:PutLogEvents",
                        ]
                      - Effect   = "Deny"
                      - Resource = [
                          - "arn:aws:logs:us-east-1:000000000000:log-group:/clearledger/cl-365ded/audit-archiver:*",
                          - "arn:aws:logs:us-east-1:000000000000:log-group:/clearledger/cl-365ded/projector:*",
                          - "arn:aws:logs:us-east-1:000000000000:log-group:/clearledger/cl-365ded/outbox-relay:*",
                        ]
                    },
                  - {
                      - Action   = [
                          - "logs:CreateLogStream",
                          - "logs:PutLogEvents",
                          - "logs:DescribeLogStreams",
                        ]
                      - Effect   = "Allow"
                      - Resource = [
                          - "arn:aws:logs:us-east-1:000000000000:log-group:/clearledger/cl-365ded/api:*",
                        ]
                    },
                  - {
                      - Action   = [
                          - "kms:Decrypt",
                          - "kms:GenerateDataKey",
                          - "kms:DescribeKey",
                        ]
                      - Effect   = "Allow"
                      - Resource = [
                          - "arn:aws:kms:us-east-1:000000000000:key/c0276d5e-d53e-4168-bf94-07d651f6c451",
                          - "arn:aws:kms:us-east-1:000000000000:key/9166e9e4-8819-4b79-b205-4f68678e2428",
                        ]
                    },
                ]
              - Version   = "2012-10-17"
            }
        ) -> null
      - role        = "cl-365ded-ecs_task" -> null
        # (1 unchanged attribute hidden)
    }

  # aws_iam_role_policy.canonical["projector"] will be destroyed
  - resource "aws_iam_role_policy" "canonical" {
      - id          = "cl-365ded-projector:cl-365ded-projector-canonical" -> null
      - name        = "cl-365ded-projector-canonical" -> null
      - policy      = jsonencode(
            {
              - Statement = [
                  - {
                      - Action   = [
                          - "sqs:ReceiveMessage",
                          - "sqs:DeleteMessage",
                          - "sqs:GetQueueAttributes",
                          - "sqs:ChangeMessageVisibility",
                        ]
                      - Effect   = "Allow"
                      - Resource = [
                          - "arn:aws:sqs:us-east-1:000000000000:cl-365ded-events",
                        ]
                    },
                  - {
                      - Action   = [
                          - "sqs:SendMessage",
                        ]
                      - Effect   = "Allow"
                      - Resource = [
                          - "arn:aws:sqs:us-east-1:000000000000:cl-365ded-dlq",
                        ]
                    },
                  - {
                      - Action   = [
                          - "dynamodb:GetItem",
                          - "dynamodb:PutItem",
                          - "dynamodb:UpdateItem",
                          - "dynamodb:Query",
                        ]
                      - Effect   = "Allow"
                      - Resource = [
                          - "arn:aws:dynamodb:us-east-1:000000000000:table/cl-365ded-projections",
                          - "arn:aws:dynamodb:us-east-1:000000000000:table/cl-365ded-projections/index/AccountIndex",
                        ]
                    },
                  - {
                      - Action   = [
                          - "sqs:SendMessage",
                        ]
                      - Effect   = "Deny"
                      - Resource = [
                          - "arn:aws:sqs:us-east-1:000000000000:cl-365ded-events",
                        ]
                    },
                  - {
                      - Action   = [
                          - "sqs:ReceiveMessage",
                          - "sqs:DeleteMessage",
                        ]
                      - Effect   = "Deny"
                      - Resource = [
                          - "arn:aws:sqs:us-east-1:000000000000:cl-365ded-dlq",
                        ]
                    },
                  - {
                      - Action   = [
                          - "dynamodb:DeleteItem",
                          - "dynamodb:DeleteTable",
                        ]
                      - Effect   = "Deny"
                      - Resource = [
                          - "arn:aws:dynamodb:us-east-1:000000000000:table/cl-365ded-projections",
                          - "arn:aws:dynamodb:us-east-1:000000000000:table/cl-365ded-projections/index/AccountIndex",
                        ]
                    },
                  - {
                      - Action   = [
                          - "s3:GetObject",
                          - "s3:PutObject",
                          - "s3:DeleteObject",
                          - "s3:ListBucket",
                        ]
                      - Effect   = "Deny"
                      - Resource = [
                          - "arn:aws:s3:::cl-365ded-audit",
                          - "arn:aws:s3:::cl-365ded-audit/*",
                        ]
                    },
                  - {
                      - Action   = [
                          - "kms:DisableKey",
                          - "kms:ScheduleKeyDeletion",
                        ]
                      - Effect   = "Deny"
                      - Resource = [
                          - "arn:aws:kms:us-east-1:000000000000:key/4315e0a3-0e84-4639-84e3-5f97c10f638c",
                          - "arn:aws:kms:us-east-1:000000000000:key/072b2cc1-9180-4294-9202-dd7d9b2e3df6",
                          - "arn:aws:kms:us-east-1:000000000000:key/c0276d5e-d53e-4168-bf94-07d651f6c451",
                          - "arn:aws:kms:us-east-1:000000000000:key/9166e9e4-8819-4b79-b205-4f68678e2428",
                        ]
                    },
                  - {
                      - Action   = [
                          - "kms:Decrypt",
                          - "kms:GenerateDataKey",
                        ]
                      - Effect   = "Deny"
                      - Resource = [
                          - "arn:aws:kms:us-east-1:000000000000:key/4315e0a3-0e84-4639-84e3-5f97c10f638c",
                          - "arn:aws:kms:us-east-1:000000000000:key/072b2cc1-9180-4294-9202-dd7d9b2e3df6",
                        ]
                    },
                  - {
                      - Action   = [
                          - "logs:CreateLogStream",
                          - "logs:PutLogEvents",
                        ]
                      - Effect   = "Deny"
                      - Resource = [
                          - "arn:aws:logs:us-east-1:000000000000:log-group:/clearledger/cl-365ded/api:*",
                          - "arn:aws:logs:us-east-1:000000000000:log-group:/clearledger/cl-365ded/audit-archiver:*",
                          - "arn:aws:logs:us-east-1:000000000000:log-group:/clearledger/cl-365ded/outbox-relay:*",
                        ]
                    },
                  - {
                      - Action   = [
                          - "logs:CreateLogStream",
                          - "logs:PutLogEvents",
                          - "logs:DescribeLogStreams",
                        ]
                      - Effect   = "Allow"
                      - Resource = [
                          - "arn:aws:logs:us-east-1:000000000000:log-group:/clearledger/cl-365ded/projector:*",
                        ]
                    },
                  - {
                      - Action   = [
                          - "kms:Decrypt",
                          - "kms:GenerateDataKey",
                          - "kms:DescribeKey",
                        ]
                      - Effect   = "Allow"
                      - Resource = [
                          - "arn:aws:kms:us-east-1:000000000000:key/c0276d5e-d53e-4168-bf94-07d651f6c451",
                          - "arn:aws:kms:us-east-1:000000000000:key/9166e9e4-8819-4b79-b205-4f68678e2428",
                        ]
                    },
                ]
              - Version   = "2012-10-17"
            }
        ) -> null
      - role        = "cl-365ded-projector" -> null
        # (1 unchanged attribute hidden)
    }

  # aws_iam_role_policy.canonical["relay"] will be destroyed
  - resource "aws_iam_role_policy" "canonical" {
      - id          = "cl-365ded-relay:cl-365ded-relay-canonical" -> null
      - name        = "cl-365ded-relay-canonical" -> null
      - policy      = jsonencode(
            {
              - Statement = [
                  - {
                      - Action   = [
                          - "sqs:SendMessage",
                          - "sqs:GetQueueAttributes",
                          - "sqs:GetQueueUrl",
                        ]
                      - Effect   = "Allow"
                      - Resource = [
                          - "arn:aws:sqs:us-east-1:000000000000:cl-365ded-events",
                        ]
                    },
                  - {
                      - Action   = [
                          - "sqs:ReceiveMessage",
                          - "sqs:DeleteMessage",
                        ]
                      - Effect   = "Deny"
                      - Resource = [
                          - "arn:aws:sqs:us-east-1:000000000000:cl-365ded-events",
                        ]
                    },
                  - {
                      - Action   = [
                          - "sqs:SendMessage",
                          - "sqs:ReceiveMessage",
                          - "sqs:DeleteMessage",
                        ]
                      - Effect   = "Deny"
                      - Resource = [
                          - "arn:aws:sqs:us-east-1:000000000000:cl-365ded-dlq",
                        ]
                    },
                  - {
                      - Action   = [
                          - "dynamodb:GetItem",
                          - "dynamodb:PutItem",
                          - "dynamodb:UpdateItem",
                          - "dynamodb:DeleteItem",
                          - "dynamodb:Query",
                        ]
                      - Effect   = "Deny"
                      - Resource = [
                          - "arn:aws:dynamodb:us-east-1:000000000000:table/cl-365ded-projections",
                          - "arn:aws:dynamodb:us-east-1:000000000000:table/cl-365ded-projections/index/AccountIndex",
                        ]
                    },
                  - {
                      - Action   = [
                          - "s3:GetObject",
                          - "s3:PutObject",
                          - "s3:DeleteObject",
                          - "s3:ListBucket",
                        ]
                      - Effect   = "Deny"
                      - Resource = [
                          - "arn:aws:s3:::cl-365ded-audit",
                          - "arn:aws:s3:::cl-365ded-audit/*",
                        ]
                    },
                  - {
                      - Action   = [
                          - "kms:DisableKey",
                          - "kms:ScheduleKeyDeletion",
                        ]
                      - Effect   = "Deny"
                      - Resource = [
                          - "arn:aws:kms:us-east-1:000000000000:key/4315e0a3-0e84-4639-84e3-5f97c10f638c",
                          - "arn:aws:kms:us-east-1:000000000000:key/072b2cc1-9180-4294-9202-dd7d9b2e3df6",
                          - "arn:aws:kms:us-east-1:000000000000:key/c0276d5e-d53e-4168-bf94-07d651f6c451",
                          - "arn:aws:kms:us-east-1:000000000000:key/9166e9e4-8819-4b79-b205-4f68678e2428",
                        ]
                    },
                  - {
                      - Action   = [
                          - "kms:Decrypt",
                          - "kms:GenerateDataKey",
                        ]
                      - Effect   = "Deny"
                      - Resource = [
                          - "arn:aws:kms:us-east-1:000000000000:key/4315e0a3-0e84-4639-84e3-5f97c10f638c",
                          - "arn:aws:kms:us-east-1:000000000000:key/9166e9e4-8819-4b79-b205-4f68678e2428",
                        ]
                    },
                  - {
                      - Action   = [
                          - "logs:CreateLogStream",
                          - "logs:PutLogEvents",
                        ]
                      - Effect   = "Deny"
                      - Resource = [
                          - "arn:aws:logs:us-east-1:000000000000:log-group:/clearledger/cl-365ded/api:*",
                          - "arn:aws:logs:us-east-1:000000000000:log-group:/clearledger/cl-365ded/audit-archiver:*",
                          - "arn:aws:logs:us-east-1:000000000000:log-group:/clearledger/cl-365ded/projector:*",
                        ]
                    },
                  - {
                      - Action   = [
                          - "logs:CreateLogStream",
                          - "logs:PutLogEvents",
                          - "logs:DescribeLogStreams",
                        ]
                      - Effect   = "Allow"
                      - Resource = [
                          - "arn:aws:logs:us-east-1:000000000000:log-group:/clearledger/cl-365ded/outbox-relay:*",
                        ]
                    },
                  - {
                      - Action   = [
                          - "kms:Decrypt",
                          - "kms:GenerateDataKey",
                          - "kms:DescribeKey",
                        ]
                      - Effect   = "Allow"
                      - Resource = [
                          - "arn:aws:kms:us-east-1:000000000000:key/c0276d5e-d53e-4168-bf94-07d651f6c451",
                          - "arn:aws:kms:us-east-1:000000000000:key/072b2cc1-9180-4294-9202-dd7d9b2e3df6",
                        ]
                    },
                ]
              - Version   = "2012-10-17"
            }
        ) -> null
      - role        = "cl-365ded-relay" -> null
        # (1 unchanged attribute hidden)
    }

  # aws_iam_role_policy.canonical["scheduler"] will be destroyed
  - resource "aws_iam_role_policy" "canonical" {
      - id          = "cl-365ded-scheduler:cl-365ded-scheduler-canonical" -> null
      - name        = "cl-365ded-scheduler-canonical" -> null
      - policy      = jsonencode(
            {
              - Statement = [
                  - {
                      - Action   = [
                          - "lambda:InvokeFunction",
                        ]
                      - Effect   = "Allow"
                      - Resource = [
                          - "arn:aws:lambda:us-east-1:000000000000:function:cl-365ded-relay",
                          - "arn:aws:lambda:us-east-1:000000000000:function:cl-365ded-archiver",
                        ]
                    },
                  - {
                      - Action   = [
                          - "lambda:InvokeFunction",
                        ]
                      - Effect   = "Deny"
                      - Resource = [
                          - "arn:aws:lambda:us-east-1:000000000000:function:cl-365ded-projector",
                        ]
                    },
                  - {
                      - Action   = [
                          - "sqs:SendMessage",
                          - "sqs:ReceiveMessage",
                          - "sqs:DeleteMessage",
                        ]
                      - Effect   = "Deny"
                      - Resource = [
                          - "arn:aws:sqs:us-east-1:000000000000:cl-365ded-events",
                          - "arn:aws:sqs:us-east-1:000000000000:cl-365ded-dlq",
                        ]
                    },
                  - {
                      - Action   = [
                          - "dynamodb:GetItem",
                          - "dynamodb:PutItem",
                          - "dynamodb:UpdateItem",
                          - "dynamodb:DeleteItem",
                          - "dynamodb:Query",
                        ]
                      - Effect   = "Deny"
                      - Resource = [
                          - "arn:aws:dynamodb:us-east-1:000000000000:table/cl-365ded-projections",
                          - "arn:aws:dynamodb:us-east-1:000000000000:table/cl-365ded-projections/index/AccountIndex",
                        ]
                    },
                  - {
                      - Action   = [
                          - "s3:GetObject",
                          - "s3:PutObject",
                          - "s3:DeleteObject",
                          - "s3:ListBucket",
                        ]
                      - Effect   = "Deny"
                      - Resource = [
                          - "arn:aws:s3:::cl-365ded-audit",
                          - "arn:aws:s3:::cl-365ded-audit/*",
                        ]
                    },
                  - {
                      - Action   = [
                          - "kms:DisableKey",
                          - "kms:ScheduleKeyDeletion",
                        ]
                      - Effect   = "Deny"
                      - Resource = [
                          - "arn:aws:kms:us-east-1:000000000000:key/4315e0a3-0e84-4639-84e3-5f97c10f638c",
                          - "arn:aws:kms:us-east-1:000000000000:key/072b2cc1-9180-4294-9202-dd7d9b2e3df6",
                          - "arn:aws:kms:us-east-1:000000000000:key/c0276d5e-d53e-4168-bf94-07d651f6c451",
                          - "arn:aws:kms:us-east-1:000000000000:key/9166e9e4-8819-4b79-b205-4f68678e2428",
                        ]
                    },
                  - {
                      - Action   = [
                          - "kms:Decrypt",
                          - "kms:GenerateDataKey",
                        ]
                      - Effect   = "Deny"
                      - Resource = [
                          - "arn:aws:kms:us-east-1:000000000000:key/4315e0a3-0e84-4639-84e3-5f97c10f638c",
                          - "arn:aws:kms:us-east-1:000000000000:key/072b2cc1-9180-4294-9202-dd7d9b2e3df6",
                          - "arn:aws:kms:us-east-1:000000000000:key/c0276d5e-d53e-4168-bf94-07d651f6c451",
                          - "arn:aws:kms:us-east-1:000000000000:key/9166e9e4-8819-4b79-b205-4f68678e2428",
                        ]
                    },
                  - {
                      - Action   = [
                          - "logs:CreateLogStream",
                          - "logs:PutLogEvents",
                        ]
                      - Effect   = "Deny"
                      - Resource = [
                          - "arn:aws:logs:us-east-1:000000000000:log-group:/clearledger/cl-365ded/api:*",
                          - "arn:aws:logs:us-east-1:000000000000:log-group:/clearledger/cl-365ded/audit-archiver:*",
                          - "arn:aws:logs:us-east-1:000000000000:log-group:/clearledger/cl-365ded/projector:*",
                          - "arn:aws:logs:us-east-1:000000000000:log-group:/clearledger/cl-365ded/outbox-relay:*",
                        ]
                    },
                ]
              - Version   = "2012-10-17"
            }
        ) -> null
      - role        = "cl-365ded-scheduler" -> null
        # (1 unchanged attribute hidden)
    }

  # aws_internet_gateway.main will be destroyed
  - resource "aws_internet_gateway" "main" {
      - arn      = "arn:aws:ec2:us-east-1:000000000000:internet-gateway/igw-03a5e90e" -> null
      - id       = "igw-03a5e90e" -> null
      - owner_id = "000000000000" -> null
      - region   = "us-east-1" -> null
      - tags     = {
          - "Name" = "cl-365ded-igw"
        } -> null
      - tags_all = {
          - "ClearLedgerDeployment" = "cl-365ded"
          - "Name"                  = "cl-365ded-igw"
        } -> null
      - vpc_id   = "vpc-1a018021" -> null
    }

  # aws_kms_alias.keys["audit"] will be destroyed
  - resource "aws_kms_alias" "keys" {
      - arn            = "arn:aws:kms:us-east-1:000000000000:alias/cl-365ded-audit" -> null
      - id             = "alias/cl-365ded-audit" -> null
      - name           = "alias/cl-365ded-audit" -> null
      - region         = "us-east-1" -> null
      - target_key_arn = "arn:aws:kms:us-east-1:000000000000:key/4315e0a3-0e84-4639-84e3-5f97c10f638c" -> null
      - target_key_id  = "4315e0a3-0e84-4639-84e3-5f97c10f638c" -> null
        # (1 unchanged attribute hidden)
    }

  # aws_kms_alias.keys["database"] will be destroyed
  - resource "aws_kms_alias" "keys" {
      - arn            = "arn:aws:kms:us-east-1:000000000000:alias/cl-365ded-database" -> null
      - id             = "alias/cl-365ded-database" -> null
      - name           = "alias/cl-365ded-database" -> null
      - region         = "us-east-1" -> null
      - target_key_arn = "arn:aws:kms:us-east-1:000000000000:key/072b2cc1-9180-4294-9202-dd7d9b2e3df6" -> null
      - target_key_id  = "072b2cc1-9180-4294-9202-dd7d9b2e3df6" -> null
        # (1 unchanged attribute hidden)
    }

  # aws_kms_alias.keys["messaging"] will be destroyed
  - resource "aws_kms_alias" "keys" {
      - arn            = "arn:aws:kms:us-east-1:000000000000:alias/cl-365ded-messaging" -> null
      - id             = "alias/cl-365ded-messaging" -> null
      - name           = "alias/cl-365ded-messaging" -> null
      - region         = "us-east-1" -> null
      - target_key_arn = "arn:aws:kms:us-east-1:000000000000:key/c0276d5e-d53e-4168-bf94-07d651f6c451" -> null
      - target_key_id  = "c0276d5e-d53e-4168-bf94-07d651f6c451" -> null
        # (1 unchanged attribute hidden)
    }

  # aws_kms_alias.keys["projection"] will be destroyed
  - resource "aws_kms_alias" "keys" {
      - arn            = "arn:aws:kms:us-east-1:000000000000:alias/cl-365ded-projection" -> null
      - id             = "alias/cl-365ded-projection" -> null
      - name           = "alias/cl-365ded-projection" -> null
      - region         = "us-east-1" -> null
      - target_key_arn = "arn:aws:kms:us-east-1:000000000000:key/9166e9e4-8819-4b79-b205-4f68678e2428" -> null
      - target_key_id  = "9166e9e4-8819-4b79-b205-4f68678e2428" -> null
        # (1 unchanged attribute hidden)
    }

  # aws_kms_key.keys["audit"] will be destroyed
  - resource "aws_kms_key" "keys" {
      - arn                                = "arn:aws:kms:us-east-1:000000000000:key/4315e0a3-0e84-4639-84e3-5f97c10f638c" -> null
      - bypass_policy_lockout_safety_check = false -> null
      - customer_master_key_spec           = "SYMMETRIC_DEFAULT" -> null
      - deletion_window_in_days            = 10 -> null
      - description                        = "cl-365ded-audit" -> null
      - enable_key_rotation                = true -> null
      - id                                 = "4315e0a3-0e84-4639-84e3-5f97c10f638c" -> null
      - is_enabled                         = true -> null
      - key_id                             = "4315e0a3-0e84-4639-84e3-5f97c10f638c" -> null
      - key_usage                          = "ENCRYPT_DECRYPT" -> null
      - multi_region                       = false -> null
      - policy                             = jsonencode(
            {
              - Statement = [
                  - {
                      - Action    = "kms:*"
                      - Effect    = "Allow"
                      - Principal = {
                          - AWS = "arn:aws:iam::000000000000:root"
                        }
                      - Resource  = "*"
                      - Sid       = "Enable IAM User Permissions"
                    },
                ]
              - Version   = "2012-10-17"
            }
        ) -> null
      - region                             = "us-east-1" -> null
      - rotation_period_in_days            = 0 -> null
      - tags                               = {
          - "ClearLedgerKeyUsage" = "audit"
          - "Name"                = "cl-365ded-audit"
        } -> null
      - tags_all                           = {
          - "ClearLedgerDeployment" = "cl-365ded"
          - "ClearLedgerKeyUsage"   = "audit"
          - "Name"                  = "cl-365ded-audit"
        } -> null
        # (2 unchanged attributes hidden)
    }

  # aws_kms_key.keys["database"] will be destroyed
  - resource "aws_kms_key" "keys" {
      - arn                                = "arn:aws:kms:us-east-1:000000000000:key/072b2cc1-9180-4294-9202-dd7d9b2e3df6" -> null
      - bypass_policy_lockout_safety_check = false -> null
      - customer_master_key_spec           = "SYMMETRIC_DEFAULT" -> null
      - deletion_window_in_days            = 10 -> null
      - description                        = "cl-365ded-database" -> null
      - enable_key_rotation                = true -> null
      - id                                 = "072b2cc1-9180-4294-9202-dd7d9b2e3df6" -> null
      - is_enabled                         = true -> null
      - key_id                             = "072b2cc1-9180-4294-9202-dd7d9b2e3df6" -> null
      - key_usage                          = "ENCRYPT_DECRYPT" -> null
      - multi_region                       = false -> null
      - policy                             = jsonencode(
            {
              - Statement = [
                  - {
                      - Action    = "kms:*"
                      - Effect    = "Allow"
                      - Principal = {
                          - AWS = "arn:aws:iam::000000000000:root"
                        }
                      - Resource  = "*"
                      - Sid       = "Enable IAM User Permissions"
                    },
                ]
              - Version   = "2012-10-17"
            }
        ) -> null
      - region                             = "us-east-1" -> null
      - rotation_period_in_days            = 0 -> null
      - tags                               = {
          - "ClearLedgerKeyUsage" = "database"
          - "Name"                = "cl-365ded-database"
        } -> null
      - tags_all                           = {
          - "ClearLedgerDeployment" = "cl-365ded"
          - "ClearLedgerKeyUsage"   = "database"
          - "Name"                  = "cl-365ded-database"
        } -> null
        # (2 unchanged attributes hidden)
    }

  # aws_kms_key.keys["messaging"] will be destroyed
  - resource "aws_kms_key" "keys" {
      - arn                                = "arn:aws:kms:us-east-1:000000000000:key/c0276d5e-d53e-4168-bf94-07d651f6c451" -> null
      - bypass_policy_lockout_safety_check = false -> null
      - customer_master_key_spec           = "SYMMETRIC_DEFAULT" -> null
      - deletion_window_in_days            = 10 -> null
      - description                        = "cl-365ded-messaging" -> null
      - enable_key_rotation                = true -> null
      - id                                 = "c0276d5e-d53e-4168-bf94-07d651f6c451" -> null
      - is_enabled                         = true -> null
      - key_id                             = "c0276d5e-d53e-4168-bf94-07d651f6c451" -> null
      - key_usage                          = "ENCRYPT_DECRYPT" -> null
      - multi_region                       = false -> null
      - policy                             = jsonencode(
            {
              - Statement = [
                  - {
                      - Action    = "kms:*"
                      - Effect    = "Allow"
                      - Principal = {
                          - AWS = "arn:aws:iam::000000000000:root"
                        }
                      - Resource  = "*"
                      - Sid       = "Enable IAM User Permissions"
                    },
                ]
              - Version   = "2012-10-17"
            }
        ) -> null
      - region                             = "us-east-1" -> null
      - rotation_period_in_days            = 0 -> null
      - tags                               = {
          - "ClearLedgerKeyUsage" = "messaging"
          - "Name"                = "cl-365ded-messaging"
        } -> null
      - tags_all                           = {
          - "ClearLedgerDeployment" = "cl-365ded"
          - "ClearLedgerKeyUsage"   = "messaging"
          - "Name"                  = "cl-365ded-messaging"
        } -> null
        # (2 unchanged attributes hidden)
    }

  # aws_kms_key.keys["projection"] will be destroyed
  - resource "aws_kms_key" "keys" {
      - arn                                = "arn:aws:kms:us-east-1:000000000000:key/9166e9e4-8819-4b79-b205-4f68678e2428" -> null
      - bypass_policy_lockout_safety_check = false -> null
      - customer_master_key_spec           = "SYMMETRIC_DEFAULT" -> null
      - deletion_window_in_days            = 10 -> null
      - description                        = "cl-365ded-projection" -> null
      - enable_key_rotation                = true -> null
      - id                                 = "9166e9e4-8819-4b79-b205-4f68678e2428" -> null
      - is_enabled                         = true -> null
      - key_id                             = "9166e9e4-8819-4b79-b205-4f68678e2428" -> null
      - key_usage                          = "ENCRYPT_DECRYPT" -> null
      - multi_region                       = false -> null
      - policy                             = jsonencode(
            {
              - Statement = [
                  - {
                      - Action    = "kms:*"
                      - Effect    = "Allow"
                      - Principal = {
                          - AWS = "arn:aws:iam::000000000000:root"
                        }
                      - Resource  = "*"
                      - Sid       = "Enable IAM User Permissions"
                    },
                ]
              - Version   = "2012-10-17"
            }
        ) -> null
      - region                             = "us-east-1" -> null
      - rotation_period_in_days            = 0 -> null
      - tags                               = {
          - "ClearLedgerKeyUsage" = "projection"
          - "Name"                = "cl-365ded-projection"
        } -> null
      - tags_all                           = {
          - "ClearLedgerDeployment" = "cl-365ded"
          - "ClearLedgerKeyUsage"   = "projection"
          - "Name"                  = "cl-365ded-projection"
        } -> null
        # (2 unchanged attributes hidden)
    }

  # aws_lambda_event_source_mapping.projector will be destroyed
  - resource "aws_lambda_event_source_mapping" "projector" {
      - batch_size                         = 5 -> null
      - bisect_batch_on_function_error     = false -> null
      - enabled                            = true -> null
      - event_source_arn                   = "arn:aws:sqs:us-east-1:000000000000:cl-365ded-events" -> null
      - function_arn                       = "arn:aws:lambda:us-east-1:000000000000:function:cl-365ded-projector" -> null
      - function_name                      = "arn:aws:lambda:us-east-1:000000000000:function:cl-365ded-projector" -> null
      - function_response_types            = [
          - "ReportBatchItemFailures",
        ] -> null
      - id                                 = "7cf5d1fa-e848-4c44-b9ff-c6a875be415f" -> null
      - last_modified                      = "2026-10-10T08:59:31Z" -> null
      - maximum_batching_window_in_seconds = 0 -> null
      - maximum_record_age_in_seconds      = 0 -> null
      - maximum_retry_attempts             = 0 -> null
      - parallelization_factor             = 0 -> null
      - queues                             = [] -> null
      - region                             = "us-east-1" -> null
      - state                              = "Enabled" -> null
      - tags                               = {} -> null
      - tags_all                           = {} -> null
      - topics                             = [] -> null
      - tumbling_window_in_seconds         = 0 -> null
      - uuid                               = "7cf5d1fa-e848-4c44-b9ff-c6a875be415f" -> null
        # (6 unchanged attributes hidden)
    }

  # aws_lambda_function.workers["archiver"] will be destroyed
  - resource "aws_lambda_function" "workers" {
      - architectures                  = [
          - "x86_64",
        ] -> null
      - arn                            = "arn:aws:lambda:us-east-1:000000000000:function:cl-365ded-archiver" -> null
      - function_name                  = "cl-365ded-archiver" -> null
      - id                             = "cl-365ded-archiver" -> null
      - image_uri                      = "clearledger/archiver:1.0.0" -> null
      - invoke_arn                     = "arn:aws:apigateway:us-east-1:lambda:path/2015-03-31/functions/arn:aws:lambda:us-east-1:000000000000:function:cl-365ded-archiver/invocations" -> null
      - last_modified                  = "2026-10-10T08:59:20.256+0000" -> null
      - layers                         = [] -> null
      - memory_size                    = 256 -> null
      - package_type                   = "Image" -> null
      - publish                        = false -> null
      - qualified_arn                  = "arn:aws:lambda:us-east-1:000000000000:function:cl-365ded-archiver" -> null
      - qualified_invoke_arn           = "arn:aws:apigateway:us-east-1:lambda:path/2015-03-31/functions/arn:aws:lambda:us-east-1:000000000000:function:cl-365ded-archiver/invocations" -> null
      - region                         = "us-east-1" -> null
      - reserved_concurrent_executions = -1 -> null
      - response_streaming_invoke_arn  = "arn:aws:apigateway:us-east-1:lambda:path/2021-11-15/functions/arn:aws:lambda:us-east-1:000000000000:function:cl-365ded-archiver/response-streaming-invocations" -> null
      - role                           = "arn:aws:iam::000000000000:role/cl-365ded-archiver" -> null
      - skip_destroy                   = false -> null
      - source_code_size               = 0 -> null
      - tags                           = {} -> null
      - tags_all                       = {
          - "ClearLedgerDeployment" = "cl-365ded"
        } -> null
      - timeout                        = 3 -> null
      - version                        = "$LATEST" -> null
        # (10 unchanged attributes hidden)

      - environment {
          - variables = {
              - "AUDIT_BUCKET"          = "cl-365ded-audit"
              - "AUDIT_PREFIX"          = "ledger-audit/"
              - "AWS_ACCESS_KEY_ID"     = "test"
              - "AWS_DEFAULT_REGION"    = "us-east-1"
              - "AWS_ENDPOINT_URL"      = "http://aws:4566"
              - "AWS_REGION"            = "us-east-1"
              - "AWS_SECRET_ACCESS_KEY" = "test"
              - "CLOUDWATCH_LOG_GROUP"  = "/clearledger/cl-365ded/audit-archiver"
              - "DATABASE_URL"          = "postgres://clearledger:Cl51518446ac%21@aws:7001/clearledger"
            } -> null
        }

      - ephemeral_storage {
          - size = 512 -> null
        }

      - image_config {
          - command           = [] -> null
          - entry_point       = [] -> null
            # (1 unchanged attribute hidden)
        }

      - logging_config {
          - log_format            = "Text" -> null
          - log_group             = "/aws/lambda/cl-365ded-archiver" -> null
            # (2 unchanged attributes hidden)
        }

      - tracing_config {
          - mode = "PassThrough" -> null
        }
    }

  # aws_lambda_function.workers["projector"] will be destroyed
  - resource "aws_lambda_function" "workers" {
      - architectures                  = [
          - "x86_64",
        ] -> null
      - arn                            = "arn:aws:lambda:us-east-1:000000000000:function:cl-365ded-projector" -> null
      - function_name                  = "cl-365ded-projector" -> null
      - id                             = "cl-365ded-projector" -> null
      - image_uri                      = "clearledger/projector:1.0.0" -> null
      - invoke_arn                     = "arn:aws:apigateway:us-east-1:lambda:path/2015-03-31/functions/arn:aws:lambda:us-east-1:000000000000:function:cl-365ded-projector/invocations" -> null
      - last_modified                  = "2026-10-10T08:59:20.263+0000" -> null
      - layers                         = [] -> null
      - memory_size                    = 256 -> null
      - package_type                   = "Image" -> null
      - publish                        = false -> null
      - qualified_arn                  = "arn:aws:lambda:us-east-1:000000000000:function:cl-365ded-projector" -> null
      - qualified_invoke_arn           = "arn:aws:apigateway:us-east-1:lambda:path/2015-03-31/functions/arn:aws:lambda:us-east-1:000000000000:function:cl-365ded-projector/invocations" -> null
      - region                         = "us-east-1" -> null
      - reserved_concurrent_executions = -1 -> null
      - response_streaming_invoke_arn  = "arn:aws:apigateway:us-east-1:lambda:path/2021-11-15/functions/arn:aws:lambda:us-east-1:000000000000:function:cl-365ded-projector/response-streaming-invocations" -> null
      - role                           = "arn:aws:iam::000000000000:role/cl-365ded-projector" -> null
      - skip_destroy                   = false -> null
      - source_code_size               = 0 -> null
      - tags                           = {} -> null
      - tags_all                       = {
          - "ClearLedgerDeployment" = "cl-365ded"
        } -> null
      - timeout                        = 3 -> null
      - version                        = "$LATEST" -> null
        # (10 unchanged attributes hidden)

      - environment {
          - variables = {
              - "AWS_ACCESS_KEY_ID"     = "test"
              - "AWS_DEFAULT_REGION"    = "us-east-1"
              - "AWS_ENDPOINT_URL"      = "http://aws:4566"
              - "AWS_REGION"            = "us-east-1"
              - "AWS_SECRET_ACCESS_KEY" = "test"
              - "CLOUDWATCH_LOG_GROUP"  = "/clearledger/cl-365ded/projector"
              - "PROJECTION_TABLE"      = "cl-365ded-projections"
              - "VALKEY_URL"            = "redis://aws:6379"
            } -> null
        }

      - ephemeral_storage {
          - size = 512 -> null
        }

      - image_config {
          - command           = [] -> null
          - entry_point       = [] -> null
            # (1 unchanged attribute hidden)
        }

      - logging_config {
          - log_format            = "Text" -> null
          - log_group             = "/aws/lambda/cl-365ded-projector" -> null
            # (2 unchanged attributes hidden)
        }

      - tracing_config {
          - mode = "PassThrough" -> null
        }
    }

  # aws_lambda_function.workers["relay"] will be destroyed
  - resource "aws_lambda_function" "workers" {
      - architectures                  = [
          - "x86_64",
        ] -> null
      - arn                            = "arn:aws:lambda:us-east-1:000000000000:function:cl-365ded-relay" -> null
      - function_name                  = "cl-365ded-relay" -> null
      - id                             = "cl-365ded-relay" -> null
      - image_uri                      = "clearledger/relay:1.0.0" -> null
      - invoke_arn                     = "arn:aws:apigateway:us-east-1:lambda:path/2015-03-31/functions/arn:aws:lambda:us-east-1:000000000000:function:cl-365ded-relay/invocations" -> null
      - last_modified                  = "2026-10-10T08:59:20.264+0000" -> null
      - layers                         = [] -> null
      - memory_size                    = 256 -> null
      - package_type                   = "Image" -> null
      - publish                        = false -> null
      - qualified_arn                  = "arn:aws:lambda:us-east-1:000000000000:function:cl-365ded-relay" -> null
      - qualified_invoke_arn           = "arn:aws:apigateway:us-east-1:lambda:path/2015-03-31/functions/arn:aws:lambda:us-east-1:000000000000:function:cl-365ded-relay/invocations" -> null
      - region                         = "us-east-1" -> null
      - reserved_concurrent_executions = -1 -> null
      - response_streaming_invoke_arn  = "arn:aws:apigateway:us-east-1:lambda:path/2021-11-15/functions/arn:aws:lambda:us-east-1:000000000000:function:cl-365ded-relay/response-streaming-invocations" -> null
      - role                           = "arn:aws:iam::000000000000:role/cl-365ded-relay" -> null
      - skip_destroy                   = false -> null
      - source_code_size               = 0 -> null
      - tags                           = {} -> null
      - tags_all                       = {
          - "ClearLedgerDeployment" = "cl-365ded"
        } -> null
      - timeout                        = 3 -> null
      - version                        = "$LATEST" -> null
        # (10 unchanged attributes hidden)

      - environment {
          - variables = {
              - "AWS_ACCESS_KEY_ID"     = "test"
              - "AWS_DEFAULT_REGION"    = "us-east-1"
              - "AWS_ENDPOINT_URL"      = "http://aws:4566"
              - "AWS_REGION"            = "us-east-1"
              - "AWS_SECRET_ACCESS_KEY" = "test"
              - "CLOUDWATCH_LOG_GROUP"  = "/clearledger/cl-365ded/outbox-relay"
              - "DATABASE_URL"          = "postgres://clearledger:Cl51518446ac%21@aws:7001/clearledger"
              - "OUTBOX_BATCH_SIZE"     = "50"
              - "SQS_QUEUE_URL"         = "http://aws:4566/000000000000/cl-365ded-events"
            } -> null
        }

      - ephemeral_storage {
          - size = 512 -> null
        }

      - image_config {
          - command           = [] -> null
          - entry_point       = [] -> null
            # (1 unchanged attribute hidden)
        }

      - logging_config {
          - log_format            = "Text" -> null
          - log_group             = "/aws/lambda/cl-365ded-relay" -> null
            # (2 unchanged attributes hidden)
        }

      - tracing_config {
          - mode = "PassThrough" -> null
        }
    }

  # aws_lb.api will be destroyed
  - resource "aws_lb" "api" {
      - arn                                                          = "arn:aws:elasticloadbalancing:us-east-1:000000000000:loadbalancer/app/cl-365ded-api/de4117c9e6524b51" -> null
      - arn_suffix                                                   = "app/cl-365ded-api/de4117c9e6524b51" -> null
      - client_keep_alive                                            = 3600 -> null
      - desync_mitigation_mode                                       = "defensive" -> null
      - dns_name                                                     = "cl-365ded-api-de4117c9e6524b51.elb.aws" -> null
      - drop_invalid_header_fields                                   = false -> null
      - enable_cross_zone_load_balancing                             = true -> null
      - enable_deletion_protection                                   = false -> null
      - enable_http2                                                 = true -> null
      - enable_tls_version_and_cipher_suite_headers                  = false -> null
      - enable_waf_fail_open                                         = false -> null
      - enable_xff_client_port                                       = false -> null
      - enable_zonal_shift                                           = false -> null
      - id                                                           = "arn:aws:elasticloadbalancing:us-east-1:000000000000:loadbalancer/app/cl-365ded-api/de4117c9e6524b51" -> null
      - idle_timeout                                                 = 60 -> null
      - internal                                                     = false -> null
      - ip_address_type                                              = "ipv4" -> null
      - load_balancer_type                                           = "application" -> null
      - name                                                         = "cl-365ded-api" -> null
      - preserve_host_header                                         = false -> null
      - region                                                       = "us-east-1" -> null
      - security_groups                                              = [
          - "sg-dec5199a614e41aa5",
        ] -> null
      - subnets                                                      = [
          - "subnet-2957db48",
          - "subnet-34f7e127",
        ] -> null
      - tags                                                         = {} -> null
      - tags_all                                                     = {
          - "ClearLedgerDeployment" = "cl-365ded"
        } -> null
      - vpc_id                                                       = "vpc-1a018021" -> null
      - xff_header_processing_mode                                   = "append" -> null
      - zone_id                                                      = "Z35SXDOTRQ7X7K" -> null
        # (4 unchanged attributes hidden)

      - access_logs {
          - enabled = false -> null
            # (2 unchanged attributes hidden)
        }

      - connection_logs {
          - enabled = false -> null
            # (2 unchanged attributes hidden)
        }

      - health_check_logs {
          - enabled = false -> null
            # (2 unchanged attributes hidden)
        }

      - subnet_mapping {
          - subnet_id            = "subnet-2957db48" -> null
            # (4 unchanged attributes hidden)
        }
      - subnet_mapping {
          - subnet_id            = "subnet-34f7e127" -> null
            # (4 unchanged attributes hidden)
        }
    }

  # aws_lb_listener.api will be destroyed
  - resource "aws_lb_listener" "api" {
      - arn               = "arn:aws:elasticloadbalancing:us-east-1:000000000000:listener/app/cl-365ded-api/de4117c9e6524b51/03b13c9abb794d9f" -> null
      - id                = "arn:aws:elasticloadbalancing:us-east-1:000000000000:listener/app/cl-365ded-api/de4117c9e6524b51/03b13c9abb794d9f" -> null
      - load_balancer_arn = "arn:aws:elasticloadbalancing:us-east-1:000000000000:loadbalancer/app/cl-365ded-api/de4117c9e6524b51" -> null
      - port              = 80 -> null
      - protocol          = "HTTP" -> null
      - region            = "us-east-1" -> null
      - tags              = {} -> null
      - tags_all          = {
          - "ClearLedgerDeployment" = "cl-365ded"
        } -> null
        # (1 unchanged attribute hidden)

      - default_action {
          - order            = 1 -> null
          - target_group_arn = "arn:aws:elasticloadbalancing:us-east-1:000000000000:targetgroup/cl-365ded-api/67d2eab07431404e" -> null
          - type             = "forward" -> null
        }
    }

  # aws_lb_target_group.api will be destroyed
  - resource "aws_lb_target_group" "api" {
      - arn                                = "arn:aws:elasticloadbalancing:us-east-1:000000000000:targetgroup/cl-365ded-api/67d2eab07431404e" -> null
      - arn_suffix                         = "targetgroup/cl-365ded-api/67d2eab07431404e" -> null
      - deregistration_delay               = "300" -> null
      - id                                 = "arn:aws:elasticloadbalancing:us-east-1:000000000000:targetgroup/cl-365ded-api/67d2eab07431404e" -> null
      - ip_address_type                    = "ipv4" -> null
      - lambda_multi_value_headers_enabled = false -> null
      - load_balancer_arns                 = [
          - "arn:aws:elasticloadbalancing:us-east-1:000000000000:loadbalancer/app/cl-365ded-api/de4117c9e6524b51",
        ] -> null
      - load_balancing_algorithm_type      = "round_robin" -> null
      - load_balancing_cross_zone_enabled  = "use_load_balancer_configuration" -> null
      - name                               = "cl-365ded-api" -> null
      - port                               = 8080 -> null
      - protocol                           = "HTTP" -> null
      - proxy_protocol_v2                  = false -> null
      - region                             = "us-east-1" -> null
      - slow_start                         = 0 -> null
      - tags                               = {} -> null
      - tags_all                           = {
          - "ClearLedgerDeployment" = "cl-365ded"
        } -> null
      - target_control_port                = 0 -> null
      - target_type                        = "ip" -> null
      - vpc_id                             = "vpc-1a018021" -> null
        # (2 unchanged attributes hidden)

      - health_check {
          - enabled             = true -> null
          - healthy_threshold   = 3 -> null
          - interval            = 30 -> null
          - matcher             = "200" -> null
          - path                = "/health/ready" -> null
          - port                = "traffic-port" -> null
          - protocol            = "HTTP" -> null
          - timeout             = 5 -> null
          - unhealthy_threshold = 3 -> null
        }

      - stickiness {
          - cookie_duration = 86400 -> null
          - enabled         = false -> null
          - type            = "lb_cookie" -> null
            # (1 unchanged attribute hidden)
        }

      - target_failover {}

      - target_group_health {
          - dns_failover {}
          - unhealthy_state_routing {}
        }

      - target_health_state {}
    }

  # aws_route_table.private will be destroyed
  - resource "aws_route_table" "private" {
      - arn              = "arn:aws:ec2:us-east-1:000000000000:route-table/rtb-9b075ebd" -> null
      - id               = "rtb-9b075ebd" -> null
      - owner_id         = "000000000000" -> null
      - propagating_vgws = [] -> null
      - region           = "us-east-1" -> null
      - route            = [] -> null
      - tags             = {
          - "Name" = "cl-365ded-private"
        } -> null
      - tags_all         = {
          - "ClearLedgerDeployment" = "cl-365ded"
          - "Name"                  = "cl-365ded-private"
        } -> null
      - vpc_id           = "vpc-1a018021" -> null
    }

  # aws_route_table.public will be destroyed
  - resource "aws_route_table" "public" {
      - arn              = "arn:aws:ec2:us-east-1:000000000000:route-table/rtb-a636d7b7" -> null
      - id               = "rtb-a636d7b7" -> null
      - owner_id         = "000000000000" -> null
      - propagating_vgws = [] -> null
      - region           = "us-east-1" -> null
      - route            = [
          - {
              - cidr_block                 = "0.0.0.0/0"
              - gateway_id                 = "igw-03a5e90e"
                # (12 unchanged attributes hidden)
            },
        ] -> null
      - tags             = {
          - "Name" = "cl-365ded-public"
        } -> null
      - tags_all         = {
          - "ClearLedgerDeployment" = "cl-365ded"
          - "Name"                  = "cl-365ded-public"
        } -> null
      - vpc_id           = "vpc-1a018021" -> null
    }

  # aws_route_table_association.private[0] will be destroyed
  - resource "aws_route_table_association" "private" {
      - id             = "rtbassoc-2073f90b" -> null
      - region         = "us-east-1" -> null
      - route_table_id = "rtb-9b075ebd" -> null
      - subnet_id      = "subnet-5a16ac8d" -> null
        # (1 unchanged attribute hidden)
    }

  # aws_route_table_association.private[1] will be destroyed
  - resource "aws_route_table_association" "private" {
      - id             = "rtbassoc-167fff88" -> null
      - region         = "us-east-1" -> null
      - route_table_id = "rtb-9b075ebd" -> null
      - subnet_id      = "subnet-68fc8d2a" -> null
        # (1 unchanged attribute hidden)
    }

  # aws_route_table_association.public[0] will be destroyed
  - resource "aws_route_table_association" "public" {
      - id             = "rtbassoc-46a88b6b" -> null
      - region         = "us-east-1" -> null
      - route_table_id = "rtb-a636d7b7" -> null
      - subnet_id      = "subnet-2957db48" -> null
        # (1 unchanged attribute hidden)
    }

  # aws_route_table_association.public[1] will be destroyed
  - resource "aws_route_table_association" "public" {
      - id             = "rtbassoc-daf2ebd5" -> null
      - region         = "us-east-1" -> null
      - route_table_id = "rtb-a636d7b7" -> null
      - subnet_id      = "subnet-34f7e127" -> null
        # (1 unchanged attribute hidden)
    }

  # aws_s3_bucket.audit will be destroyed
  - resource "aws_s3_bucket" "audit" {
      - arn                         = "arn:aws:s3:::cl-365ded-audit" -> null
      - bucket                      = "cl-365ded-audit" -> null
      - bucket_domain_name          = "cl-365ded-audit.s3.amazonaws.com" -> null
      - bucket_namespace            = "global" -> null
      - bucket_region               = "us-east-1" -> null
      - bucket_regional_domain_name = "cl-365ded-audit.s3.us-east-1.amazonaws.com" -> null
      - force_destroy               = true -> null
      - hosted_zone_id              = "Z3AQBSTGFYJSTF" -> null
      - id                          = "cl-365ded-audit" -> null
      - object_lock_enabled         = false -> null
      - region                      = "us-east-1" -> null
      - request_payer               = "BucketOwner" -> null
      - tags                        = {} -> null
      - tags_all                    = {
          - "ClearLedgerDeployment" = "cl-365ded"
        } -> null
        # (3 unchanged attributes hidden)

      - grant {
          - id          = "000000000000" -> null
          - permissions = [
              - "FULL_CONTROL",
            ] -> null
          - type        = "CanonicalUser" -> null
            # (1 unchanged attribute hidden)
        }

      - server_side_encryption_configuration {
          - rule {
              - bucket_key_enabled = false -> null

              - apply_server_side_encryption_by_default {
                  - kms_master_key_id = "arn:aws:kms:us-east-1:000000000000:key/4315e0a3-0e84-4639-84e3-5f97c10f638c" -> null
                  - sse_algorithm     = "aws:kms" -> null
                }
            }
        }

      - versioning {
          - enabled    = true -> null
          - mfa_delete = false -> null
        }
    }

  # aws_s3_bucket_public_access_block.audit will be destroyed
  - resource "aws_s3_bucket_public_access_block" "audit" {
      - block_public_acls       = true -> null
      - block_public_policy     = true -> null
      - bucket                  = "cl-365ded-audit" -> null
      - id                      = "cl-365ded-audit" -> null
      - ignore_public_acls      = true -> null
      - region                  = "us-east-1" -> null
      - restrict_public_buckets = true -> null
    }

  # aws_s3_bucket_server_side_encryption_configuration.audit will be destroyed
  - resource "aws_s3_bucket_server_side_encryption_configuration" "audit" {
      - bucket                = "cl-365ded-audit" -> null
      - id                    = "cl-365ded-audit" -> null
      - region                = "us-east-1" -> null
        # (1 unchanged attribute hidden)

      - rule {
          - blocked_encryption_types = [] -> null
          - bucket_key_enabled       = false -> null

          - apply_server_side_encryption_by_default {
              - kms_master_key_id = "arn:aws:kms:us-east-1:000000000000:key/4315e0a3-0e84-4639-84e3-5f97c10f638c" -> null
              - sse_algorithm     = "aws:kms" -> null
            }
        }
    }

  # aws_s3_bucket_versioning.audit will be destroyed
  - resource "aws_s3_bucket_versioning" "audit" {
      - bucket                = "cl-365ded-audit" -> null
      - id                    = "cl-365ded-audit" -> null
      - region                = "us-east-1" -> null
        # (1 unchanged attribute hidden)

      - versioning_configuration {
          - mfa_delete = "Disabled" -> null
          - status     = "Enabled" -> null
        }
    }

  # aws_scheduler_schedule.workers["archiver"] will be destroyed
  - resource "aws_scheduler_schedule" "workers" {
      - arn                          = "arn:aws:scheduler:us-east-1:000000000000:schedule/default/cl-365ded-archiver" -> null
      - group_name                   = "default" -> null
      - id                           = "default/cl-365ded-archiver" -> null
      - name                         = "cl-365ded-archiver" -> null
      - region                       = "us-east-1" -> null
      - schedule_expression          = "rate(5 minutes)" -> null
      - schedule_expression_timezone = "UTC" -> null
      - state                        = "ENABLED" -> null
        # (6 unchanged attributes hidden)

      - flexible_time_window {
          - maximum_window_in_minutes = 0 -> null
          - mode                      = "OFF" -> null
        }

      - target {
          - arn      = "arn:aws:lambda:us-east-1:000000000000:function:cl-365ded-archiver" -> null
          - input    = jsonencode({})
          - role_arn = "arn:aws:iam::000000000000:role/cl-365ded-scheduler" -> null
        }
    }

  # aws_scheduler_schedule.workers["relay"] will be destroyed
  - resource "aws_scheduler_schedule" "workers" {
      - arn                          = "arn:aws:scheduler:us-east-1:000000000000:schedule/default/cl-365ded-relay" -> null
      - group_name                   = "default" -> null
      - id                           = "default/cl-365ded-relay" -> null
      - name                         = "cl-365ded-relay" -> null
      - region                       = "us-east-1" -> null
      - schedule_expression          = "rate(1 minute)" -> null
      - schedule_expression_timezone = "UTC" -> null
      - state                        = "ENABLED" -> null
        # (6 unchanged attributes hidden)

      - flexible_time_window {
          - maximum_window_in_minutes = 0 -> null
          - mode                      = "OFF" -> null
        }

      - target {
          - arn      = "arn:aws:lambda:us-east-1:000000000000:function:cl-365ded-relay" -> null
          - input    = jsonencode({})
          - role_arn = "arn:aws:iam::000000000000:role/cl-365ded-scheduler" -> null
        }
    }

  # aws_security_group.alb will be destroyed
  - resource "aws_security_group" "alb" {
      - arn                    = "arn:aws:ec2:us-east-1:000000000000:security-group/sg-dec5199a614e41aa5" -> null
      - description            = "Managed by Terraform" -> null
      - egress                 = [
          - {
              - cidr_blocks      = [
                  - "10.42.0.0/16",
                ]
              - from_port        = 8080
              - ipv6_cidr_blocks = []
              - prefix_list_ids  = []
              - protocol         = "tcp"
              - security_groups  = []
              - self             = false
              - to_port          = 8080
                # (1 unchanged attribute hidden)
            },
        ] -> null
      - id                     = "sg-dec5199a614e41aa5" -> null
      - ingress                = [
          - {
              - cidr_blocks      = [
                  - "0.0.0.0/0",
                ]
              - from_port        = 80
              - ipv6_cidr_blocks = []
              - prefix_list_ids  = []
              - protocol         = "tcp"
              - security_groups  = []
              - self             = false
              - to_port          = 80
                # (1 unchanged attribute hidden)
            },
        ] -> null
      - name                   = "cl-365ded-alb" -> null
      - owner_id               = "000000000000" -> null
      - region                 = "us-east-1" -> null
      - revoke_rules_on_delete = false -> null
      - tags                   = {} -> null
      - tags_all               = {
          - "ClearLedgerDeployment" = "cl-365ded"
        } -> null
      - vpc_id                 = "vpc-1a018021" -> null
        # (1 unchanged attribute hidden)
    }

  # aws_security_group.ecs will be destroyed
  - resource "aws_security_group" "ecs" {
      - arn                    = "arn:aws:ec2:us-east-1:000000000000:security-group/sg-c435ac5a829c90bed" -> null
      - description            = "Managed by Terraform" -> null
      - egress                 = [
          - {
              - cidr_blocks      = [
                  - "0.0.0.0/0",
                ]
              - from_port        = 0
              - ipv6_cidr_blocks = []
              - prefix_list_ids  = []
              - protocol         = "-1"
              - security_groups  = []
              - self             = false
              - to_port          = 0
                # (1 unchanged attribute hidden)
            },
        ] -> null
      - id                     = "sg-c435ac5a829c90bed" -> null
      - ingress                = [
          - {
              - cidr_blocks      = []
              - from_port        = 8080
              - ipv6_cidr_blocks = []
              - prefix_list_ids  = []
              - protocol         = "tcp"
              - security_groups  = [
                  - "sg-dec5199a614e41aa5",
                ]
              - self             = false
              - to_port          = 8080
                # (1 unchanged attribute hidden)
            },
        ] -> null
      - name                   = "cl-365ded-ecs" -> null
      - owner_id               = "000000000000" -> null
      - region                 = "us-east-1" -> null
      - revoke_rules_on_delete = false -> null
      - tags                   = {} -> null
      - tags_all               = {
          - "ClearLedgerDeployment" = "cl-365ded"
        } -> null
      - vpc_id                 = "vpc-1a018021" -> null
        # (1 unchanged attribute hidden)
    }

  # aws_security_group.rds will be destroyed
  - resource "aws_security_group" "rds" {
      - arn                    = "arn:aws:ec2:us-east-1:000000000000:security-group/sg-867170dc3becc50cb" -> null
      - description            = "Managed by Terraform" -> null
      - egress                 = [] -> null
      - id                     = "sg-867170dc3becc50cb" -> null
      - ingress                = [
          - {
              - cidr_blocks      = [
                  - "10.42.0.0/16",
                ]
              - from_port        = 5432
              - ipv6_cidr_blocks = []
              - prefix_list_ids  = []
              - protocol         = "tcp"
              - security_groups  = []
              - self             = false
              - to_port          = 5432
                # (1 unchanged attribute hidden)
            },
        ] -> null
      - name                   = "cl-365ded-rds" -> null
      - owner_id               = "000000000000" -> null
      - region                 = "us-east-1" -> null
      - revoke_rules_on_delete = false -> null
      - tags                   = {} -> null
      - tags_all               = {
          - "ClearLedgerDeployment" = "cl-365ded"
        } -> null
      - vpc_id                 = "vpc-1a018021" -> null
        # (1 unchanged attribute hidden)
    }

  # aws_security_group.valkey will be destroyed
  - resource "aws_security_group" "valkey" {
      - arn                    = "arn:aws:ec2:us-east-1:000000000000:security-group/sg-173e4b2b789ba6fa3" -> null
      - description            = "Managed by Terraform" -> null
      - egress                 = [] -> null
      - id                     = "sg-173e4b2b789ba6fa3" -> null
      - ingress                = [
          - {
              - cidr_blocks      = [
                  - "10.42.0.0/16",
                ]
              - from_port        = 6379
              - ipv6_cidr_blocks = []
              - prefix_list_ids  = []
              - protocol         = "tcp"
              - security_groups  = []
              - self             = false
              - to_port          = 6379
                # (1 unchanged attribute hidden)
            },
        ] -> null
      - name                   = "cl-365ded-valkey" -> null
      - owner_id               = "000000000000" -> null
      - region                 = "us-east-1" -> null
      - revoke_rules_on_delete = false -> null
      - tags                   = {} -> null
      - tags_all               = {
          - "ClearLedgerDeployment" = "cl-365ded"
        } -> null
      - vpc_id                 = "vpc-1a018021" -> null
        # (1 unchanged attribute hidden)
    }

  # aws_sqs_queue.dlq will be destroyed
  - resource "aws_sqs_queue" "dlq" {
      - arn                               = "arn:aws:sqs:us-east-1:000000000000:cl-365ded-dlq" -> null
      - content_based_deduplication       = false -> null
      - delay_seconds                     = 0 -> null
      - fifo_queue                        = false -> null
      - id                                = "http://aws:4566/000000000000/cl-365ded-dlq" -> null
      - kms_data_key_reuse_period_seconds = 300 -> null
      - kms_master_key_id                 = "arn:aws:kms:us-east-1:000000000000:key/c0276d5e-d53e-4168-bf94-07d651f6c451" -> null
      - max_message_size                  = 262144 -> null
      - message_retention_seconds         = 1209600 -> null
      - name                              = "cl-365ded-dlq" -> null
      - receive_wait_time_seconds         = 0 -> null
      - region                            = "us-east-1" -> null
      - sqs_managed_sse_enabled           = false -> null
      - tags                              = {} -> null
      - tags_all                          = {
          - "ClearLedgerDeployment" = "cl-365ded"
        } -> null
      - url                               = "http://aws:4566/000000000000/cl-365ded-dlq" -> null
      - visibility_timeout_seconds        = 30 -> null
        # (6 unchanged attributes hidden)
    }

  # aws_sqs_queue.main will be destroyed
  - resource "aws_sqs_queue" "main" {
      - arn                               = "arn:aws:sqs:us-east-1:000000000000:cl-365ded-events" -> null
      - content_based_deduplication       = false -> null
      - delay_seconds                     = 0 -> null
      - fifo_queue                        = false -> null
      - id                                = "http://aws:4566/000000000000/cl-365ded-events" -> null
      - kms_data_key_reuse_period_seconds = 300 -> null
      - kms_master_key_id                 = "arn:aws:kms:us-east-1:000000000000:key/c0276d5e-d53e-4168-bf94-07d651f6c451" -> null
      - max_message_size                  = 262144 -> null
      - message_retention_seconds         = 172800 -> null
      - name                              = "cl-365ded-events" -> null
      - receive_wait_time_seconds         = 2 -> null
      - redrive_policy                    = jsonencode(
            {
              - deadLetterTargetArn = "arn:aws:sqs:us-east-1:000000000000:cl-365ded-dlq"
              - maxReceiveCount     = 4
            }
        ) -> null
      - region                            = "us-east-1" -> null
      - sqs_managed_sse_enabled           = false -> null
      - tags                              = {} -> null
      - tags_all                          = {
          - "ClearLedgerDeployment" = "cl-365ded"
        } -> null
      - url                               = "http://aws:4566/000000000000/cl-365ded-events" -> null
      - visibility_timeout_seconds        = 3 -> null
        # (5 unchanged attributes hidden)
    }

  # aws_subnet.private[0] will be destroyed
  - resource "aws_subnet" "private" {
      - arn                                            = "arn:aws:ec2:us-east-1:000000000000:subnet/subnet-5a16ac8d" -> null
      - assign_ipv6_address_on_creation                = false -> null
      - availability_zone                              = "us-east-1a" -> null
      - availability_zone_id                           = "us-east-1-az1" -> null
      - cidr_block                                     = "10.42.10.0/24" -> null
      - enable_dns64                                   = false -> null
      - enable_lni_at_device_index                     = 0 -> null
      - enable_resource_name_dns_a_record_on_launch    = false -> null
      - enable_resource_name_dns_aaaa_record_on_launch = false -> null
      - id                                             = "subnet-5a16ac8d" -> null
      - ipv6_native                                    = false -> null
      - map_customer_owned_ip_on_launch                = false -> null
      - map_public_ip_on_launch                        = false -> null
      - owner_id                                       = "000000000000" -> null
      - region                                         = "us-east-1" -> null
      - tags                                           = {
          - "Name" = "cl-365ded-private-0"
        } -> null
      - tags_all                                       = {
          - "ClearLedgerDeployment" = "cl-365ded"
          - "Name"                  = "cl-365ded-private-0"
        } -> null
      - vpc_id                                         = "vpc-1a018021" -> null
        # (5 unchanged attributes hidden)
    }

  # aws_subnet.private[1] will be destroyed
  - resource "aws_subnet" "private" {
      - arn                                            = "arn:aws:ec2:us-east-1:000000000000:subnet/subnet-68fc8d2a" -> null
      - assign_ipv6_address_on_creation                = false -> null
      - availability_zone                              = "us-east-1b" -> null
      - availability_zone_id                           = "us-east-1-az2" -> null
      - cidr_block                                     = "10.42.11.0/24" -> null
      - enable_dns64                                   = false -> null
      - enable_lni_at_device_index                     = 0 -> null
      - enable_resource_name_dns_a_record_on_launch    = false -> null
      - enable_resource_name_dns_aaaa_record_on_launch = false -> null
      - id                                             = "subnet-68fc8d2a" -> null
      - ipv6_native                                    = false -> null
      - map_customer_owned_ip_on_launch                = false -> null
      - map_public_ip_on_launch                        = false -> null
      - owner_id                                       = "000000000000" -> null
      - region                                         = "us-east-1" -> null
      - tags                                           = {
          - "Name" = "cl-365ded-private-1"
        } -> null
      - tags_all                                       = {
          - "ClearLedgerDeployment" = "cl-365ded"
          - "Name"                  = "cl-365ded-private-1"
        } -> null
      - vpc_id                                         = "vpc-1a018021" -> null
        # (5 unchanged attributes hidden)
    }

  # aws_subnet.public[0] will be destroyed
  - resource "aws_subnet" "public" {
      - arn                                            = "arn:aws:ec2:us-east-1:000000000000:subnet/subnet-2957db48" -> null
      - assign_ipv6_address_on_creation                = false -> null
      - availability_zone                              = "us-east-1a" -> null
      - availability_zone_id                           = "us-east-1-az1" -> null
      - cidr_block                                     = "10.42.0.0/24" -> null
      - enable_dns64                                   = false -> null
      - enable_lni_at_device_index                     = 0 -> null
      - enable_resource_name_dns_a_record_on_launch    = false -> null
      - enable_resource_name_dns_aaaa_record_on_launch = false -> null
      - id                                             = "subnet-2957db48" -> null
      - ipv6_native                                    = false -> null
      - map_customer_owned_ip_on_launch                = false -> null
      - map_public_ip_on_launch                        = true -> null
      - owner_id                                       = "000000000000" -> null
      - region                                         = "us-east-1" -> null
      - tags                                           = {
          - "Name" = "cl-365ded-public-0"
        } -> null
      - tags_all                                       = {
          - "ClearLedgerDeployment" = "cl-365ded"
          - "Name"                  = "cl-365ded-public-0"
        } -> null
      - vpc_id                                         = "vpc-1a018021" -> null
        # (5 unchanged attributes hidden)
    }

  # aws_subnet.public[1] will be destroyed
  - resource "aws_subnet" "public" {
      - arn                                            = "arn:aws:ec2:us-east-1:000000000000:subnet/subnet-34f7e127" -> null
      - assign_ipv6_address_on_creation                = false -> null
      - availability_zone                              = "us-east-1b" -> null
      - availability_zone_id                           = "us-east-1-az2" -> null
      - cidr_block                                     = "10.42.1.0/24" -> null
      - enable_dns64                                   = false -> null
      - enable_lni_at_device_index                     = 0 -> null
      - enable_resource_name_dns_a_record_on_launch    = false -> null
      - enable_resource_name_dns_aaaa_record_on_launch = false -> null
      - id                                             = "subnet-34f7e127" -> null
      - ipv6_native                                    = false -> null
      - map_customer_owned_ip_on_launch                = false -> null
      - map_public_ip_on_launch                        = true -> null
      - owner_id                                       = "000000000000" -> null
      - region                                         = "us-east-1" -> null
      - tags                                           = {
          - "Name" = "cl-365ded-public-1"
        } -> null
      - tags_all                                       = {
          - "ClearLedgerDeployment" = "cl-365ded"
          - "Name"                  = "cl-365ded-public-1"
        } -> null
      - vpc_id                                         = "vpc-1a018021" -> null
        # (5 unchanged attributes hidden)
    }

  # aws_vpc.main will be destroyed
  - resource "aws_vpc" "main" {
      - arn                                  = "arn:aws:ec2:us-east-1:000000000000:vpc/vpc-1a018021" -> null
      - assign_generated_ipv6_cidr_block     = false -> null
      - cidr_block                           = "10.42.0.0/16" -> null
      - default_network_acl_id               = "acl-fcf2cbf3ae553cf61" -> null
      - default_route_table_id               = "rtb-18501123a032adb8f" -> null
      - default_security_group_id            = "sg-3bffcd46cd59fa1be" -> null
      - dhcp_options_id                      = "dopt-default" -> null
      - enable_dns_hostnames                 = true -> null
      - enable_dns_support                   = true -> null
      - enable_network_address_usage_metrics = false -> null
      - id                                   = "vpc-1a018021" -> null
      - instance_tenancy                     = "default" -> null
      - ipv6_netmask_length                  = 0 -> null
      - main_route_table_id                  = "rtb-18501123a032adb8f" -> null
      - owner_id                             = "000000000000" -> null
      - region                               = "us-east-1" -> null
      - tags                                 = {
          - "Name" = "cl-365ded-vpc"
        } -> null
      - tags_all                             = {
          - "ClearLedgerDeployment" = "cl-365ded"
          - "Name"                  = "cl-365ded-vpc"
        } -> null
        # (4 unchanged attributes hidden)
    }

Plan: 0 to add, 0 to change, 68 to destroy.

Changes to Outputs:
  - manifest = (sensitive value) -> null
aws_kms_alias.keys["audit"]: Destroying... [id=alias/cl-365ded-audit]
aws_s3_bucket_versioning.audit: Destroying... [id=cl-365ded-audit]
aws_kms_alias.keys["database"]: Destroying... [id=alias/cl-365ded-database]
aws_s3_bucket_public_access_block.audit: Destroying... [id=cl-365ded-audit]
aws_route_table_association.public[0]: Destroying... [id=rtbassoc-46a88b6b]
aws_kms_alias.keys["projection"]: Destroying... [id=alias/cl-365ded-projection]
aws_s3_bucket_server_side_encryption_configuration.audit: Destroying... [id=cl-365ded-audit]
aws_scheduler_schedule.workers["archiver"]: Destroying... [id=default/cl-365ded-archiver]
aws_lambda_event_source_mapping.projector: Destroying... [id=7cf5d1fa-e848-4c44-b9ff-c6a875be415f]
aws_ecs_service.api: Destroying... [id=arn:aws:ecs:us-east-1:000000000000:service/cl-365ded-cluster/cl-365ded-api]
aws_kms_alias.keys["projection"]: Destruction complete after 0s
aws_scheduler_schedule.workers["archiver"]: Destruction complete after 0s
aws_s3_bucket_server_side_encryption_configuration.audit: Destruction complete after 0s
aws_scheduler_schedule.workers["relay"]: Destroying... [id=default/cl-365ded-relay]
aws_kms_alias.keys["audit"]: Destruction complete after 0s
aws_s3_bucket_public_access_block.audit: Destruction complete after 0s
aws_s3_bucket_versioning.audit: Destruction complete after 0s
aws_lambda_event_source_mapping.projector: Destruction complete after 0s
aws_route_table_association.public[1]: Destroying... [id=rtbassoc-daf2ebd5]
aws_route_table_association.private[0]: Destroying... [id=rtbassoc-2073f90b]
aws_kms_alias.keys["database"]: Destruction complete after 0s
aws_scheduler_schedule.workers["relay"]: Destruction complete after 0s
aws_route_table_association.public[0]: Destruction complete after 0s
aws_kms_alias.keys["messaging"]: Destroying... [id=alias/cl-365ded-messaging]
aws_route_table_association.private[1]: Destroying... [id=rtbassoc-167fff88]
aws_route_table_association.private[0]: Destruction complete after 0s
aws_route_table_association.public[1]: Destruction complete after 0s
aws_kms_alias.keys["messaging"]: Destruction complete after 0s
aws_route_table_association.private[1]: Destruction complete after 0s
aws_route_table.public: Destroying... [id=rtb-a636d7b7]
aws_route_table.private: Destroying... [id=rtb-9b075ebd]
aws_route_table.public: Destruction complete after 0s
aws_route_table.private: Destruction complete after 0s
aws_internet_gateway.main: Destroying... [id=igw-03a5e90e]
aws_internet_gateway.main: Destruction complete after 0s
aws_ecs_service.api: Still destroying... [id=arn:aws:ecs:us-east-1:000000000000:service/cl-365ded-cluster/cl-365ded-api, 10s elapsed]
aws_ecs_service.api: Destruction complete after 10s
aws_iam_role_policy.canonical["ecs_execution"]: Destroying... [id=cl-365ded-ecs_execution:cl-365ded-ecs_execution-canonical]
aws_ecs_cluster.api: Destroying... [id=arn:aws:ecs:us-east-1:000000000000:cluster/cl-365ded-cluster]
aws_security_group.ecs: Destroying... [id=sg-c435ac5a829c90bed]
aws_iam_role_policy.canonical["archiver"]: Destroying... [id=cl-365ded-archiver:cl-365ded-archiver-canonical]
aws_iam_role_policy.canonical["projector"]: Destroying... [id=cl-365ded-projector:cl-365ded-projector-canonical]
aws_ecs_task_definition.api: Destroying... [id=cl-365ded-api]
aws_iam_role_policy.canonical["relay"]: Destroying... [id=cl-365ded-relay:cl-365ded-relay-canonical]
aws_iam_role_policy.canonical["ecs_task"]: Destroying... [id=cl-365ded-ecs_task:cl-365ded-ecs_task-canonical]
aws_iam_role_policy.canonical["scheduler"]: Destroying... [id=cl-365ded-scheduler:cl-365ded-scheduler-canonical]
aws_iam_role_policy.canonical["projector"]: Destruction complete after 0s
aws_lb_listener.api: Destroying... [id=arn:aws:elasticloadbalancing:us-east-1:000000000000:listener/app/cl-365ded-api/de4117c9e6524b51/03b13c9abb794d9f]
aws_iam_role_policy.canonical["archiver"]: Destruction complete after 0s
aws_lb_listener.api: Destruction complete after 0s
aws_ecs_task_definition.api: Destruction complete after 0s
aws_iam_role_policy.canonical["ecs_task"]: Destruction complete after 0s
aws_iam_role_policy.canonical["ecs_execution"]: Destruction complete after 0s
aws_iam_role_policy.canonical["relay"]: Destruction complete after 0s
aws_iam_role_policy.canonical["scheduler"]: Destruction complete after 0s
aws_security_group.ecs: Destruction complete after 0s
aws_ecs_cluster.api: Destruction complete after 0s
aws_lb_target_group.api: Destroying... [id=arn:aws:elasticloadbalancing:us-east-1:000000000000:targetgroup/cl-365ded-api/67d2eab07431404e]
aws_cognito_user_pool_client.clients["admin"]: Destroying... [id=40cd2ff1ab344a72b59ca05faa]
aws_lb.api: Destroying... [id=arn:aws:elasticloadbalancing:us-east-1:000000000000:loadbalancer/app/cl-365ded-api/de4117c9e6524b51]
aws_cognito_user_pool_client.clients["write"]: Destroying... [id=5071172ec8ed4297a89b167bb3]
aws_cognito_user_pool_client.clients["read"]: Destroying... [id=0165804df30a486387d199773b]
aws_lambda_function.workers["relay"]: Destroying... [id=cl-365ded-relay]
aws_lambda_function.workers["projector"]: Destroying... [id=cl-365ded-projector]
aws_lambda_function.workers["archiver"]: Destroying... [id=cl-365ded-archiver]
aws_lb_target_group.api: Destruction complete after 0s
aws_cognito_user_pool_client.clients["read"]: Destruction complete after 0s
aws_cognito_user_pool_client.clients["admin"]: Destruction complete after 0s
aws_lb.api: Destruction complete after 0s
aws_cognito_user_pool_client.clients["write"]: Destruction complete after 0s
aws_cognito_resource_server.scopes: Destroying... [id=us-east-1_26a0baf1f|clearledger]
aws_subnet.public[1]: Destroying... [id=subnet-34f7e127]
aws_subnet.public[0]: Destroying... [id=subnet-2957db48]
aws_security_group.alb: Destroying... [id=sg-dec5199a614e41aa5]
aws_cognito_resource_server.scopes: Destruction complete after 0s
aws_subnet.public[1]: Destruction complete after 0s
aws_security_group.alb: Destruction complete after 0s
aws_subnet.public[0]: Destruction complete after 0s
aws_cognito_user_pool.pool: Destroying... [id=us-east-1_26a0baf1f]
aws_cognito_user_pool.pool: Destruction complete after 0s
aws_lambda_function.workers["projector"]: Destruction complete after 5s
aws_lambda_function.workers["archiver"]: Destruction complete after 6s
aws_lambda_function.workers["relay"]: Destruction complete after 6s
aws_cloudwatch_log_group.logs["projector"]: Destroying... [id=/clearledger/cl-365ded/projector]
aws_iam_role.roles["archiver"]: Destroying... [id=cl-365ded-archiver]
aws_iam_role.roles["projector"]: Destroying... [id=cl-365ded-projector]
aws_iam_role.roles["relay"]: Destroying... [id=cl-365ded-relay]
aws_elasticache_replication_group.cache: Destroying... [id=cl-365ded-valkey]
aws_iam_role.roles["ecs_execution"]: Destroying... [id=cl-365ded-ecs_execution]
aws_db_instance.db: Destroying... [id=db-083C4AF6DE1C4B0E99CDD42E]
aws_dynamodb_table.projection: Destroying... [id=cl-365ded-projections]
aws_s3_bucket.audit: Destroying... [id=cl-365ded-audit]
aws_iam_role.roles["ecs_task"]: Destroying... [id=cl-365ded-ecs_task]
aws_cloudwatch_log_group.logs["projector"]: Destruction complete after 0s
aws_iam_role.roles["relay"]: Destruction complete after 0s
aws_s3_bucket.audit: Destruction complete after 0s
aws_iam_role.roles["projector"]: Destruction complete after 0s
aws_dynamodb_table.projection: Destruction complete after 0s
aws_iam_role.roles["archiver"]: Destruction complete after 0s
aws_iam_role.roles["ecs_execution"]: Destruction complete after 0s
aws_iam_role.roles["ecs_task"]: Destruction complete after 0s
aws_cloudwatch_log_group.logs["api"]: Destroying... [id=/clearledger/cl-365ded/api]
aws_cloudwatch_log_group.logs["archiver"]: Destroying... [id=/clearledger/cl-365ded/audit-archiver]
aws_sqs_queue.main: Destroying... [id=http://aws:4566/000000000000/cl-365ded-events]
aws_cloudwatch_log_group.logs["relay"]: Destroying... [id=/clearledger/cl-365ded/outbox-relay]
aws_iam_role.roles["scheduler"]: Destroying... [id=cl-365ded-scheduler]
aws_cloudwatch_log_group.logs["archiver"]: Destruction complete after 0s
aws_iam_role.roles["scheduler"]: Destruction complete after 0s
aws_cloudwatch_log_group.logs["api"]: Destruction complete after 0s
aws_cloudwatch_log_group.logs["relay"]: Destruction complete after 0s
aws_elasticache_replication_group.cache: Still destroying... [id=cl-365ded-valkey, 10s elapsed]
aws_db_instance.db: Still destroying... [id=db-083C4AF6DE1C4B0E99CDD42E, 10s elapsed]
aws_sqs_queue.main: Still destroying... [id=http://aws:4566/000000000000/cl-365ded-events, 10s elapsed]
aws_elasticache_replication_group.cache: Still destroying... [id=cl-365ded-valkey, 20s elapsed]
aws_db_instance.db: Still destroying... [id=db-083C4AF6DE1C4B0E99CDD42E, 20s elapsed]
aws_sqs_queue.main: Still destroying... [id=http://aws:4566/000000000000/cl-365ded-events, 20s elapsed]
aws_db_instance.db: Still destroying... [id=db-083C4AF6DE1C4B0E99CDD42E, 30s elapsed]
aws_elasticache_replication_group.cache: Still destroying... [id=cl-365ded-valkey, 30s elapsed]
aws_sqs_queue.main: Still destroying... [id=http://aws:4566/000000000000/cl-365ded-events, 30s elapsed]
aws_elasticache_replication_group.cache: Destruction complete after 30s
aws_elasticache_subnet_group.cache: Destroying... [id=cl-365ded-cache]
aws_security_group.valkey: Destroying... [id=sg-173e4b2b789ba6fa3]
aws_elasticache_subnet_group.cache: Destruction complete after 0s
aws_security_group.valkey: Destruction complete after 0s
aws_db_instance.db: Still destroying... [id=db-083C4AF6DE1C4B0E99CDD42E, 40s elapsed]
aws_sqs_queue.main: Still destroying... [id=http://aws:4566/000000000000/cl-365ded-events, 40s elapsed]
aws_db_instance.db: Still destroying... [id=db-083C4AF6DE1C4B0E99CDD42E, 50s elapsed]
aws_sqs_queue.main: Still destroying... [id=http://aws:4566/000000000000/cl-365ded-events, 50s elapsed]
aws_db_instance.db: Still destroying... [id=db-083C4AF6DE1C4B0E99CDD42E, 1m0s elapsed]
aws_sqs_queue.main: Still destroying... [id=http://aws:4566/000000000000/cl-365ded-events, 1m0s elapsed]
aws_db_instance.db: Still destroying... [id=db-083C4AF6DE1C4B0E99CDD42E, 1m10s elapsed]
aws_sqs_queue.main: Still destroying... [id=http://aws:4566/000000000000/cl-365ded-events, 1m10s elapsed]
aws_db_instance.db: Still destroying... [id=db-083C4AF6DE1C4B0E99CDD42E, 1m20s elapsed]
aws_sqs_queue.main: Still destroying... [id=http://aws:4566/000000000000/cl-365ded-events, 1m20s elapsed]
aws_db_instance.db: Destruction complete after 1m20s
aws_security_group.rds: Destroying... [id=sg-867170dc3becc50cb]
aws_db_subnet_group.db: Destroying... [id=cl-365ded-db]
aws_db_subnet_group.db: Destruction complete after 0s
aws_security_group.rds: Destruction complete after 0s
aws_subnet.private[1]: Destroying... [id=subnet-68fc8d2a]
aws_subnet.private[0]: Destroying... [id=subnet-5a16ac8d]
aws_subnet.private[1]: Destruction complete after 0s
aws_subnet.private[0]: Destruction complete after 0s
aws_vpc.main: Destroying... [id=vpc-1a018021]
aws_vpc.main: Destruction complete after 0s
aws_sqs_queue.main: Still destroying... [id=http://aws:4566/000000000000/cl-365ded-events, 1m30s elapsed]
aws_sqs_queue.main: Still destroying... [id=http://aws:4566/000000000000/cl-365ded-events, 1m40s elapsed]
aws_sqs_queue.main: Still destroying... [id=http://aws:4566/000000000000/cl-365ded-events, 1m50s elapsed]
aws_sqs_queue.main: Still destroying... [id=http://aws:4566/000000000000/cl-365ded-events, 2m0s elapsed]
aws_sqs_queue.main: Destruction complete after 2m9s
aws_sqs_queue.dlq: Destroying... [id=http://aws:4566/000000000000/cl-365ded-dlq]
aws_sqs_queue.dlq: Still destroying... [id=http://aws:4566/000000000000/cl-365ded-dlq, 10s elapsed]
aws_sqs_queue.dlq: Still destroying... [id=http://aws:4566/000000000000/cl-365ded-dlq, 20s elapsed]
aws_sqs_queue.dlq: Still destroying... [id=http://aws:4566/000000000000/cl-365ded-dlq, 30s elapsed]
aws_sqs_queue.dlq: Still destroying... [id=http://aws:4566/000000000000/cl-365ded-dlq, 40s elapsed]
aws_sqs_queue.dlq: Still destroying... [id=http://aws:4566/000000000000/cl-365ded-dlq, 50s elapsed]
aws_sqs_queue.dlq: Still destroying... [id=http://aws:4566/000000000000/cl-365ded-dlq, 1m0s elapsed]
aws_sqs_queue.dlq: Still destroying... [id=http://aws:4566/000000000000/cl-365ded-dlq, 1m10s elapsed]
aws_sqs_queue.dlq: Still destroying... [id=http://aws:4566/000000000000/cl-365ded-dlq, 1m20s elapsed]
aws_sqs_queue.dlq: Still destroying... [id=http://aws:4566/000000000000/cl-365ded-dlq, 1m30s elapsed]
aws_sqs_queue.dlq: Still destroying... [id=http://aws:4566/000000000000/cl-365ded-dlq, 1m40s elapsed]
aws_sqs_queue.dlq: Still destroying... [id=http://aws:4566/000000000000/cl-365ded-dlq, 1m50s elapsed]
aws_sqs_queue.dlq: Still destroying... [id=http://aws:4566/000000000000/cl-365ded-dlq, 2m0s elapsed]
aws_sqs_queue.dlq: Destruction complete after 2m9s
aws_kms_key.keys["audit"]: Destroying... [id=4315e0a3-0e84-4639-84e3-5f97c10f638c]
aws_kms_key.keys["projection"]: Destroying... [id=9166e9e4-8819-4b79-b205-4f68678e2428]
aws_kms_key.keys["messaging"]: Destroying... [id=c0276d5e-d53e-4168-bf94-07d651f6c451]
aws_kms_key.keys["database"]: Destroying... [id=072b2cc1-9180-4294-9202-dd7d9b2e3df6]
aws_kms_key.keys["messaging"]: Destruction complete after 0s
aws_kms_key.keys["database"]: Destruction complete after 0s
aws_kms_key.keys["projection"]: Destruction complete after 0s
aws_kms_key.keys["audit"]: Destruction complete after 0s

Warning: Argument is deprecated

  with aws_dynamodb_table.projection,
  on main.tf line 201, in resource "aws_dynamodb_table" "projection":
 201: resource "aws_dynamodb_table" "projection" {

hash_key is deprecated. Use key_schema instead.

(and one more similar warning elsewhere)

Destroy complete! Resources: 68 destroyed.
