Initializing the backend...

Successfully configured the backend "local"! Terraform will automatically
use this backend unless the backend configuration changes.
Initializing provider plugins...
- Finding hashicorp/aws versions matching ">= 5.80.0, < 6.0.0"...

Error: Failed to query available provider packages

Could not retrieve the list of available versions for provider hashicorp/aws:
no available releases match the given constraints >= 5.80.0, < 6.0.0
Initializing the backend...
Initializing provider plugins...
- Finding hashicorp/aws versions matching "6.51.0"...
- Installing hashicorp/aws v6.51.0...
- Installed hashicorp/aws v6.51.0 (unauthenticated)
Terraform has created a lock file .terraform.lock.hcl to record the provider
selections it made above. Include this file in your version control repository
so that Terraform can guarantee to make the same selections by default when
you run "terraform init" in the future.


Warning: Incomplete lock file information for providers

Due to your customized provider installation methods, Terraform was forced to
calculate lock file checksums locally for the following providers:
  - hashicorp/aws

The current .terraform.lock.hcl file only includes checksums for linux_amd64,
so Terraform running on another platform will fail to install these
providers.

To calculate additional checksums for another platform, run:
  terraform providers lock -platform=linux_amd64
(where linux_amd64 is the platform to generate)
Terraform has been successfully initialized!

Terraform used the selected providers to generate the following execution
plan. Resource actions are indicated with the following symbols:
  + create

Terraform will perform the following actions:

  # aws_cloudwatch_log_group.log["api"] will be created
  + resource "aws_cloudwatch_log_group" "log" {
      + arn                         = (known after apply)
      + deletion_protection_enabled = (known after apply)
      + id                          = (known after apply)
      + log_group_class             = (known after apply)
      + name                        = "/clearledger/cl-6145db/api"
      + name_prefix                 = (known after apply)
      + region                      = "us-east-1"
      + retention_in_days           = 14
      + skip_destroy                = false
      + tags_all                    = {
          + "ClearLedgerDeployment" = "cl-6145db"
        }
    }

  # aws_cloudwatch_log_group.log["archiver"] will be created
  + resource "aws_cloudwatch_log_group" "log" {
      + arn                         = (known after apply)
      + deletion_protection_enabled = (known after apply)
      + id                          = (known after apply)
      + log_group_class             = (known after apply)
      + name                        = "/clearledger/cl-6145db/audit-archiver"
      + name_prefix                 = (known after apply)
      + region                      = "us-east-1"
      + retention_in_days           = 14
      + skip_destroy                = false
      + tags_all                    = {
          + "ClearLedgerDeployment" = "cl-6145db"
        }
    }

  # aws_cloudwatch_log_group.log["projector"] will be created
  + resource "aws_cloudwatch_log_group" "log" {
      + arn                         = (known after apply)
      + deletion_protection_enabled = (known after apply)
      + id                          = (known after apply)
      + log_group_class             = (known after apply)
      + name                        = "/clearledger/cl-6145db/projector"
      + name_prefix                 = (known after apply)
      + region                      = "us-east-1"
      + retention_in_days           = 14
      + skip_destroy                = false
      + tags_all                    = {
          + "ClearLedgerDeployment" = "cl-6145db"
        }
    }

  # aws_cloudwatch_log_group.log["relay"] will be created
  + resource "aws_cloudwatch_log_group" "log" {
      + arn                         = (known after apply)
      + deletion_protection_enabled = (known after apply)
      + id                          = (known after apply)
      + log_group_class             = (known after apply)
      + name                        = "/clearledger/cl-6145db/outbox-relay"
      + name_prefix                 = (known after apply)
      + region                      = "us-east-1"
      + retention_in_days           = 14
      + skip_destroy                = false
      + tags_all                    = {
          + "ClearLedgerDeployment" = "cl-6145db"
        }
    }

  # aws_cognito_resource_server.main will be created
  + resource "aws_cognito_resource_server" "main" {
      + id                = (known after apply)
      + identifier        = "clearledger"
      + name              = "cl-6145db-scopes"
      + region            = "us-east-1"
      + scope_identifiers = (known after apply)
      + user_pool_id      = (known after apply)

      + scope {
          + scope_description = "ClearLedger admin"
          + scope_name        = "admin"
        }
      + scope {
          + scope_description = "ClearLedger read"
          + scope_name        = "read"
        }
      + scope {
          + scope_description = "ClearLedger write"
          + scope_name        = "write"
        }
    }

  # aws_cognito_user_pool.main will be created
  + resource "aws_cognito_user_pool" "main" {
      + arn                        = (known after apply)
      + creation_date              = (known after apply)
      + custom_domain              = (known after apply)
      + deletion_protection        = "INACTIVE"
      + domain                     = (known after apply)
      + email_verification_message = (known after apply)
      + email_verification_subject = (known after apply)
      + endpoint                   = (known after apply)
      + estimated_number_of_users  = (known after apply)
      + id                         = (known after apply)
      + last_modified_date         = (known after apply)
      + mfa_configuration          = "OFF"
      + name                       = "cl-6145db-auth"
      + region                     = "us-east-1"
      + sms_verification_message   = (known after apply)
      + tags_all                   = {
          + "ClearLedgerDeployment" = "cl-6145db"
        }
      + user_pool_tier             = (known after apply)

      + admin_create_user_config (known after apply)

      + password_policy (known after apply)

      + sign_in_policy (known after apply)

      + sms_configuration (known after apply)

      + username_configuration (known after apply)

      + verification_message_template (known after apply)
    }

  # aws_cognito_user_pool_client.client["admin"] will be created
  + resource "aws_cognito_user_pool_client" "client" {
      + access_token_validity                         = (known after apply)
      + allowed_oauth_flows                           = [
          + "client_credentials",
        ]
      + allowed_oauth_flows_user_pool_client          = true
      + allowed_oauth_scopes                          = [
          + "clearledger/admin",
        ]
      + auth_session_validity                         = (known after apply)
      + callback_urls                                 = (known after apply)
      + client_secret                                 = (sensitive value)
      + default_redirect_uri                          = (known after apply)
      + enable_propagate_additional_user_context_data = (known after apply)
      + enable_token_revocation                       = (known after apply)
      + explicit_auth_flows                           = (known after apply)
      + generate_secret                               = true
      + id                                            = (known after apply)
      + id_token_validity                             = (known after apply)
      + logout_urls                                   = (known after apply)
      + name                                          = "cl-6145db-admin"
      + prevent_user_existence_errors                 = (known after apply)
      + read_attributes                               = (known after apply)
      + refresh_token_validity                        = (known after apply)
      + region                                        = "us-east-1"
      + supported_identity_providers                  = (known after apply)
      + user_pool_id                                  = (known after apply)
      + write_attributes                              = (known after apply)
    }

  # aws_cognito_user_pool_client.client["read"] will be created
  + resource "aws_cognito_user_pool_client" "client" {
      + access_token_validity                         = (known after apply)
      + allowed_oauth_flows                           = [
          + "client_credentials",
        ]
      + allowed_oauth_flows_user_pool_client          = true
      + allowed_oauth_scopes                          = [
          + "clearledger/read",
        ]
      + auth_session_validity                         = (known after apply)
      + callback_urls                                 = (known after apply)
      + client_secret                                 = (sensitive value)
      + default_redirect_uri                          = (known after apply)
      + enable_propagate_additional_user_context_data = (known after apply)
      + enable_token_revocation                       = (known after apply)
      + explicit_auth_flows                           = (known after apply)
      + generate_secret                               = true
      + id                                            = (known after apply)
      + id_token_validity                             = (known after apply)
      + logout_urls                                   = (known after apply)
      + name                                          = "cl-6145db-read"
      + prevent_user_existence_errors                 = (known after apply)
      + read_attributes                               = (known after apply)
      + refresh_token_validity                        = (known after apply)
      + region                                        = "us-east-1"
      + supported_identity_providers                  = (known after apply)
      + user_pool_id                                  = (known after apply)
      + write_attributes                              = (known after apply)
    }

  # aws_cognito_user_pool_client.client["write"] will be created
  + resource "aws_cognito_user_pool_client" "client" {
      + access_token_validity                         = (known after apply)
      + allowed_oauth_flows                           = [
          + "client_credentials",
        ]
      + allowed_oauth_flows_user_pool_client          = true
      + allowed_oauth_scopes                          = [
          + "clearledger/write",
        ]
      + auth_session_validity                         = (known after apply)
      + callback_urls                                 = (known after apply)
      + client_secret                                 = (sensitive value)
      + default_redirect_uri                          = (known after apply)
      + enable_propagate_additional_user_context_data = (known after apply)
      + enable_token_revocation                       = (known after apply)
      + explicit_auth_flows                           = (known after apply)
      + generate_secret                               = true
      + id                                            = (known after apply)
      + id_token_validity                             = (known after apply)
      + logout_urls                                   = (known after apply)
      + name                                          = "cl-6145db-write"
      + prevent_user_existence_errors                 = (known after apply)
      + read_attributes                               = (known after apply)
      + refresh_token_validity                        = (known after apply)
      + region                                        = "us-east-1"
      + supported_identity_providers                  = (known after apply)
      + user_pool_id                                  = (known after apply)
      + write_attributes                              = (known after apply)
    }

  # aws_db_instance.main will be created
  + resource "aws_db_instance" "main" {
      + address                               = (known after apply)
      + allocated_storage                     = 20
      + apply_immediately                     = true
      + arn                                   = (known after apply)
      + auto_minor_version_upgrade            = true
      + availability_zone                     = (known after apply)
      + backup_retention_period               = 7
      + backup_target                         = (known after apply)
      + backup_window                         = (known after apply)
      + ca_cert_identifier                    = (known after apply)
      + character_set_name                    = (known after apply)
      + copy_tags_to_snapshot                 = false
      + database_insights_mode                = (known after apply)
      + db_name                               = "clearledger"
      + db_subnet_group_name                  = "cl-6145db-database"
      + dedicated_log_volume                  = false
      + delete_automated_backups              = true
      + domain_fqdn                           = (known after apply)
      + endpoint                              = (known after apply)
      + engine                                = "postgres"
      + engine_lifecycle_support              = (known after apply)
      + engine_version                        = "16.3"
      + engine_version_actual                 = (known after apply)
      + hosted_zone_id                        = (known after apply)
      + id                                    = (known after apply)
      + identifier                            = "cl-6145db-database"
      + identifier_prefix                     = (known after apply)
      + instance_class                        = "db.t4g.micro"
      + iops                                  = (known after apply)
      + kms_key_id                            = (known after apply)
      + latest_restorable_time                = (known after apply)
      + license_model                         = (known after apply)
      + listener_endpoint                     = (known after apply)
      + maintenance_window                    = (known after apply)
      + master_user_secret                    = (known after apply)
      + master_user_secret_kms_key_id         = (known after apply)
      + monitoring_interval                   = 0
      + monitoring_role_arn                   = (known after apply)
      + multi_az                              = (known after apply)
      + nchar_character_set_name              = (known after apply)
      + network_type                          = (known after apply)
      + option_group_name                     = (known after apply)
      + parameter_group_name                  = (known after apply)
      + password                              = (sensitive value)
      + performance_insights_enabled          = false
      + performance_insights_kms_key_id       = (known after apply)
      + performance_insights_retention_period = (known after apply)
      + port                                  = (known after apply)
      + publicly_accessible                   = false
      + region                                = "us-east-1"
      + replica_mode                          = (known after apply)
      + replicas                              = (known after apply)
      + resource_id                           = (known after apply)
      + skip_final_snapshot                   = true
      + snapshot_identifier                   = (known after apply)
      + status                                = (known after apply)
      + storage_encrypted                     = true
      + storage_throughput                    = (known after apply)
      + storage_type                          = (known after apply)
      + tags_all                              = {
          + "ClearLedgerDeployment" = "cl-6145db"
        }
      + timezone                              = (known after apply)
      + upgrade_rollout_order                 = (known after apply)
      + username                              = "clearledger"
      + vpc_security_group_ids                = (known after apply)
    }

  # aws_db_subnet_group.main will be created
  + resource "aws_db_subnet_group" "main" {
      + arn                     = (known after apply)
      + description             = "Managed by Terraform"
      + id                      = (known after apply)
      + name                    = "cl-6145db-database"
      + name_prefix             = (known after apply)
      + region                  = "us-east-1"
      + subnet_ids              = (known after apply)
      + supported_network_types = (known after apply)
      + tags_all                = {
          + "ClearLedgerDeployment" = "cl-6145db"
        }
      + vpc_id                  = (known after apply)
    }

  # aws_dynamodb_table.main will be created
  + resource "aws_dynamodb_table" "main" {
      + arn              = (known after apply)
      + billing_mode     = "PAY_PER_REQUEST"
      + hash_key         = "PK"
      + id               = (known after apply)
      + name             = "cl-6145db-projections"
      + range_key        = "SK"
      + read_capacity    = (known after apply)
      + region           = "us-east-1"
      + stream_arn       = (known after apply)
      + stream_label     = (known after apply)
      + stream_view_type = (known after apply)
      + tags_all         = {
          + "ClearLedgerDeployment" = "cl-6145db"
        }
      + write_capacity   = (known after apply)

      + attribute {
          + name = "GSI1PK"
          + type = "S"
        }
      + attribute {
          + name = "GSI1SK"
          + type = "S"
        }
      + attribute {
          + name = "PK"
          + type = "S"
        }
      + attribute {
          + name = "SK"
          + type = "S"
        }

      + global_secondary_index {
          + hash_key           = "GSI1PK"
          + name               = "AccountIndex"
          + non_key_attributes = []
          + projection_type    = "ALL"
          + range_key          = "GSI1SK"
          + read_capacity      = (known after apply)
          + write_capacity     = (known after apply)

          + key_schema (known after apply)

          + warm_throughput (known after apply)
        }

      + global_table_witness (known after apply)

      + point_in_time_recovery {
          + enabled                 = true
          + recovery_period_in_days = (known after apply)
        }

      + server_side_encryption {
          + enabled     = true
          + kms_key_arn = (known after apply)
        }

      + ttl (known after apply)

      + warm_throughput (known after apply)
    }

  # aws_ecs_cluster.main will be created
  + resource "aws_ecs_cluster" "main" {
      + arn      = (known after apply)
      + id       = (known after apply)
      + name     = "cl-6145db-cluster"
      + region   = "us-east-1"
      + tags_all = {
          + "ClearLedgerDeployment" = "cl-6145db"
        }

      + setting {
          + name  = "containerInsights"
          + value = "enabled"
        }
    }

  # aws_ecs_service.api will be created
  + resource "aws_ecs_service" "api" {
      + arn                                = (known after apply)
      + availability_zone_rebalancing      = (known after apply)
      + cluster                            = (known after apply)
      + deployment_maximum_percent         = 200
      + deployment_minimum_healthy_percent = 100
      + desired_count                      = 2
      + enable_ecs_managed_tags            = false
      + enable_execute_command             = false
      + iam_role                           = (known after apply)
      + id                                 = (known after apply)
      + launch_type                        = "FARGATE"
      + name                               = "cl-6145db-api"
      + platform_version                   = (known after apply)
      + region                             = "us-east-1"
      + scheduling_strategy                = "REPLICA"
      + tags_all                           = {
          + "ClearLedgerDeployment" = "cl-6145db"
        }
      + task_definition                    = (known after apply)
      + triggers                           = (known after apply)
      + wait_for_steady_state              = false

      + deployment_configuration (known after apply)

      + load_balancer {
          + container_name   = "api"
          + container_port   = 8080
          + target_group_arn = (known after apply)
            # (1 unchanged attribute hidden)
        }

      + network_configuration {
          + assign_public_ip = false
          + security_groups  = (known after apply)
          + subnets          = (known after apply)
        }
    }

  # aws_ecs_task_definition.api will be created
  + resource "aws_ecs_task_definition" "api" {
      + arn                      = (known after apply)
      + arn_without_revision     = (known after apply)
      + container_definitions    = (known after apply)
      + cpu                      = "256"
      + enable_fault_injection   = (known after apply)
      + execution_role_arn       = (known after apply)
      + family                   = "cl-6145db-api"
      + id                       = (known after apply)
      + memory                   = "512"
      + network_mode             = "awsvpc"
      + region                   = "us-east-1"
      + requires_compatibilities = [
          + "FARGATE",
        ]
      + revision                 = (known after apply)
      + skip_destroy             = false
      + tags_all                 = {
          + "ClearLedgerDeployment" = "cl-6145db"
        }
      + task_role_arn            = (known after apply)
      + track_latest             = false
    }

  # aws_elasticache_replication_group.main will be created
  + resource "aws_elasticache_replication_group" "main" {
      + apply_immediately              = true
      + arn                            = (known after apply)
      + at_rest_encryption_enabled     = "false"
      + auto_minor_version_upgrade     = (known after apply)
      + automatic_failover_enabled     = false
      + cluster_enabled                = (known after apply)
      + cluster_mode                   = (known after apply)
      + configuration_endpoint_address = (known after apply)
      + data_tiering_enabled           = (known after apply)
      + description                    = "cl-6145db projection cache"
      + durability                     = (known after apply)
      + engine                         = "valkey"
      + engine_version                 = "8.0"
      + engine_version_actual          = (known after apply)
      + global_replication_group_id    = (known after apply)
      + id                             = (known after apply)
      + ip_discovery                   = (known after apply)
      + maintenance_window             = (known after apply)
      + member_clusters                = (known after apply)
      + multi_az_enabled               = false
      + network_type                   = (known after apply)
      + node_type                      = "cache.t4g.micro"
      + num_cache_clusters             = 1
      + num_node_groups                = (known after apply)
      + parameter_group_name           = (known after apply)
      + port                           = 6379
      + primary_endpoint_address       = (known after apply)
      + reader_endpoint_address        = (known after apply)
      + region                         = "us-east-1"
      + replicas_per_node_group        = (known after apply)
      + replication_group_id           = "cl-6145db-cache"
      + security_group_ids             = (known after apply)
      + security_group_names           = (known after apply)
      + snapshot_window                = (known after apply)
      + subnet_group_name              = "cl-6145db-cache"
      + tags_all                       = {
          + "ClearLedgerDeployment" = "cl-6145db"
        }
      + transit_encryption_enabled     = false
      + transit_encryption_mode        = (known after apply)

      + node_group_configuration (known after apply)
    }

  # aws_elasticache_subnet_group.main will be created
  + resource "aws_elasticache_subnet_group" "main" {
      + arn         = (known after apply)
      + description = "Managed by Terraform"
      + id          = (known after apply)
      + name        = "cl-6145db-cache"
      + region      = "us-east-1"
      + subnet_ids  = (known after apply)
      + tags_all    = {
          + "ClearLedgerDeployment" = "cl-6145db"
        }
      + vpc_id      = (known after apply)
    }

  # aws_iam_role.role["archiver"] will be created
  + resource "aws_iam_role" "role" {
      + arn                   = (known after apply)
      + assume_role_policy    = jsonencode(
            {
              + Statement = [
                  + {
                      + Action    = "sts:AssumeRole"
                      + Effect    = "Allow"
                      + Principal = {
                          + Service = "lambda.amazonaws.com"
                        }
                    },
                ]
              + Version   = "2012-10-17"
            }
        )
      + create_date           = (known after apply)
      + force_detach_policies = false
      + id                    = (known after apply)
      + managed_policy_arns   = (known after apply)
      + max_session_duration  = 3600
      + name                  = "cl-6145db-archiver"
      + name_prefix           = (known after apply)
      + path                  = "/"
      + tags                  = {
          + "ClearLedgerRole" = "archiver"
        }
      + tags_all              = {
          + "ClearLedgerDeployment" = "cl-6145db"
          + "ClearLedgerRole"       = "archiver"
        }
      + unique_id             = (known after apply)

      + inline_policy (known after apply)
    }

  # aws_iam_role.role["ecs_execution"] will be created
  + resource "aws_iam_role" "role" {
      + arn                   = (known after apply)
      + assume_role_policy    = jsonencode(
            {
              + Statement = [
                  + {
                      + Action    = "sts:AssumeRole"
                      + Effect    = "Allow"
                      + Principal = {
                          + Service = "ecs-tasks.amazonaws.com"
                        }
                    },
                ]
              + Version   = "2012-10-17"
            }
        )
      + create_date           = (known after apply)
      + force_detach_policies = false
      + id                    = (known after apply)
      + managed_policy_arns   = (known after apply)
      + max_session_duration  = 3600
      + name                  = "cl-6145db-ecs_execution"
      + name_prefix           = (known after apply)
      + path                  = "/"
      + tags                  = {
          + "ClearLedgerRole" = "ecs_execution"
        }
      + tags_all              = {
          + "ClearLedgerDeployment" = "cl-6145db"
          + "ClearLedgerRole"       = "ecs_execution"
        }
      + unique_id             = (known after apply)

      + inline_policy (known after apply)
    }

  # aws_iam_role.role["ecs_task"] will be created
  + resource "aws_iam_role" "role" {
      + arn                   = (known after apply)
      + assume_role_policy    = jsonencode(
            {
              + Statement = [
                  + {
                      + Action    = "sts:AssumeRole"
                      + Effect    = "Allow"
                      + Principal = {
                          + Service = "ecs-tasks.amazonaws.com"
                        }
                    },
                ]
              + Version   = "2012-10-17"
            }
        )
      + create_date           = (known after apply)
      + force_detach_policies = false
      + id                    = (known after apply)
      + managed_policy_arns   = (known after apply)
      + max_session_duration  = 3600
      + name                  = "cl-6145db-ecs_task"
      + name_prefix           = (known after apply)
      + path                  = "/"
      + tags                  = {
          + "ClearLedgerRole" = "ecs_task"
        }
      + tags_all              = {
          + "ClearLedgerDeployment" = "cl-6145db"
          + "ClearLedgerRole"       = "ecs_task"
        }
      + unique_id             = (known after apply)

      + inline_policy (known after apply)
    }

  # aws_iam_role.role["projector"] will be created
  + resource "aws_iam_role" "role" {
      + arn                   = (known after apply)
      + assume_role_policy    = jsonencode(
            {
              + Statement = [
                  + {
                      + Action    = "sts:AssumeRole"
                      + Effect    = "Allow"
                      + Principal = {
                          + Service = "lambda.amazonaws.com"
                        }
                    },
                ]
              + Version   = "2012-10-17"
            }
        )
      + create_date           = (known after apply)
      + force_detach_policies = false
      + id                    = (known after apply)
      + managed_policy_arns   = (known after apply)
      + max_session_duration  = 3600
      + name                  = "cl-6145db-projector"
      + name_prefix           = (known after apply)
      + path                  = "/"
      + tags                  = {
          + "ClearLedgerRole" = "projector"
        }
      + tags_all              = {
          + "ClearLedgerDeployment" = "cl-6145db"
          + "ClearLedgerRole"       = "projector"
        }
      + unique_id             = (known after apply)

      + inline_policy (known after apply)
    }

  # aws_iam_role.role["relay"] will be created
  + resource "aws_iam_role" "role" {
      + arn                   = (known after apply)
      + assume_role_policy    = jsonencode(
            {
              + Statement = [
                  + {
                      + Action    = "sts:AssumeRole"
                      + Effect    = "Allow"
                      + Principal = {
                          + Service = "lambda.amazonaws.com"
                        }
                    },
                ]
              + Version   = "2012-10-17"
            }
        )
      + create_date           = (known after apply)
      + force_detach_policies = false
      + id                    = (known after apply)
      + managed_policy_arns   = (known after apply)
      + max_session_duration  = 3600
      + name                  = "cl-6145db-relay"
      + name_prefix           = (known after apply)
      + path                  = "/"
      + tags                  = {
          + "ClearLedgerRole" = "relay"
        }
      + tags_all              = {
          + "ClearLedgerDeployment" = "cl-6145db"
          + "ClearLedgerRole"       = "relay"
        }
      + unique_id             = (known after apply)

      + inline_policy (known after apply)
    }

  # aws_iam_role.role["scheduler"] will be created
  + resource "aws_iam_role" "role" {
      + arn                   = (known after apply)
      + assume_role_policy    = jsonencode(
            {
              + Statement = [
                  + {
                      + Action    = "sts:AssumeRole"
                      + Effect    = "Allow"
                      + Principal = {
                          + Service = "scheduler.amazonaws.com"
                        }
                    },
                ]
              + Version   = "2012-10-17"
            }
        )
      + create_date           = (known after apply)
      + force_detach_policies = false
      + id                    = (known after apply)
      + managed_policy_arns   = (known after apply)
      + max_session_duration  = 3600
      + name                  = "cl-6145db-scheduler"
      + name_prefix           = (known after apply)
      + path                  = "/"
      + tags                  = {
          + "ClearLedgerRole" = "scheduler"
        }
      + tags_all              = {
          + "ClearLedgerDeployment" = "cl-6145db"
          + "ClearLedgerRole"       = "scheduler"
        }
      + unique_id             = (known after apply)

      + inline_policy (known after apply)
    }

  # aws_iam_role_policy.canonical["archiver"] will be created
  + resource "aws_iam_role_policy" "canonical" {
      + id          = (known after apply)
      + name        = "cl-6145db-canonical"
      + name_prefix = (known after apply)
      + policy      = (known after apply)
      + role        = (known after apply)
    }

  # aws_iam_role_policy.canonical["ecs_execution"] will be created
  + resource "aws_iam_role_policy" "canonical" {
      + id          = (known after apply)
      + name        = "cl-6145db-canonical"
      + name_prefix = (known after apply)
      + policy      = (known after apply)
      + role        = (known after apply)
    }

  # aws_iam_role_policy.canonical["ecs_task"] will be created
  + resource "aws_iam_role_policy" "canonical" {
      + id          = (known after apply)
      + name        = "cl-6145db-canonical"
      + name_prefix = (known after apply)
      + policy      = (known after apply)
      + role        = (known after apply)
    }

  # aws_iam_role_policy.canonical["projector"] will be created
  + resource "aws_iam_role_policy" "canonical" {
      + id          = (known after apply)
      + name        = "cl-6145db-canonical"
      + name_prefix = (known after apply)
      + policy      = (known after apply)
      + role        = (known after apply)
    }

  # aws_iam_role_policy.canonical["relay"] will be created
  + resource "aws_iam_role_policy" "canonical" {
      + id          = (known after apply)
      + name        = "cl-6145db-canonical"
      + name_prefix = (known after apply)
      + policy      = (known after apply)
      + role        = (known after apply)
    }

  # aws_iam_role_policy.canonical["scheduler"] will be created
  + resource "aws_iam_role_policy" "canonical" {
      + id          = (known after apply)
      + name        = "cl-6145db-canonical"
      + name_prefix = (known after apply)
      + policy      = (known after apply)
      + role        = (known after apply)
    }

  # aws_internet_gateway.main will be created
  + resource "aws_internet_gateway" "main" {
      + arn      = (known after apply)
      + id       = (known after apply)
      + owner_id = (known after apply)
      + region   = "us-east-1"
      + tags     = {
          + "Name" = "cl-6145db-igw"
        }
      + tags_all = {
          + "ClearLedgerDeployment" = "cl-6145db"
          + "Name"                  = "cl-6145db-igw"
        }
      + vpc_id   = (known after apply)
    }

  # aws_kms_alias.key["audit"] will be created
  + resource "aws_kms_alias" "key" {
      + arn            = (known after apply)
      + id             = (known after apply)
      + name           = "alias/cl-6145db-audit"
      + name_prefix    = (known after apply)
      + region         = "us-east-1"
      + target_key_arn = (known after apply)
      + target_key_id  = (known after apply)
    }

  # aws_kms_alias.key["database"] will be created
  + resource "aws_kms_alias" "key" {
      + arn            = (known after apply)
      + id             = (known after apply)
      + name           = "alias/cl-6145db-database"
      + name_prefix    = (known after apply)
      + region         = "us-east-1"
      + target_key_arn = (known after apply)
      + target_key_id  = (known after apply)
    }

  # aws_kms_alias.key["messaging"] will be created
  + resource "aws_kms_alias" "key" {
      + arn            = (known after apply)
      + id             = (known after apply)
      + name           = "alias/cl-6145db-messaging"
      + name_prefix    = (known after apply)
      + region         = "us-east-1"
      + target_key_arn = (known after apply)
      + target_key_id  = (known after apply)
    }

  # aws_kms_alias.key["projection"] will be created
  + resource "aws_kms_alias" "key" {
      + arn            = (known after apply)
      + id             = (known after apply)
      + name           = "alias/cl-6145db-projection"
      + name_prefix    = (known after apply)
      + region         = "us-east-1"
      + target_key_arn = (known after apply)
      + target_key_id  = (known after apply)
    }

  # aws_kms_key.key["audit"] will be created
  + resource "aws_kms_key" "key" {
      + arn                                = (known after apply)
      + bypass_policy_lockout_safety_check = false
      + customer_master_key_spec           = "SYMMETRIC_DEFAULT"
      + deletion_window_in_days            = 10
      + description                        = "cl-6145db-audit"
      + enable_key_rotation                = true
      + id                                 = (known after apply)
      + is_enabled                         = true
      + key_id                             = (known after apply)
      + key_usage                          = "ENCRYPT_DECRYPT"
      + multi_region                       = (known after apply)
      + policy                             = jsonencode(
            {
              + Statement = [
                  + {
                      + Action    = "kms:*"
                      + Effect    = "Allow"
                      + Principal = {
                          + AWS = "arn:aws:iam::000000000000:root"
                        }
                      + Resource  = "*"
                      + Sid       = "RootAdministration"
                    },
                  + {
                      + Action    = [
                          + "kms:Decrypt",
                          + "kms:GenerateDataKey",
                          + "kms:DescribeKey",
                        ]
                      + Effect    = "Allow"
                      + Principal = {
                          + AWS = [
                              + "arn:aws:iam::000000000000:role/cl-6145db-archiver",
                            ]
                        }
                      + Resource  = "*"
                      + Sid       = "WorkloadUsage"
                    },
                  + {
                      + Action    = [
                          + "kms:DisableKey",
                          + "kms:ScheduleKeyDeletion",
                        ]
                      + Effect    = "Deny"
                      + Principal = {
                          + AWS = [
                              + "arn:aws:iam::000000000000:role/cl-6145db-archiver",
                              + "arn:aws:iam::000000000000:role/cl-6145db-ecs_execution",
                              + "arn:aws:iam::000000000000:role/cl-6145db-ecs_task",
                              + "arn:aws:iam::000000000000:role/cl-6145db-projector",
                              + "arn:aws:iam::000000000000:role/cl-6145db-relay",
                              + "arn:aws:iam::000000000000:role/cl-6145db-scheduler",
                            ]
                        }
                      + Resource  = "*"
                      + Sid       = "ProtectKeys"
                    },
                  + {
                      + Action    = [
                          + "kms:Decrypt",
                          + "kms:GenerateDataKey",
                        ]
                      + Effect    = "Deny"
                      + Principal = {
                          + AWS = [
                              + "arn:aws:iam::000000000000:role/cl-6145db-ecs_execution",
                              + "arn:aws:iam::000000000000:role/cl-6145db-ecs_task",
                              + "arn:aws:iam::000000000000:role/cl-6145db-projector",
                              + "arn:aws:iam::000000000000:role/cl-6145db-relay",
                              + "arn:aws:iam::000000000000:role/cl-6145db-scheduler",
                            ]
                        }
                      + Resource  = "*"
                      + Sid       = "IsolateKeys"
                    },
                ]
              + Version   = "2012-10-17"
            }
        )
      + region                             = "us-east-1"
      + rotation_period_in_days            = (known after apply)
      + tags                               = {
          + "ClearLedgerKeyUsage" = "audit"
          + "Name"                = "cl-6145db-audit"
        }
      + tags_all                           = {
          + "ClearLedgerDeployment" = "cl-6145db"
          + "ClearLedgerKeyUsage"   = "audit"
          + "Name"                  = "cl-6145db-audit"
        }
    }

  # aws_kms_key.key["database"] will be created
  + resource "aws_kms_key" "key" {
      + arn                                = (known after apply)
      + bypass_policy_lockout_safety_check = false
      + customer_master_key_spec           = "SYMMETRIC_DEFAULT"
      + deletion_window_in_days            = 10
      + description                        = "cl-6145db-database"
      + enable_key_rotation                = true
      + id                                 = (known after apply)
      + is_enabled                         = true
      + key_id                             = (known after apply)
      + key_usage                          = "ENCRYPT_DECRYPT"
      + multi_region                       = (known after apply)
      + policy                             = jsonencode(
            {
              + Statement = [
                  + {
                      + Action    = "kms:*"
                      + Effect    = "Allow"
                      + Principal = {
                          + AWS = "arn:aws:iam::000000000000:root"
                        }
                      + Resource  = "*"
                      + Sid       = "RootAdministration"
                    },
                  + {
                      + Action    = [
                          + "kms:Decrypt",
                          + "kms:GenerateDataKey",
                          + "kms:DescribeKey",
                        ]
                      + Effect    = "Allow"
                      + Principal = {
                          + AWS = [
                              + "arn:aws:iam::000000000000:role/cl-6145db-relay",
                              + "arn:aws:iam::000000000000:role/cl-6145db-archiver",
                            ]
                        }
                      + Resource  = "*"
                      + Sid       = "WorkloadUsage"
                    },
                  + {
                      + Action    = [
                          + "kms:DisableKey",
                          + "kms:ScheduleKeyDeletion",
                        ]
                      + Effect    = "Deny"
                      + Principal = {
                          + AWS = [
                              + "arn:aws:iam::000000000000:role/cl-6145db-archiver",
                              + "arn:aws:iam::000000000000:role/cl-6145db-ecs_execution",
                              + "arn:aws:iam::000000000000:role/cl-6145db-ecs_task",
                              + "arn:aws:iam::000000000000:role/cl-6145db-projector",
                              + "arn:aws:iam::000000000000:role/cl-6145db-relay",
                              + "arn:aws:iam::000000000000:role/cl-6145db-scheduler",
                            ]
                        }
                      + Resource  = "*"
                      + Sid       = "ProtectKeys"
                    },
                  + {
                      + Action    = [
                          + "kms:Decrypt",
                          + "kms:GenerateDataKey",
                        ]
                      + Effect    = "Deny"
                      + Principal = {
                          + AWS = [
                              + "arn:aws:iam::000000000000:role/cl-6145db-ecs_execution",
                              + "arn:aws:iam::000000000000:role/cl-6145db-ecs_task",
                              + "arn:aws:iam::000000000000:role/cl-6145db-projector",
                              + "arn:aws:iam::000000000000:role/cl-6145db-scheduler",
                            ]
                        }
                      + Resource  = "*"
                      + Sid       = "IsolateKeys"
                    },
                ]
              + Version   = "2012-10-17"
            }
        )
      + region                             = "us-east-1"
      + rotation_period_in_days            = (known after apply)
      + tags                               = {
          + "ClearLedgerKeyUsage" = "database"
          + "Name"                = "cl-6145db-database"
        }
      + tags_all                           = {
          + "ClearLedgerDeployment" = "cl-6145db"
          + "ClearLedgerKeyUsage"   = "database"
          + "Name"                  = "cl-6145db-database"
        }
    }

  # aws_kms_key.key["messaging"] will be created
  + resource "aws_kms_key" "key" {
      + arn                                = (known after apply)
      + bypass_policy_lockout_safety_check = false
      + customer_master_key_spec           = "SYMMETRIC_DEFAULT"
      + deletion_window_in_days            = 10
      + description                        = "cl-6145db-messaging"
      + enable_key_rotation                = true
      + id                                 = (known after apply)
      + is_enabled                         = true
      + key_id                             = (known after apply)
      + key_usage                          = "ENCRYPT_DECRYPT"
      + multi_region                       = (known after apply)
      + policy                             = jsonencode(
            {
              + Statement = [
                  + {
                      + Action    = "kms:*"
                      + Effect    = "Allow"
                      + Principal = {
                          + AWS = "arn:aws:iam::000000000000:root"
                        }
                      + Resource  = "*"
                      + Sid       = "RootAdministration"
                    },
                  + {
                      + Action    = [
                          + "kms:Decrypt",
                          + "kms:GenerateDataKey",
                          + "kms:DescribeKey",
                        ]
                      + Effect    = "Allow"
                      + Principal = {
                          + AWS = [
                              + "arn:aws:iam::000000000000:role/cl-6145db-ecs_task",
                              + "arn:aws:iam::000000000000:role/cl-6145db-projector",
                              + "arn:aws:iam::000000000000:role/cl-6145db-relay",
                            ]
                        }
                      + Resource  = "*"
                      + Sid       = "WorkloadUsage"
                    },
                  + {
                      + Action    = [
                          + "kms:DisableKey",
                          + "kms:ScheduleKeyDeletion",
                        ]
                      + Effect    = "Deny"
                      + Principal = {
                          + AWS = [
                              + "arn:aws:iam::000000000000:role/cl-6145db-archiver",
                              + "arn:aws:iam::000000000000:role/cl-6145db-ecs_execution",
                              + "arn:aws:iam::000000000000:role/cl-6145db-ecs_task",
                              + "arn:aws:iam::000000000000:role/cl-6145db-projector",
                              + "arn:aws:iam::000000000000:role/cl-6145db-relay",
                              + "arn:aws:iam::000000000000:role/cl-6145db-scheduler",
                            ]
                        }
                      + Resource  = "*"
                      + Sid       = "ProtectKeys"
                    },
                  + {
                      + Action    = [
                          + "kms:Decrypt",
                          + "kms:GenerateDataKey",
                        ]
                      + Effect    = "Deny"
                      + Principal = {
                          + AWS = [
                              + "arn:aws:iam::000000000000:role/cl-6145db-archiver",
                              + "arn:aws:iam::000000000000:role/cl-6145db-ecs_execution",
                              + "arn:aws:iam::000000000000:role/cl-6145db-scheduler",
                            ]
                        }
                      + Resource  = "*"
                      + Sid       = "IsolateKeys"
                    },
                ]
              + Version   = "2012-10-17"
            }
        )
      + region                             = "us-east-1"
      + rotation_period_in_days            = (known after apply)
      + tags                               = {
          + "ClearLedgerKeyUsage" = "messaging"
          + "Name"                = "cl-6145db-messaging"
        }
      + tags_all                           = {
          + "ClearLedgerDeployment" = "cl-6145db"
          + "ClearLedgerKeyUsage"   = "messaging"
          + "Name"                  = "cl-6145db-messaging"
        }
    }

  # aws_kms_key.key["projection"] will be created
  + resource "aws_kms_key" "key" {
      + arn                                = (known after apply)
      + bypass_policy_lockout_safety_check = false
      + customer_master_key_spec           = "SYMMETRIC_DEFAULT"
      + deletion_window_in_days            = 10
      + description                        = "cl-6145db-projection"
      + enable_key_rotation                = true
      + id                                 = (known after apply)
      + is_enabled                         = true
      + key_id                             = (known after apply)
      + key_usage                          = "ENCRYPT_DECRYPT"
      + multi_region                       = (known after apply)
      + policy                             = jsonencode(
            {
              + Statement = [
                  + {
                      + Action    = "kms:*"
                      + Effect    = "Allow"
                      + Principal = {
                          + AWS = "arn:aws:iam::000000000000:root"
                        }
                      + Resource  = "*"
                      + Sid       = "RootAdministration"
                    },
                  + {
                      + Action    = [
                          + "kms:Decrypt",
                          + "kms:GenerateDataKey",
                          + "kms:DescribeKey",
                        ]
                      + Effect    = "Allow"
                      + Principal = {
                          + AWS = [
                              + "arn:aws:iam::000000000000:role/cl-6145db-ecs_task",
                              + "arn:aws:iam::000000000000:role/cl-6145db-projector",
                            ]
                        }
                      + Resource  = "*"
                      + Sid       = "WorkloadUsage"
                    },
                  + {
                      + Action    = [
                          + "kms:DisableKey",
                          + "kms:ScheduleKeyDeletion",
                        ]
                      + Effect    = "Deny"
                      + Principal = {
                          + AWS = [
                              + "arn:aws:iam::000000000000:role/cl-6145db-archiver",
                              + "arn:aws:iam::000000000000:role/cl-6145db-ecs_execution",
                              + "arn:aws:iam::000000000000:role/cl-6145db-ecs_task",
                              + "arn:aws:iam::000000000000:role/cl-6145db-projector",
                              + "arn:aws:iam::000000000000:role/cl-6145db-relay",
                              + "arn:aws:iam::000000000000:role/cl-6145db-scheduler",
                            ]
                        }
                      + Resource  = "*"
                      + Sid       = "ProtectKeys"
                    },
                  + {
                      + Action    = [
                          + "kms:Decrypt",
                          + "kms:GenerateDataKey",
                        ]
                      + Effect    = "Deny"
                      + Principal = {
                          + AWS = [
                              + "arn:aws:iam::000000000000:role/cl-6145db-archiver",
                              + "arn:aws:iam::000000000000:role/cl-6145db-ecs_execution",
                              + "arn:aws:iam::000000000000:role/cl-6145db-relay",
                              + "arn:aws:iam::000000000000:role/cl-6145db-scheduler",
                            ]
                        }
                      + Resource  = "*"
                      + Sid       = "IsolateKeys"
                    },
                ]
              + Version   = "2012-10-17"
            }
        )
      + region                             = "us-east-1"
      + rotation_period_in_days            = (known after apply)
      + tags                               = {
          + "ClearLedgerKeyUsage" = "projection"
          + "Name"                = "cl-6145db-projection"
        }
      + tags_all                           = {
          + "ClearLedgerDeployment" = "cl-6145db"
          + "ClearLedgerKeyUsage"   = "projection"
          + "Name"                  = "cl-6145db-projection"
        }
    }

  # aws_lambda_event_source_mapping.projector will be created
  + resource "aws_lambda_event_source_mapping" "projector" {
      + arn                                = (known after apply)
      + batch_size                         = 5
      + enabled                            = true
      + event_source_arn                   = (known after apply)
      + function_arn                       = (known after apply)
      + function_name                      = (known after apply)
      + function_response_types            = [
          + "ReportBatchItemFailures",
        ]
      + id                                 = (known after apply)
      + last_modified                      = (known after apply)
      + last_processing_result             = (known after apply)
      + maximum_batching_window_in_seconds = 0
      + maximum_record_age_in_seconds      = (known after apply)
      + maximum_retry_attempts             = (known after apply)
      + parallelization_factor             = (known after apply)
      + region                             = "us-east-1"
      + state                              = (known after apply)
      + state_transition_reason            = (known after apply)
      + tags_all                           = {
          + "ClearLedgerDeployment" = "cl-6145db"
        }
      + uuid                               = (known after apply)

      + amazon_managed_kafka_event_source_config (known after apply)

      + self_managed_kafka_event_source_config (known after apply)
    }

  # aws_lambda_function.worker["archiver"] will be created
  + resource "aws_lambda_function" "worker" {
      + architectures                  = (known after apply)
      + arn                            = (known after apply)
      + code_sha256                    = (known after apply)
      + function_name                  = "cl-6145db-archiver"
      + id                             = (known after apply)
      + image_uri                      = "clearledger/archiver:1.0.0"
      + invoke_arn                     = (known after apply)
      + last_modified                  = (known after apply)
      + memory_size                    = 256
      + package_type                   = "Image"
      + publish                        = false
      + qualified_arn                  = (known after apply)
      + qualified_invoke_arn           = (known after apply)
      + region                         = "us-east-1"
      + reserved_concurrent_executions = -1
      + response_streaming_invoke_arn  = (known after apply)
      + role                           = (known after apply)
      + signing_job_arn                = (known after apply)
      + signing_profile_version_arn    = (known after apply)
      + skip_destroy                   = false
      + source_code_hash               = (known after apply)
      + source_code_size               = (known after apply)
      + tags_all                       = {
          + "ClearLedgerDeployment" = "cl-6145db"
        }
      + timeout                        = 30
      + version                        = (known after apply)

      + environment {
          + variables = (known after apply)
        }

      + ephemeral_storage (known after apply)

      + logging_config (known after apply)

      + tracing_config (known after apply)
    }

  # aws_lambda_function.worker["projector"] will be created
  + resource "aws_lambda_function" "worker" {
      + architectures                  = (known after apply)
      + arn                            = (known after apply)
      + code_sha256                    = (known after apply)
      + function_name                  = "cl-6145db-projector"
      + id                             = (known after apply)
      + image_uri                      = "clearledger/projector:1.0.0"
      + invoke_arn                     = (known after apply)
      + last_modified                  = (known after apply)
      + memory_size                    = 256
      + package_type                   = "Image"
      + publish                        = false
      + qualified_arn                  = (known after apply)
      + qualified_invoke_arn           = (known after apply)
      + region                         = "us-east-1"
      + reserved_concurrent_executions = -1
      + response_streaming_invoke_arn  = (known after apply)
      + role                           = (known after apply)
      + signing_job_arn                = (known after apply)
      + signing_profile_version_arn    = (known after apply)
      + skip_destroy                   = false
      + source_code_hash               = (known after apply)
      + source_code_size               = (known after apply)
      + tags_all                       = {
          + "ClearLedgerDeployment" = "cl-6145db"
        }
      + timeout                        = 30
      + version                        = (known after apply)

      + environment {
          + variables = (known after apply)
        }

      + ephemeral_storage (known after apply)

      + logging_config (known after apply)

      + tracing_config (known after apply)
    }

  # aws_lambda_function.worker["relay"] will be created
  + resource "aws_lambda_function" "worker" {
      + architectures                  = (known after apply)
      + arn                            = (known after apply)
      + code_sha256                    = (known after apply)
      + function_name                  = "cl-6145db-relay"
      + id                             = (known after apply)
      + image_uri                      = "clearledger/relay:1.0.0"
      + invoke_arn                     = (known after apply)
      + last_modified                  = (known after apply)
      + memory_size                    = 256
      + package_type                   = "Image"
      + publish                        = false
      + qualified_arn                  = (known after apply)
      + qualified_invoke_arn           = (known after apply)
      + region                         = "us-east-1"
      + reserved_concurrent_executions = -1
      + response_streaming_invoke_arn  = (known after apply)
      + role                           = (known after apply)
      + signing_job_arn                = (known after apply)
      + signing_profile_version_arn    = (known after apply)
      + skip_destroy                   = false
      + source_code_hash               = (known after apply)
      + source_code_size               = (known after apply)
      + tags_all                       = {
          + "ClearLedgerDeployment" = "cl-6145db"
        }
      + timeout                        = 30
      + version                        = (known after apply)

      + environment {
          + variables = (known after apply)
        }

      + ephemeral_storage (known after apply)

      + logging_config (known after apply)

      + tracing_config (known after apply)
    }

  # aws_lb.main will be created
  + resource "aws_lb" "main" {
      + arn                                                          = (known after apply)
      + arn_suffix                                                   = (known after apply)
      + client_keep_alive                                            = 3600
      + desync_mitigation_mode                                       = "defensive"
      + dns_name                                                     = (known after apply)
      + drop_invalid_header_fields                                   = false
      + enable_deletion_protection                                   = false
      + enable_http2                                                 = true
      + enable_prefix_for_ipv6_source_nat                            = (known after apply)
      + enable_tls_version_and_cipher_suite_headers                  = false
      + enable_waf_fail_open                                         = false
      + enable_xff_client_port                                       = false
      + enable_zonal_shift                                           = false
      + enforce_security_group_inbound_rules_on_private_link_traffic = (known after apply)
      + id                                                           = (known after apply)
      + idle_timeout                                                 = 60
      + internal                                                     = false
      + ip_address_type                                              = (known after apply)
      + load_balancer_type                                           = "application"
      + name                                                         = "cl-6145db-alb"
      + name_prefix                                                  = (known after apply)
      + preserve_host_header                                         = false
      + region                                                       = "us-east-1"
      + secondary_ips_auto_assigned_per_subnet                       = (known after apply)
      + security_groups                                              = (known after apply)
      + subnets                                                      = (known after apply)
      + tags_all                                                     = {
          + "ClearLedgerDeployment" = "cl-6145db"
        }
      + vpc_id                                                       = (known after apply)
      + xff_header_processing_mode                                   = "append"
      + zone_id                                                      = (known after apply)

      + subnet_mapping (known after apply)
    }

  # aws_lb_listener.main will be created
  + resource "aws_lb_listener" "main" {
      + arn                                                                   = (known after apply)
      + id                                                                    = (known after apply)
      + load_balancer_arn                                                     = (known after apply)
      + port                                                                  = 80
      + protocol                                                              = "HTTP"
      + region                                                                = "us-east-1"
      + routing_http_request_x_amzn_mtls_clientcert_header_name               = (known after apply)
      + routing_http_request_x_amzn_mtls_clientcert_issuer_header_name        = (known after apply)
      + routing_http_request_x_amzn_mtls_clientcert_leaf_header_name          = (known after apply)
      + routing_http_request_x_amzn_mtls_clientcert_serial_number_header_name = (known after apply)
      + routing_http_request_x_amzn_mtls_clientcert_subject_header_name       = (known after apply)
      + routing_http_request_x_amzn_mtls_clientcert_validity_header_name      = (known after apply)
      + routing_http_request_x_amzn_tls_cipher_suite_header_name              = (known after apply)
      + routing_http_request_x_amzn_tls_version_header_name                   = (known after apply)
      + routing_http_response_access_control_allow_credentials_header_value   = (known after apply)
      + routing_http_response_access_control_allow_headers_header_value       = (known after apply)
      + routing_http_response_access_control_allow_methods_header_value       = (known after apply)
      + routing_http_response_access_control_allow_origin_header_value        = (known after apply)
      + routing_http_response_access_control_expose_headers_header_value      = (known after apply)
      + routing_http_response_access_control_max_age_header_value             = (known after apply)
      + routing_http_response_content_security_policy_header_value            = (known after apply)
      + routing_http_response_server_enabled                                  = (known after apply)
      + routing_http_response_strict_transport_security_header_value          = (known after apply)
      + routing_http_response_x_content_type_options_header_value             = (known after apply)
      + routing_http_response_x_frame_options_header_value                    = (known after apply)
      + ssl_policy                                                            = (known after apply)
      + tags_all                                                              = {
          + "ClearLedgerDeployment" = "cl-6145db"
        }
      + tcp_idle_timeout_seconds                                              = (known after apply)

      + default_action {
          + order            = (known after apply)
          + target_group_arn = (known after apply)
          + type             = "forward"
        }

      + mutual_authentication (known after apply)
    }

  # aws_lb_target_group.main will be created
  + resource "aws_lb_target_group" "main" {
      + arn                                = (known after apply)
      + arn_suffix                         = (known after apply)
      + connection_termination             = (known after apply)
      + deregistration_delay               = "5"
      + id                                 = (known after apply)
      + ip_address_type                    = (known after apply)
      + lambda_multi_value_headers_enabled = false
      + load_balancer_arns                 = (known after apply)
      + load_balancing_algorithm_type      = (known after apply)
      + load_balancing_anomaly_mitigation  = (known after apply)
      + load_balancing_cross_zone_enabled  = (known after apply)
      + name                               = "cl-6145db-api"
      + name_prefix                        = (known after apply)
      + port                               = 8080
      + preserve_client_ip                 = (known after apply)
      + protocol                           = "HTTP"
      + protocol_version                   = (known after apply)
      + proxy_protocol_v2                  = false
      + region                             = "us-east-1"
      + slow_start                         = 0
      + tags_all                           = {
          + "ClearLedgerDeployment" = "cl-6145db"
        }
      + target_type                        = "ip"
      + vpc_id                             = (known after apply)

      + health_check {
          + enabled             = true
          + healthy_threshold   = 2
          + interval            = 5
          + matcher             = "200"
          + path                = "/health/ready"
          + port                = "traffic-port"
          + protocol            = "HTTP"
          + timeout             = 2
          + unhealthy_threshold = 3
        }

      + stickiness (known after apply)

      + target_failover (known after apply)

      + target_group_health (known after apply)

      + target_health_state (known after apply)
    }

  # aws_route_table.private will be created
  + resource "aws_route_table" "private" {
      + arn              = (known after apply)
      + id               = (known after apply)
      + owner_id         = (known after apply)
      + propagating_vgws = (known after apply)
      + region           = "us-east-1"
      + route            = []
      + tags             = {
          + "Name" = "cl-6145db-private"
        }
      + tags_all         = {
          + "ClearLedgerDeployment" = "cl-6145db"
          + "Name"                  = "cl-6145db-private"
        }
      + vpc_id           = (known after apply)
    }

  # aws_route_table.public will be created
  + resource "aws_route_table" "public" {
      + arn              = (known after apply)
      + id               = (known after apply)
      + owner_id         = (known after apply)
      + propagating_vgws = (known after apply)
      + region           = "us-east-1"
      + route            = [
          + {
              + cidr_block                 = "0.0.0.0/0"
              + gateway_id                 = (known after apply)
                # (12 unchanged attributes hidden)
            },
        ]
      + tags             = {
          + "Name" = "cl-6145db-public"
        }
      + tags_all         = {
          + "ClearLedgerDeployment" = "cl-6145db"
          + "Name"                  = "cl-6145db-public"
        }
      + vpc_id           = (known after apply)
    }

  # aws_route_table_association.private[0] will be created
  + resource "aws_route_table_association" "private" {
      + id             = (known after apply)
      + region         = "us-east-1"
      + route_table_id = (known after apply)
      + subnet_id      = (known after apply)
    }

  # aws_route_table_association.private[1] will be created
  + resource "aws_route_table_association" "private" {
      + id             = (known after apply)
      + region         = "us-east-1"
      + route_table_id = (known after apply)
      + subnet_id      = (known after apply)
    }

  # aws_route_table_association.public[0] will be created
  + resource "aws_route_table_association" "public" {
      + id             = (known after apply)
      + region         = "us-east-1"
      + route_table_id = (known after apply)
      + subnet_id      = (known after apply)
    }

  # aws_route_table_association.public[1] will be created
  + resource "aws_route_table_association" "public" {
      + id             = (known after apply)
      + region         = "us-east-1"
      + route_table_id = (known after apply)
      + subnet_id      = (known after apply)
    }

  # aws_s3_bucket.audit will be created
  + resource "aws_s3_bucket" "audit" {
      + acceleration_status         = (known after apply)
      + acl                         = (known after apply)
      + arn                         = (known after apply)
      + bucket                      = "cl-6145db-audit"
      + bucket_domain_name          = (known after apply)
      + bucket_namespace            = (known after apply)
      + bucket_prefix               = (known after apply)
      + bucket_region               = (known after apply)
      + bucket_regional_domain_name = (known after apply)
      + force_destroy               = true
      + hosted_zone_id              = (known after apply)
      + id                          = (known after apply)
      + object_lock_enabled         = (known after apply)
      + policy                      = (known after apply)
      + region                      = "us-east-1"
      + request_payer               = (known after apply)
      + tags_all                    = {
          + "ClearLedgerDeployment" = "cl-6145db"
        }
      + website_domain              = (known after apply)
      + website_endpoint            = (known after apply)

      + cors_rule (known after apply)

      + grant (known after apply)

      + lifecycle_rule (known after apply)

      + logging (known after apply)

      + object_lock_configuration (known after apply)

      + replication_configuration (known after apply)

      + server_side_encryption_configuration (known after apply)

      + versioning (known after apply)

      + website (known after apply)
    }

  # aws_s3_bucket_policy.audit will be created
  + resource "aws_s3_bucket_policy" "audit" {
      + bucket = (known after apply)
      + id     = (known after apply)
      + policy = (known after apply)
      + region = "us-east-1"
    }

  # aws_s3_bucket_public_access_block.audit will be created
  + resource "aws_s3_bucket_public_access_block" "audit" {
      + block_public_acls       = true
      + block_public_policy     = true
      + bucket                  = (known after apply)
      + id                      = (known after apply)
      + ignore_public_acls      = true
      + region                  = "us-east-1"
      + restrict_public_buckets = true
    }

  # aws_s3_bucket_server_side_encryption_configuration.audit will be created
  + resource "aws_s3_bucket_server_side_encryption_configuration" "audit" {
      + bucket = (known after apply)
      + id     = (known after apply)
      + region = "us-east-1"

      + rule {
          + blocked_encryption_types = (known after apply)
          + bucket_key_enabled       = (known after apply)

          + apply_server_side_encryption_by_default {
              + kms_master_key_id = (known after apply)
              + sse_algorithm     = "aws:kms"
            }
        }
    }

  # aws_s3_bucket_versioning.audit will be created
  + resource "aws_s3_bucket_versioning" "audit" {
      + bucket = (known after apply)
      + id     = (known after apply)
      + region = "us-east-1"

      + versioning_configuration {
          + mfa_delete = (known after apply)
          + status     = "Enabled"
        }
    }

  # aws_scheduler_schedule.worker["archiver"] will be created
  + resource "aws_scheduler_schedule" "worker" {
      + action_after_completion      = (known after apply)
      + arn                          = (known after apply)
      + group_name                   = (known after apply)
      + id                           = (known after apply)
      + name                         = "cl-6145db-archiver"
      + name_prefix                  = (known after apply)
      + region                       = "us-east-1"
      + schedule_expression          = "rate(5 minutes)"
      + schedule_expression_timezone = "UTC"
      + state                        = "ENABLED"

      + flexible_time_window {
          + mode = "OFF"
        }

      + target {
          + arn      = (known after apply)
          + input    = jsonencode({})
          + role_arn = (known after apply)
        }
    }

  # aws_scheduler_schedule.worker["relay"] will be created
  + resource "aws_scheduler_schedule" "worker" {
      + action_after_completion      = (known after apply)
      + arn                          = (known after apply)
      + group_name                   = (known after apply)
      + id                           = (known after apply)
      + name                         = "cl-6145db-relay"
      + name_prefix                  = (known after apply)
      + region                       = "us-east-1"
      + schedule_expression          = "rate(1 minute)"
      + schedule_expression_timezone = "UTC"
      + state                        = "ENABLED"

      + flexible_time_window {
          + mode = "OFF"
        }

      + target {
          + arn      = (known after apply)
          + input    = jsonencode({})
          + role_arn = (known after apply)
        }
    }

  # aws_security_group.alb will be created
  + resource "aws_security_group" "alb" {
      + arn                    = (known after apply)
      + description            = "Managed by Terraform"
      + egress                 = [
          + {
              + cidr_blocks      = [
                  + "10.42.0.0/16",
                ]
              + from_port        = 8080
              + ipv6_cidr_blocks = []
              + prefix_list_ids  = []
              + protocol         = "tcp"
              + security_groups  = []
              + self             = false
              + to_port          = 8080
                # (1 unchanged attribute hidden)
            },
        ]
      + id                     = (known after apply)
      + ingress                = [
          + {
              + cidr_blocks      = [
                  + "0.0.0.0/0",
                ]
              + from_port        = 80
              + ipv6_cidr_blocks = []
              + prefix_list_ids  = []
              + protocol         = "tcp"
              + security_groups  = []
              + self             = false
              + to_port          = 80
                # (1 unchanged attribute hidden)
            },
        ]
      + name                   = "cl-6145db-alb"
      + name_prefix            = (known after apply)
      + owner_id               = (known after apply)
      + region                 = "us-east-1"
      + revoke_rules_on_delete = false
      + tags_all               = {
          + "ClearLedgerDeployment" = "cl-6145db"
        }
      + vpc_id                 = (known after apply)
    }

  # aws_security_group.ecs will be created
  + resource "aws_security_group" "ecs" {
      + arn                    = (known after apply)
      + description            = "Managed by Terraform"
      + egress                 = [
          + {
              + cidr_blocks      = [
                  + "0.0.0.0/0",
                ]
              + from_port        = 0
              + ipv6_cidr_blocks = []
              + prefix_list_ids  = []
              + protocol         = "-1"
              + security_groups  = []
              + self             = false
              + to_port          = 0
                # (1 unchanged attribute hidden)
            },
        ]
      + id                     = (known after apply)
      + ingress                = [
          + {
              + cidr_blocks      = []
              + from_port        = 8080
              + ipv6_cidr_blocks = []
              + prefix_list_ids  = []
              + protocol         = "tcp"
              + security_groups  = (known after apply)
              + self             = false
              + to_port          = 8080
                # (1 unchanged attribute hidden)
            },
        ]
      + name                   = "cl-6145db-ecs"
      + name_prefix            = (known after apply)
      + owner_id               = (known after apply)
      + region                 = "us-east-1"
      + revoke_rules_on_delete = false
      + tags_all               = {
          + "ClearLedgerDeployment" = "cl-6145db"
        }
      + vpc_id                 = (known after apply)
    }

  # aws_security_group.store["rds"] will be created
  + resource "aws_security_group" "store" {
      + arn                    = (known after apply)
      + description            = "Managed by Terraform"
      + egress                 = []
      + id                     = (known after apply)
      + ingress                = [
          + {
              + cidr_blocks      = [
                  + "10.42.0.0/16",
                ]
              + from_port        = 5432
              + ipv6_cidr_blocks = []
              + prefix_list_ids  = []
              + protocol         = "tcp"
              + security_groups  = []
              + self             = false
              + to_port          = 5432
                # (1 unchanged attribute hidden)
            },
        ]
      + name                   = "cl-6145db-rds"
      + name_prefix            = (known after apply)
      + owner_id               = (known after apply)
      + region                 = "us-east-1"
      + revoke_rules_on_delete = false
      + tags_all               = {
          + "ClearLedgerDeployment" = "cl-6145db"
        }
      + vpc_id                 = (known after apply)
    }

  # aws_security_group.store["valkey"] will be created
  + resource "aws_security_group" "store" {
      + arn                    = (known after apply)
      + description            = "Managed by Terraform"
      + egress                 = []
      + id                     = (known after apply)
      + ingress                = [
          + {
              + cidr_blocks      = [
                  + "10.42.0.0/16",
                ]
              + from_port        = 6379
              + ipv6_cidr_blocks = []
              + prefix_list_ids  = []
              + protocol         = "tcp"
              + security_groups  = []
              + self             = false
              + to_port          = 6379
                # (1 unchanged attribute hidden)
            },
        ]
      + name                   = "cl-6145db-valkey"
      + name_prefix            = (known after apply)
      + owner_id               = (known after apply)
      + region                 = "us-east-1"
      + revoke_rules_on_delete = false
      + tags_all               = {
          + "ClearLedgerDeployment" = "cl-6145db"
        }
      + vpc_id                 = (known after apply)
    }

  # aws_sqs_queue.dlq will be created
  + resource "aws_sqs_queue" "dlq" {
      + arn                               = (known after apply)
      + content_based_deduplication       = false
      + deduplication_scope               = (known after apply)
      + delay_seconds                     = 0
      + fifo_queue                        = false
      + fifo_throughput_limit             = (known after apply)
      + id                                = (known after apply)
      + kms_data_key_reuse_period_seconds = (known after apply)
      + kms_master_key_id                 = (known after apply)
      + max_message_size                  = 262144
      + message_retention_seconds         = 1209600
      + name                              = "cl-6145db-dlq"
      + name_prefix                       = (known after apply)
      + policy                            = (known after apply)
      + receive_wait_time_seconds         = 0
      + redrive_allow_policy              = (known after apply)
      + redrive_policy                    = (known after apply)
      + region                            = "us-east-1"
      + sqs_managed_sse_enabled           = (known after apply)
      + tags_all                          = {
          + "ClearLedgerDeployment" = "cl-6145db"
        }
      + url                               = (known after apply)
      + visibility_timeout_seconds        = 30
    }

  # aws_sqs_queue.main will be created
  + resource "aws_sqs_queue" "main" {
      + arn                               = (known after apply)
      + content_based_deduplication       = false
      + deduplication_scope               = (known after apply)
      + delay_seconds                     = 0
      + fifo_queue                        = false
      + fifo_throughput_limit             = (known after apply)
      + id                                = (known after apply)
      + kms_data_key_reuse_period_seconds = (known after apply)
      + kms_master_key_id                 = (known after apply)
      + max_message_size                  = 262144
      + message_retention_seconds         = 172800
      + name                              = "cl-6145db-events"
      + name_prefix                       = (known after apply)
      + policy                            = (known after apply)
      + receive_wait_time_seconds         = 2
      + redrive_allow_policy              = (known after apply)
      + redrive_policy                    = (known after apply)
      + region                            = "us-east-1"
      + sqs_managed_sse_enabled           = (known after apply)
      + tags_all                          = {
          + "ClearLedgerDeployment" = "cl-6145db"
        }
      + url                               = (known after apply)
      + visibility_timeout_seconds        = 3
    }

  # aws_sqs_queue_policy.dlq will be created
  + resource "aws_sqs_queue_policy" "dlq" {
      + id        = (known after apply)
      + policy    = (known after apply)
      + queue_url = (known after apply)
      + region    = "us-east-1"
    }

  # aws_sqs_queue_policy.main will be created
  + resource "aws_sqs_queue_policy" "main" {
      + id        = (known after apply)
      + policy    = (known after apply)
      + queue_url = (known after apply)
      + region    = "us-east-1"
    }

  # aws_subnet.private[0] will be created
  + resource "aws_subnet" "private" {
      + arn                                            = (known after apply)
      + assign_ipv6_address_on_creation                = false
      + availability_zone                              = "us-east-1a"
      + availability_zone_id                           = (known after apply)
      + cidr_block                                     = "10.42.10.0/24"
      + enable_dns64                                   = false
      + enable_resource_name_dns_a_record_on_launch    = false
      + enable_resource_name_dns_aaaa_record_on_launch = false
      + id                                             = (known after apply)
      + ipv6_cidr_block                                = (known after apply)
      + ipv6_cidr_block_association_id                 = (known after apply)
      + ipv6_native                                    = false
      + map_public_ip_on_launch                        = false
      + owner_id                                       = (known after apply)
      + private_dns_hostname_type_on_launch            = (known after apply)
      + region                                         = "us-east-1"
      + tags                                           = {
          + "Name" = "cl-6145db-private-0"
        }
      + tags_all                                       = {
          + "ClearLedgerDeployment" = "cl-6145db"
          + "Name"                  = "cl-6145db-private-0"
        }
      + vpc_id                                         = (known after apply)
    }

  # aws_subnet.private[1] will be created
  + resource "aws_subnet" "private" {
      + arn                                            = (known after apply)
      + assign_ipv6_address_on_creation                = false
      + availability_zone                              = "us-east-1b"
      + availability_zone_id                           = (known after apply)
      + cidr_block                                     = "10.42.11.0/24"
      + enable_dns64                                   = false
      + enable_resource_name_dns_a_record_on_launch    = false
      + enable_resource_name_dns_aaaa_record_on_launch = false
      + id                                             = (known after apply)
      + ipv6_cidr_block                                = (known after apply)
      + ipv6_cidr_block_association_id                 = (known after apply)
      + ipv6_native                                    = false
      + map_public_ip_on_launch                        = false
      + owner_id                                       = (known after apply)
      + private_dns_hostname_type_on_launch            = (known after apply)
      + region                                         = "us-east-1"
      + tags                                           = {
          + "Name" = "cl-6145db-private-1"
        }
      + tags_all                                       = {
          + "ClearLedgerDeployment" = "cl-6145db"
          + "Name"                  = "cl-6145db-private-1"
        }
      + vpc_id                                         = (known after apply)
    }

  # aws_subnet.public[0] will be created
  + resource "aws_subnet" "public" {
      + arn                                            = (known after apply)
      + assign_ipv6_address_on_creation                = false
      + availability_zone                              = "us-east-1a"
      + availability_zone_id                           = (known after apply)
      + cidr_block                                     = "10.42.0.0/24"
      + enable_dns64                                   = false
      + enable_resource_name_dns_a_record_on_launch    = false
      + enable_resource_name_dns_aaaa_record_on_launch = false
      + id                                             = (known after apply)
      + ipv6_cidr_block                                = (known after apply)
      + ipv6_cidr_block_association_id                 = (known after apply)
      + ipv6_native                                    = false
      + map_public_ip_on_launch                        = true
      + owner_id                                       = (known after apply)
      + private_dns_hostname_type_on_launch            = (known after apply)
      + region                                         = "us-east-1"
      + tags                                           = {
          + "Name" = "cl-6145db-public-0"
        }
      + tags_all                                       = {
          + "ClearLedgerDeployment" = "cl-6145db"
          + "Name"                  = "cl-6145db-public-0"
        }
      + vpc_id                                         = (known after apply)
    }

  # aws_subnet.public[1] will be created
  + resource "aws_subnet" "public" {
      + arn                                            = (known after apply)
      + assign_ipv6_address_on_creation                = false
      + availability_zone                              = "us-east-1b"
      + availability_zone_id                           = (known after apply)
      + cidr_block                                     = "10.42.1.0/24"
      + enable_dns64                                   = false
      + enable_resource_name_dns_a_record_on_launch    = false
      + enable_resource_name_dns_aaaa_record_on_launch = false
      + id                                             = (known after apply)
      + ipv6_cidr_block                                = (known after apply)
      + ipv6_cidr_block_association_id                 = (known after apply)
      + ipv6_native                                    = false
      + map_public_ip_on_launch                        = true
      + owner_id                                       = (known after apply)
      + private_dns_hostname_type_on_launch            = (known after apply)
      + region                                         = "us-east-1"
      + tags                                           = {
          + "Name" = "cl-6145db-public-1"
        }
      + tags_all                                       = {
          + "ClearLedgerDeployment" = "cl-6145db"
          + "Name"                  = "cl-6145db-public-1"
        }
      + vpc_id                                         = (known after apply)
    }

  # aws_vpc.main will be created
  + resource "aws_vpc" "main" {
      + arn                                  = (known after apply)
      + cidr_block                           = "10.42.0.0/16"
      + default_network_acl_id               = (known after apply)
      + default_route_table_id               = (known after apply)
      + default_security_group_id            = (known after apply)
      + dhcp_options_id                      = (known after apply)
      + enable_dns_hostnames                 = true
      + enable_dns_support                   = true
      + enable_network_address_usage_metrics = (known after apply)
      + id                                   = (known after apply)
      + instance_tenancy                     = "default"
      + ipv6_association_id                  = (known after apply)
      + ipv6_cidr_block                      = (known after apply)
      + ipv6_cidr_block_network_border_group = (known after apply)
      + main_route_table_id                  = (known after apply)
      + owner_id                             = (known after apply)
      + region                               = "us-east-1"
      + tags                                 = {
          + "Name" = "cl-6145db-vpc"
        }
      + tags_all                             = {
          + "ClearLedgerDeployment" = "cl-6145db"
          + "Name"                  = "cl-6145db-vpc"
        }
    }

Plan: 71 to add, 0 to change, 0 to destroy.

Changes to Outputs:
  + manifest = (sensitive value)

Warning: Argument is deprecated

  with aws_dynamodb_table.main,
  on main.tf line 192, in resource "aws_dynamodb_table" "main":
 192: resource "aws_dynamodb_table" "main" {

hash_key is deprecated. Use key_schema instead.

(and 3 more similar warnings elsewhere)
aws_ecs_cluster.main: Creating...
aws_iam_role.role["archiver"]: Creating...
aws_cloudwatch_log_group.log["archiver"]: Creating...
aws_iam_role.role["relay"]: Creating...
aws_iam_role.role["projector"]: Creating...
aws_vpc.main: Creating...
aws_s3_bucket.audit: Creating...
aws_iam_role.role["scheduler"]: Creating...
aws_cloudwatch_log_group.log["projector"]: Creating...
aws_cognito_user_pool.main: Creating...
aws_iam_role.role["relay"]: Creation complete after 0s [id=cl-6145db-relay]
aws_iam_role.role["projector"]: Creation complete after 0s [id=cl-6145db-projector]
aws_cloudwatch_log_group.log["archiver"]: Creation complete after 0s [id=/clearledger/cl-6145db/audit-archiver]
aws_iam_role.role["scheduler"]: Creation complete after 0s [id=cl-6145db-scheduler]
aws_iam_role.role["ecs_task"]: Creating...
aws_cloudwatch_log_group.log["projector"]: Creation complete after 0s [id=/clearledger/cl-6145db/projector]
aws_iam_role.role["ecs_execution"]: Creating...
aws_cloudwatch_log_group.log["relay"]: Creating...
aws_iam_role.role["archiver"]: Creation complete after 0s [id=cl-6145db-archiver]
aws_cloudwatch_log_group.log["api"]: Creating...
aws_iam_role.role["ecs_task"]: Creation complete after 1s [id=cl-6145db-ecs_task]
aws_iam_role.role["ecs_execution"]: Creation complete after 1s [id=cl-6145db-ecs_execution]
aws_s3_bucket.audit: Creation complete after 1s [id=cl-6145db-audit]
aws_cloudwatch_log_group.log["api"]: Creation complete after 1s [id=/clearledger/cl-6145db/api]
aws_cloudwatch_log_group.log["relay"]: Creation complete after 1s [id=/clearledger/cl-6145db/outbox-relay]
aws_s3_bucket_public_access_block.audit: Creating...
aws_s3_bucket_versioning.audit: Creating...
aws_s3_bucket_policy.audit: Creating...
aws_kms_key.key["database"]: Creating...
aws_kms_key.key["messaging"]: Creating...
aws_kms_key.key["projection"]: Creating...
aws_kms_key.key["audit"]: Creating...
aws_s3_bucket_public_access_block.audit: Creation complete after 0s [id=cl-6145db-audit]
aws_s3_bucket_policy.audit: Creation complete after 0s [id=cl-6145db-audit]
aws_vpc.main: Creation complete after 1s [id=vpc-d9356ffb]
aws_route_table.private: Creating...
aws_internet_gateway.main: Creating...
aws_subnet.public[1]: Creating...
aws_internet_gateway.main: Creation complete after 0s [id=igw-908f0e04]
aws_subnet.public[0]: Creating...
aws_cognito_user_pool.main: Creation complete after 1s [id=us-east-1_890d37ca5]
aws_subnet.private[0]: Creating...
aws_subnet.private[0]: Creation complete after 0s [id=subnet-10df9b0e]
aws_subnet.private[1]: Creating...
aws_subnet.private[1]: Creation complete after 0s [id=subnet-802d7400]
aws_route_table.private: Creation complete after 0s [id=rtb-e8dee760]
aws_security_group.store["rds"]: Creating...
aws_security_group.alb: Creating...
aws_security_group.store["rds"]: Creation complete after 0s [id=sg-ecf11d13eca577484]
aws_security_group.alb: Creation complete after 0s [id=sg-0a13effa1e8bd753e]
aws_security_group.store["valkey"]: Creating...
aws_lb_target_group.main: Creating...
aws_lb_target_group.main: Creation complete after 0s [id=arn:aws:elasticloadbalancing:us-east-1:000000000000:targetgroup/cl-6145db-api/0f6ec5752c5a4bba]
aws_route_table.public: Creating...
aws_security_group.store["valkey"]: Creation complete after 0s [id=sg-9a0cb5e5daa87a219]
aws_cognito_resource_server.main: Creating...
aws_cognito_resource_server.main: Creation complete after 0s [id=us-east-1_890d37ca5|clearledger]
aws_route_table.public: Creation complete after 0s [id=rtb-4d5d2e30]
aws_elasticache_subnet_group.main: Creating...
aws_db_subnet_group.main: Creating...
aws_elasticache_subnet_group.main: Creation complete after 0s [id=cl-6145db-cache]
aws_db_subnet_group.main: Creation complete after 0s [id=cl-6145db-database]
aws_route_table_association.private[1]: Creating...
aws_security_group.ecs: Creating...
aws_route_table_association.private[1]: Creation complete after 0s [id=rtbassoc-a63ffc36]
aws_route_table_association.private[0]: Creating...
aws_route_table_association.private[0]: Creation complete after 0s [id=rtbassoc-c4210244]
aws_cognito_user_pool_client.client["read"]: Creating...
aws_cognito_user_pool_client.client["read"]: Creation complete after 0s [id=124b92eeff81487a8f030ca0db]
aws_cognito_user_pool_client.client["write"]: Creating...
aws_cognito_user_pool_client.client["write"]: Creation complete after 0s [id=87c1c7acecfe42539270f922d6]
aws_cognito_user_pool_client.client["admin"]: Creating...
aws_cognito_user_pool_client.client["admin"]: Creation complete after 0s [id=7133520a1d4e4a2aaf31f16ec3]
aws_elasticache_replication_group.main: Creating...
aws_security_group.ecs: Creation complete after 0s [id=sg-609542abbdd6241bf]
aws_s3_bucket_versioning.audit: Creation complete after 1s [id=cl-6145db-audit]
aws_ecs_cluster.main: Still creating... [10s elapsed]
aws_ecs_cluster.main: Creation complete after 10s [id=arn:aws:ecs:us-east-1:000000000000:cluster/cl-6145db-cluster]
aws_kms_key.key["audit"]: Still creating... [10s elapsed]
aws_kms_key.key["messaging"]: Still creating... [10s elapsed]
aws_kms_key.key["database"]: Still creating... [10s elapsed]
aws_kms_key.key["projection"]: Still creating... [10s elapsed]
aws_subnet.public[1]: Still creating... [10s elapsed]
aws_subnet.public[1]: Creation complete after 10s [id=subnet-486079f4]
aws_subnet.public[0]: Still creating... [10s elapsed]
aws_subnet.public[0]: Creation complete after 10s [id=subnet-a8f4e264]
aws_route_table_association.public[1]: Creating...
aws_route_table_association.public[0]: Creating...
aws_lb.main: Creating...
aws_route_table_association.public[0]: Creation complete after 0s [id=rtbassoc-862969f7]
aws_route_table_association.public[1]: Creation complete after 0s [id=rtbassoc-dc0ebf0c]
aws_elasticache_replication_group.main: Still creating... [10s elapsed]
aws_kms_key.key["audit"]: Creation complete after 12s [id=f9b78db2-aa0e-48e4-98ef-4615c5c93e3d]
aws_kms_key.key["projection"]: Creation complete after 12s [id=dc93151b-e3e2-4bea-827b-ca4a1081f429]
aws_kms_key.key["database"]: Creation complete after 12s [id=f7a87d45-8657-480b-9a40-6f52ea138f6d]
aws_kms_key.key["messaging"]: Creation complete after 12s [id=a0457d1e-921b-47bb-a434-a7fe00507f6a]
aws_s3_bucket_server_side_encryption_configuration.audit: Creating...
aws_kms_alias.key["audit"]: Creating...
aws_sqs_queue.dlq: Creating...
aws_kms_alias.key["projection"]: Creating...
aws_kms_alias.key["database"]: Creating...
aws_kms_alias.key["messaging"]: Creating...
aws_s3_bucket_server_side_encryption_configuration.audit: Creation complete after 0s [id=cl-6145db-audit]
aws_kms_alias.key["database"]: Creation complete after 0s [id=alias/cl-6145db-database]
aws_db_instance.main: Creating...
aws_dynamodb_table.main: Creating...
aws_kms_alias.key["messaging"]: Creation complete after 0s [id=alias/cl-6145db-messaging]
aws_kms_alias.key["projection"]: Creation complete after 0s [id=alias/cl-6145db-projection]
aws_kms_alias.key["audit"]: Creation complete after 0s [id=alias/cl-6145db-audit]
aws_dynamodb_table.main: Creation complete after 6s [id=cl-6145db-projections]
aws_lb.main: Still creating... [10s elapsed]
aws_elasticache_replication_group.main: Still creating... [20s elapsed]
aws_sqs_queue.dlq: Still creating... [10s elapsed]
aws_db_instance.main: Still creating... [10s elapsed]
aws_lb.main: Still creating... [20s elapsed]
aws_elasticache_replication_group.main: Still creating... [30s elapsed]
aws_sqs_queue.dlq: Still creating... [20s elapsed]
aws_db_instance.main: Still creating... [20s elapsed]
aws_elasticache_replication_group.main: Creation complete after 36s [id=cl-6145db-cache]
aws_sqs_queue.dlq: Creation complete after 25s [id=http://aws:4566/000000000000/cl-6145db-dlq]
aws_sqs_queue_policy.dlq: Creating...
aws_sqs_queue.main: Creating...
aws_lb.main: Still creating... [30s elapsed]
aws_db_instance.main: Still creating... [30s elapsed]
aws_sqs_queue_policy.dlq: Still creating... [10s elapsed]
aws_sqs_queue.main: Still creating... [10s elapsed]
aws_lb.main: Still creating... [40s elapsed]
aws_db_instance.main: Still creating... [40s elapsed]
aws_sqs_queue_policy.dlq: Still creating... [20s elapsed]
aws_sqs_queue.main: Still creating... [20s elapsed]
aws_lb.main: Still creating... [50s elapsed]
aws_db_instance.main: Still creating... [50s elapsed]
aws_sqs_queue_policy.dlq: Creation complete after 25s [id=http://aws:4566/000000000000/cl-6145db-dlq]
aws_sqs_queue.main: Creation complete after 25s [id=http://aws:4566/000000000000/cl-6145db-events]
aws_sqs_queue_policy.main: Creating...
aws_iam_role_policy.canonical["scheduler"]: Creating...
aws_iam_role_policy.canonical["relay"]: Creating...
aws_iam_role_policy.canonical["archiver"]: Creating...
aws_iam_role_policy.canonical["ecs_task"]: Creating...
aws_iam_role_policy.canonical["projector"]: Creating...
aws_iam_role_policy.canonical["ecs_execution"]: Creating...
aws_iam_role_policy.canonical["relay"]: Creation complete after 0s [id=cl-6145db-relay:cl-6145db-canonical]
aws_iam_role_policy.canonical["scheduler"]: Creation complete after 0s [id=cl-6145db-scheduler:cl-6145db-canonical]
aws_iam_role_policy.canonical["projector"]: Creation complete after 0s [id=cl-6145db-projector:cl-6145db-canonical]
aws_iam_role_policy.canonical["archiver"]: Creation complete after 0s [id=cl-6145db-archiver:cl-6145db-canonical]
aws_iam_role_policy.canonical["ecs_task"]: Creation complete after 0s [id=cl-6145db-ecs_task:cl-6145db-canonical]
aws_iam_role_policy.canonical["ecs_execution"]: Creation complete after 0s [id=cl-6145db-ecs_execution:cl-6145db-canonical]
aws_lb.main: Still creating... [1m0s elapsed]
aws_lb.main: Creation complete after 1m0s [id=arn:aws:elasticloadbalancing:us-east-1:000000000000:loadbalancer/app/cl-6145db-alb/83abff57313d4c94]
aws_lb_listener.main: Creating...
aws_lb_listener.main: Creation complete after 0s [id=arn:aws:elasticloadbalancing:us-east-1:000000000000:listener/app/cl-6145db-alb/83abff57313d4c94/3024b8e6b1a641a3]
aws_db_instance.main: Still creating... [1m0s elapsed]
aws_sqs_queue_policy.main: Still creating... [10s elapsed]
aws_db_instance.main: Still creating... [1m10s elapsed]
aws_sqs_queue_policy.main: Still creating... [20s elapsed]
aws_sqs_queue_policy.main: Creation complete after 25s [id=http://aws:4566/000000000000/cl-6145db-events]
aws_db_instance.main: Still creating... [1m20s elapsed]
aws_db_instance.main: Creation complete after 1m29s [id=db-8489609DD31E4F029C5CC173]

Warning: Argument is deprecated

  with aws_dynamodb_table.main,
  on main.tf line 192, in resource "aws_dynamodb_table" "main":
 192: resource "aws_dynamodb_table" "main" {

hash_key is deprecated. Use key_schema instead.

(and one more similar warning elsewhere)

Error: Invalid template interpolation value

  on compute.tf line 3, in locals:
   3:   valkey_url   = "redis://${aws_elasticache_replication_group.main.primary_endpoint_address}:6379"
    ├────────────────
    │ aws_elasticache_replication_group.main.primary_endpoint_address is null

The expression result is null. Cannot include a null value in a string
template.
Initializing the backend...
Initializing provider plugins...
- Reusing previous version of hashicorp/aws from the dependency lock file
- Using previously-installed hashicorp/aws v6.51.0

Terraform has been successfully initialized!
aws_iam_role.role["archiver"]: Refreshing state... [id=cl-6145db-archiver]
aws_vpc.main: Refreshing state... [id=vpc-d9356ffb]
aws_ecs_cluster.main: Refreshing state... [id=arn:aws:ecs:us-east-1:000000000000:cluster/cl-6145db-cluster]
aws_iam_role.role["scheduler"]: Refreshing state... [id=cl-6145db-scheduler]
aws_cloudwatch_log_group.log["archiver"]: Refreshing state... [id=/clearledger/cl-6145db/audit-archiver]
aws_cloudwatch_log_group.log["projector"]: Refreshing state... [id=/clearledger/cl-6145db/projector]
aws_cloudwatch_log_group.log["api"]: Refreshing state... [id=/clearledger/cl-6145db/api]
aws_cognito_user_pool.main: Refreshing state... [id=us-east-1_890d37ca5]
aws_cloudwatch_log_group.log["relay"]: Refreshing state... [id=/clearledger/cl-6145db/outbox-relay]
aws_s3_bucket.audit: Refreshing state... [id=cl-6145db-audit]
aws_iam_role.role["ecs_task"]: Refreshing state... [id=cl-6145db-ecs_task]
aws_iam_role.role["projector"]: Refreshing state... [id=cl-6145db-projector]
aws_iam_role.role["relay"]: Refreshing state... [id=cl-6145db-relay]
aws_iam_role.role["ecs_execution"]: Refreshing state... [id=cl-6145db-ecs_execution]
aws_subnet.public[0]: Refreshing state... [id=subnet-a8f4e264]
aws_route_table.private: Refreshing state... [id=rtb-e8dee760]
aws_cognito_resource_server.main: Refreshing state... [id=us-east-1_890d37ca5|clearledger]
aws_subnet.private[1]: Refreshing state... [id=subnet-802d7400]
aws_subnet.private[0]: Refreshing state... [id=subnet-10df9b0e]
aws_security_group.alb: Refreshing state... [id=sg-0a13effa1e8bd753e]
aws_lb_target_group.main: Refreshing state... [id=arn:aws:elasticloadbalancing:us-east-1:000000000000:targetgroup/cl-6145db-api/0f6ec5752c5a4bba]
aws_security_group.store["valkey"]: Refreshing state... [id=sg-9a0cb5e5daa87a219]
aws_internet_gateway.main: Refreshing state... [id=igw-908f0e04]
aws_subnet.public[1]: Refreshing state... [id=subnet-486079f4]
aws_security_group.store["rds"]: Refreshing state... [id=sg-ecf11d13eca577484]
aws_kms_key.key["audit"]: Refreshing state... [id=f9b78db2-aa0e-48e4-98ef-4615c5c93e3d]
aws_kms_key.key["database"]: Refreshing state... [id=f7a87d45-8657-480b-9a40-6f52ea138f6d]
aws_kms_key.key["projection"]: Refreshing state... [id=dc93151b-e3e2-4bea-827b-ca4a1081f429]
aws_s3_bucket_versioning.audit: Refreshing state... [id=cl-6145db-audit]
aws_s3_bucket_public_access_block.audit: Refreshing state... [id=cl-6145db-audit]
aws_kms_key.key["messaging"]: Refreshing state... [id=a0457d1e-921b-47bb-a434-a7fe00507f6a]
aws_cognito_user_pool_client.client["write"]: Refreshing state... [id=87c1c7acecfe42539270f922d6]
aws_cognito_user_pool_client.client["read"]: Refreshing state... [id=124b92eeff81487a8f030ca0db]
aws_db_subnet_group.main: Refreshing state... [id=cl-6145db-database]
aws_cognito_user_pool_client.client["admin"]: Refreshing state... [id=7133520a1d4e4a2aaf31f16ec3]
aws_route_table_association.private[1]: Refreshing state... [id=rtbassoc-a63ffc36]
aws_elasticache_subnet_group.main: Refreshing state... [id=cl-6145db-cache]
aws_route_table_association.private[0]: Refreshing state... [id=rtbassoc-c4210244]
aws_route_table.public: Refreshing state... [id=rtb-4d5d2e30]
aws_s3_bucket_policy.audit: Refreshing state... [id=cl-6145db-audit]
aws_security_group.ecs: Refreshing state... [id=sg-609542abbdd6241bf]
aws_lb.main: Refreshing state... [id=arn:aws:elasticloadbalancing:us-east-1:000000000000:loadbalancer/app/cl-6145db-alb/83abff57313d4c94]
aws_dynamodb_table.main: Refreshing state... [id=cl-6145db-projections]
aws_sqs_queue.dlq: Refreshing state... [id=http://aws:4566/000000000000/cl-6145db-dlq]
aws_s3_bucket_server_side_encryption_configuration.audit: Refreshing state... [id=cl-6145db-audit]
aws_db_instance.main: Refreshing state... [id=db-8489609DD31E4F029C5CC173]
aws_kms_alias.key["messaging"]: Refreshing state... [id=alias/cl-6145db-messaging]
aws_kms_alias.key["projection"]: Refreshing state... [id=alias/cl-6145db-projection]
aws_kms_alias.key["audit"]: Refreshing state... [id=alias/cl-6145db-audit]
aws_kms_alias.key["database"]: Refreshing state... [id=alias/cl-6145db-database]
aws_elasticache_replication_group.main: Refreshing state... [id=cl-6145db-cache]
aws_route_table_association.public[0]: Refreshing state... [id=rtbassoc-862969f7]
aws_route_table_association.public[1]: Refreshing state... [id=rtbassoc-dc0ebf0c]
aws_sqs_queue_policy.dlq: Refreshing state... [id=http://aws:4566/000000000000/cl-6145db-dlq]
aws_sqs_queue.main: Refreshing state... [id=http://aws:4566/000000000000/cl-6145db-events]
aws_lb_listener.main: Refreshing state... [id=arn:aws:elasticloadbalancing:us-east-1:000000000000:listener/app/cl-6145db-alb/83abff57313d4c94/3024b8e6b1a641a3]
aws_sqs_queue_policy.main: Refreshing state... [id=http://aws:4566/000000000000/cl-6145db-events]
aws_iam_role_policy.canonical["scheduler"]: Refreshing state... [id=cl-6145db-scheduler:cl-6145db-canonical]
aws_iam_role_policy.canonical["projector"]: Refreshing state... [id=cl-6145db-projector:cl-6145db-canonical]
aws_iam_role_policy.canonical["ecs_execution"]: Refreshing state... [id=cl-6145db-ecs_execution:cl-6145db-canonical]
aws_iam_role_policy.canonical["relay"]: Refreshing state... [id=cl-6145db-relay:cl-6145db-canonical]
aws_iam_role_policy.canonical["archiver"]: Refreshing state... [id=cl-6145db-archiver:cl-6145db-canonical]
aws_iam_role_policy.canonical["ecs_task"]: Refreshing state... [id=cl-6145db-ecs_task:cl-6145db-canonical]

Terraform used the selected providers to generate the following execution
plan. Resource actions are indicated with the following symbols:
  + create
  ~ update in-place

Terraform will perform the following actions:

  # aws_ecs_service.api will be created
  + resource "aws_ecs_service" "api" {
      + arn                                = (known after apply)
      + availability_zone_rebalancing      = (known after apply)
      + cluster                            = "arn:aws:ecs:us-east-1:000000000000:cluster/cl-6145db-cluster"
      + deployment_maximum_percent         = 200
      + deployment_minimum_healthy_percent = 100
      + desired_count                      = 2
      + enable_ecs_managed_tags            = false
      + enable_execute_command             = false
      + iam_role                           = (known after apply)
      + id                                 = (known after apply)
      + launch_type                        = "FARGATE"
      + name                               = "cl-6145db-api"
      + platform_version                   = (known after apply)
      + region                             = "us-east-1"
      + scheduling_strategy                = "REPLICA"
      + tags_all                           = {
          + "ClearLedgerDeployment" = "cl-6145db"
        }
      + task_definition                    = (known after apply)
      + triggers                           = (known after apply)
      + wait_for_steady_state              = false

      + deployment_configuration (known after apply)

      + load_balancer {
          + container_name   = "api"
          + container_port   = 8080
          + target_group_arn = "arn:aws:elasticloadbalancing:us-east-1:000000000000:targetgroup/cl-6145db-api/0f6ec5752c5a4bba"
            # (1 unchanged attribute hidden)
        }

      + network_configuration {
          + assign_public_ip = false
          + security_groups  = [
              + "sg-609542abbdd6241bf",
            ]
          + subnets          = [
              + "subnet-10df9b0e",
              + "subnet-802d7400",
            ]
        }
    }

  # aws_ecs_task_definition.api will be created
  + resource "aws_ecs_task_definition" "api" {
      + arn                      = (known after apply)
      + arn_without_revision     = (known after apply)
      + container_definitions    = jsonencode(
            [
              + {
                  + environment      = [
                      + {
                          + name  = "AUTH_AUDIENCES"
                          + value = "124b92eeff81487a8f030ca0db,87c1c7acecfe42539270f922d6,7133520a1d4e4a2aaf31f16ec3"
                        },
                      + {
                          + name  = "AUTH_ISSUER"
                          + value = "http://aws:4566/us-east-1_890d37ca5"
                        },
                      + {
                          + name  = "AUTH_JWKS_URL"
                          + value = "http://aws:4566/us-east-1_890d37ca5/.well-known/jwks.json"
                        },
                      + {
                          + name  = "AWS_ACCESS_KEY_ID"
                          + value = "test"
                        },
                      + {
                          + name  = "AWS_DEFAULT_REGION"
                          + value = "us-east-1"
                        },
                      + {
                          + name  = "AWS_ENDPOINT_URL"
                          + value = "http://aws:4566"
                        },
                      + {
                          + name  = "AWS_REGION"
                          + value = "us-east-1"
                        },
                      + {
                          + name  = "AWS_SECRET_ACCESS_KEY"
                          + value = "test"
                        },
                      + {
                          + name  = "CACHE_TTL_SECONDS"
                          + value = "90"
                        },
                      + {
                          + name  = "CLOUDWATCH_LOG_GROUP"
                          + value = "/clearledger/cl-6145db/api"
                        },
                      + {
                          + name  = "DATABASE_URL"
                          + value = "postgres://clearledger:Clcfb0dad964%21@aws:7001/clearledger"
                        },
                      + {
                          + name  = "PORT"
                          + value = "8080"
                        },
                      + {
                          + name  = "PROJECTION_TABLE"
                          + value = "cl-6145db-projections"
                        },
                      + {
                          + name  = "SQS_QUEUE_URL"
                          + value = "http://aws:4566/000000000000/cl-6145db-events"
                        },
                      + {
                          + name  = "VALKEY_URL"
                          + value = "redis://aws:6379"
                        },
                    ]
                  + essential        = true
                  + image            = "clearledger/api:1.0.0"
                  + logConfiguration = {
                      + logDriver = "awslogs"
                      + options   = {
                          + awslogs-group         = "/clearledger/cl-6145db/api"
                          + awslogs-region        = "us-east-1"
                          + awslogs-stream-prefix = "api"
                        }
                    }
                  + name             = "api"
                  + portMappings     = [
                      + {
                          + containerPort = 8080
                          + hostPort      = 8080
                          + protocol      = "tcp"
                        },
                    ]
                },
            ]
        )
      + cpu                      = "256"
      + enable_fault_injection   = (known after apply)
      + execution_role_arn       = "arn:aws:iam::000000000000:role/cl-6145db-ecs_execution"
      + family                   = "cl-6145db-api"
      + id                       = (known after apply)
      + memory                   = "512"
      + network_mode             = "awsvpc"
      + region                   = "us-east-1"
      + requires_compatibilities = [
          + "FARGATE",
        ]
      + revision                 = (known after apply)
      + skip_destroy             = false
      + tags_all                 = {
          + "ClearLedgerDeployment" = "cl-6145db"
        }
      + task_role_arn            = "arn:aws:iam::000000000000:role/cl-6145db-ecs_task"
      + track_latest             = false
    }

  # aws_elasticache_replication_group.main will be updated in-place
  ~ resource "aws_elasticache_replication_group" "main" {
        id                             = "cl-6145db-cache"
      ~ security_group_ids             = [
          + "sg-9a0cb5e5daa87a219",
        ]
        tags                           = {}
        # (36 unchanged attributes hidden)

        # (1 unchanged block hidden)
    }

  # aws_lambda_event_source_mapping.projector will be created
  + resource "aws_lambda_event_source_mapping" "projector" {
      + arn                                = (known after apply)
      + batch_size                         = 5
      + enabled                            = true
      + event_source_arn                   = "arn:aws:sqs:us-east-1:000000000000:cl-6145db-events"
      + function_arn                       = (known after apply)
      + function_name                      = (known after apply)
      + function_response_types            = [
          + "ReportBatchItemFailures",
        ]
      + id                                 = (known after apply)
      + last_modified                      = (known after apply)
      + last_processing_result             = (known after apply)
      + maximum_batching_window_in_seconds = 0
      + maximum_record_age_in_seconds      = (known after apply)
      + maximum_retry_attempts             = (known after apply)
      + parallelization_factor             = (known after apply)
      + region                             = "us-east-1"
      + state                              = (known after apply)
      + state_transition_reason            = (known after apply)
      + tags_all                           = {
          + "ClearLedgerDeployment" = "cl-6145db"
        }
      + uuid                               = (known after apply)

      + amazon_managed_kafka_event_source_config (known after apply)

      + self_managed_kafka_event_source_config (known after apply)
    }

  # aws_lambda_function.worker["archiver"] will be created
  + resource "aws_lambda_function" "worker" {
      + architectures                  = (known after apply)
      + arn                            = (known after apply)
      + code_sha256                    = (known after apply)
      + function_name                  = "cl-6145db-archiver"
      + id                             = (known after apply)
      + image_uri                      = "clearledger/archiver:1.0.0"
      + invoke_arn                     = (known after apply)
      + last_modified                  = (known after apply)
      + memory_size                    = 256
      + package_type                   = "Image"
      + publish                        = false
      + qualified_arn                  = (known after apply)
      + qualified_invoke_arn           = (known after apply)
      + region                         = "us-east-1"
      + reserved_concurrent_executions = -1
      + response_streaming_invoke_arn  = (known after apply)
      + role                           = "arn:aws:iam::000000000000:role/cl-6145db-archiver"
      + signing_job_arn                = (known after apply)
      + signing_profile_version_arn    = (known after apply)
      + skip_destroy                   = false
      + source_code_hash               = (known after apply)
      + source_code_size               = (known after apply)
      + tags_all                       = {
          + "ClearLedgerDeployment" = "cl-6145db"
        }
      + timeout                        = 30
      + version                        = (known after apply)

      + environment {
          + variables = {
              + "AUDIT_BUCKET"          = "cl-6145db-audit"
              + "AUDIT_PREFIX"          = "ledger-audit/"
              + "AWS_ACCESS_KEY_ID"     = "test"
              + "AWS_DEFAULT_REGION"    = "us-east-1"
              + "AWS_ENDPOINT_URL"      = "http://aws:4566"
              + "AWS_REGION"            = "us-east-1"
              + "AWS_SECRET_ACCESS_KEY" = "test"
              + "CLOUDWATCH_LOG_GROUP"  = "/clearledger/cl-6145db/audit-archiver"
              + "DATABASE_URL"          = "postgres://clearledger:Clcfb0dad964%21@aws:7001/clearledger"
            }
        }

      + ephemeral_storage (known after apply)

      + logging_config (known after apply)

      + tracing_config (known after apply)
    }

  # aws_lambda_function.worker["projector"] will be created
  + resource "aws_lambda_function" "worker" {
      + architectures                  = (known after apply)
      + arn                            = (known after apply)
      + code_sha256                    = (known after apply)
      + function_name                  = "cl-6145db-projector"
      + id                             = (known after apply)
      + image_uri                      = "clearledger/projector:1.0.0"
      + invoke_arn                     = (known after apply)
      + last_modified                  = (known after apply)
      + memory_size                    = 256
      + package_type                   = "Image"
      + publish                        = false
      + qualified_arn                  = (known after apply)
      + qualified_invoke_arn           = (known after apply)
      + region                         = "us-east-1"
      + reserved_concurrent_executions = -1
      + response_streaming_invoke_arn  = (known after apply)
      + role                           = "arn:aws:iam::000000000000:role/cl-6145db-projector"
      + signing_job_arn                = (known after apply)
      + signing_profile_version_arn    = (known after apply)
      + skip_destroy                   = false
      + source_code_hash               = (known after apply)
      + source_code_size               = (known after apply)
      + tags_all                       = {
          + "ClearLedgerDeployment" = "cl-6145db"
        }
      + timeout                        = 30
      + version                        = (known after apply)

      + environment {
          + variables = {
              + "AWS_ACCESS_KEY_ID"     = "test"
              + "AWS_DEFAULT_REGION"    = "us-east-1"
              + "AWS_ENDPOINT_URL"      = "http://aws:4566"
              + "AWS_REGION"            = "us-east-1"
              + "AWS_SECRET_ACCESS_KEY" = "test"
              + "CLOUDWATCH_LOG_GROUP"  = "/clearledger/cl-6145db/projector"
              + "PROJECTION_TABLE"      = "cl-6145db-projections"
              + "VALKEY_URL"            = "redis://aws:6379"
            }
        }

      + ephemeral_storage (known after apply)

      + logging_config (known after apply)

      + tracing_config (known after apply)
    }

  # aws_lambda_function.worker["relay"] will be created
  + resource "aws_lambda_function" "worker" {
      + architectures                  = (known after apply)
      + arn                            = (known after apply)
      + code_sha256                    = (known after apply)
      + function_name                  = "cl-6145db-relay"
      + id                             = (known after apply)
      + image_uri                      = "clearledger/relay:1.0.0"
      + invoke_arn                     = (known after apply)
      + last_modified                  = (known after apply)
      + memory_size                    = 256
      + package_type                   = "Image"
      + publish                        = false
      + qualified_arn                  = (known after apply)
      + qualified_invoke_arn           = (known after apply)
      + region                         = "us-east-1"
      + reserved_concurrent_executions = -1
      + response_streaming_invoke_arn  = (known after apply)
      + role                           = "arn:aws:iam::000000000000:role/cl-6145db-relay"
      + signing_job_arn                = (known after apply)
      + signing_profile_version_arn    = (known after apply)
      + skip_destroy                   = false
      + source_code_hash               = (known after apply)
      + source_code_size               = (known after apply)
      + tags_all                       = {
          + "ClearLedgerDeployment" = "cl-6145db"
        }
      + timeout                        = 30
      + version                        = (known after apply)

      + environment {
          + variables = {
              + "AWS_ACCESS_KEY_ID"     = "test"
              + "AWS_DEFAULT_REGION"    = "us-east-1"
              + "AWS_ENDPOINT_URL"      = "http://aws:4566"
              + "AWS_REGION"            = "us-east-1"
              + "AWS_SECRET_ACCESS_KEY" = "test"
              + "CLOUDWATCH_LOG_GROUP"  = "/clearledger/cl-6145db/outbox-relay"
              + "DATABASE_URL"          = "postgres://clearledger:Clcfb0dad964%21@aws:7001/clearledger"
              + "OUTBOX_BATCH_SIZE"     = "50"
              + "SQS_QUEUE_URL"         = "http://aws:4566/000000000000/cl-6145db-events"
            }
        }

      + ephemeral_storage (known after apply)

      + logging_config (known after apply)

      + tracing_config (known after apply)
    }

  # aws_scheduler_schedule.worker["archiver"] will be created
  + resource "aws_scheduler_schedule" "worker" {
      + action_after_completion      = (known after apply)
      + arn                          = (known after apply)
      + group_name                   = (known after apply)
      + id                           = (known after apply)
      + name                         = "cl-6145db-archiver"
      + name_prefix                  = (known after apply)
      + region                       = "us-east-1"
      + schedule_expression          = "rate(5 minutes)"
      + schedule_expression_timezone = "UTC"
      + state                        = "ENABLED"

      + flexible_time_window {
          + mode = "OFF"
        }

      + target {
          + arn      = (known after apply)
          + input    = jsonencode({})
          + role_arn = "arn:aws:iam::000000000000:role/cl-6145db-scheduler"
        }
    }

  # aws_scheduler_schedule.worker["relay"] will be created
  + resource "aws_scheduler_schedule" "worker" {
      + action_after_completion      = (known after apply)
      + arn                          = (known after apply)
      + group_name                   = (known after apply)
      + id                           = (known after apply)
      + name                         = "cl-6145db-relay"
      + name_prefix                  = (known after apply)
      + region                       = "us-east-1"
      + schedule_expression          = "rate(1 minute)"
      + schedule_expression_timezone = "UTC"
      + state                        = "ENABLED"

      + flexible_time_window {
          + mode = "OFF"
        }

      + target {
          + arn      = (known after apply)
          + input    = jsonencode({})
          + role_arn = "arn:aws:iam::000000000000:role/cl-6145db-scheduler"
        }
    }

  # aws_security_group.alb will be updated in-place
  ~ resource "aws_security_group" "alb" {
      ~ egress                 = [
          - {
              - cidr_blocks      = [
                  - "0.0.0.0/0",
                ]
              - from_port        = 0
              - ipv6_cidr_blocks = []
              - prefix_list_ids  = []
              - protocol         = "-1"
              - security_groups  = []
              - self             = false
              - to_port          = 0
                # (1 unchanged attribute hidden)
            },
          - {
              - cidr_blocks      = [
                  - "10.42.0.0/16",
                ]
              - from_port        = 8080
              - ipv6_cidr_blocks = []
              - prefix_list_ids  = []
              - protocol         = "tcp"
              - security_groups  = []
              - self             = false
              - to_port          = 8080
                # (1 unchanged attribute hidden)
            },
          + {
              + cidr_blocks      = [
                  + "10.42.0.0/16",
                ]
              + from_port        = 8080
              + ipv6_cidr_blocks = []
              + prefix_list_ids  = []
              + protocol         = "tcp"
              + security_groups  = []
              + self             = false
              + to_port          = 8080
            },
        ]
        id                     = "sg-0a13effa1e8bd753e"
        name                   = "cl-6145db-alb"
        tags                   = {}
        # (9 unchanged attributes hidden)
    }

  # aws_security_group.store["rds"] will be updated in-place
  ~ resource "aws_security_group" "store" {
      ~ egress                 = [
          - {
              - cidr_blocks      = [
                  - "0.0.0.0/0",
                ]
              - from_port        = 0
              - ipv6_cidr_blocks = []
              - prefix_list_ids  = []
              - protocol         = "-1"
              - security_groups  = []
              - self             = false
              - to_port          = 0
                # (1 unchanged attribute hidden)
            },
        ]
        id                     = "sg-ecf11d13eca577484"
        name                   = "cl-6145db-rds"
        tags                   = {}
        # (9 unchanged attributes hidden)
    }

  # aws_security_group.store["valkey"] will be updated in-place
  ~ resource "aws_security_group" "store" {
      ~ egress                 = [
          - {
              - cidr_blocks      = [
                  - "0.0.0.0/0",
                ]
              - from_port        = 0
              - ipv6_cidr_blocks = []
              - prefix_list_ids  = []
              - protocol         = "-1"
              - security_groups  = []
              - self             = false
              - to_port          = 0
                # (1 unchanged attribute hidden)
            },
        ]
        id                     = "sg-9a0cb5e5daa87a219"
        name                   = "cl-6145db-valkey"
        tags                   = {}
        # (9 unchanged attributes hidden)
    }

Plan: 8 to add, 4 to change, 0 to destroy.

Changes to Outputs:
  + manifest = (sensitive value)

Warning: Argument is deprecated

  with aws_dynamodb_table.main,
  on main.tf line 192, in resource "aws_dynamodb_table" "main":
 192: resource "aws_dynamodb_table" "main" {

hash_key is deprecated. Use key_schema instead.

(and 3 more similar warnings elsewhere)
aws_security_group.store["valkey"]: Modifying... [id=sg-9a0cb5e5daa87a219]
aws_security_group.store["rds"]: Modifying... [id=sg-ecf11d13eca577484]
aws_security_group.alb: Modifying... [id=sg-0a13effa1e8bd753e]
aws_security_group.store["rds"]: Modifications complete after 0s [id=sg-ecf11d13eca577484]
aws_security_group.store["valkey"]: Modifications complete after 0s [id=sg-9a0cb5e5daa87a219]
aws_security_group.alb: Modifications complete after 0s [id=sg-0a13effa1e8bd753e]
aws_elasticache_replication_group.main: Modifying... [id=cl-6145db-cache]
aws_elasticache_replication_group.main: Modifications complete after 0s [id=cl-6145db-cache]
aws_lambda_function.worker["archiver"]: Creating...
aws_lambda_function.worker["projector"]: Creating...
aws_lambda_function.worker["relay"]: Creating...
aws_ecs_task_definition.api: Creating...
aws_ecs_task_definition.api: Creation complete after 0s [id=cl-6145db-api]
aws_ecs_service.api: Creating...
aws_ecs_service.api: Creation complete after 0s [id=arn:aws:ecs:us-east-1:000000000000:service/cl-6145db-cluster/cl-6145db-api]
aws_lambda_function.worker["relay"]: Creation complete after 5s [id=cl-6145db-relay]
aws_lambda_function.worker["projector"]: Creation complete after 5s [id=cl-6145db-projector]
aws_lambda_function.worker["archiver"]: Creation complete after 5s [id=cl-6145db-archiver]
aws_lambda_event_source_mapping.projector: Creating...
aws_scheduler_schedule.worker["relay"]: Creating...
aws_scheduler_schedule.worker["archiver"]: Creating...
aws_lambda_event_source_mapping.projector: Creation complete after 0s [id=e11c9dc0-898f-4c56-b023-b669050fd92a]
aws_scheduler_schedule.worker["relay"]: Creation complete after 0s [id=default/cl-6145db-relay]
aws_scheduler_schedule.worker["archiver"]: Creation complete after 0s [id=default/cl-6145db-archiver]

Apply complete! Resources: 8 added, 4 changed, 0 destroyed.

Outputs:

manifest = <sensitive>
Initializing the backend...
Initializing provider plugins...
- Reusing previous version of hashicorp/aws from the dependency lock file
- Using previously-installed hashicorp/aws v6.51.0

Terraform has been successfully initialized!
aws_cloudwatch_log_group.log["archiver"]: Refreshing state... [id=/clearledger/cl-6145db/audit-archiver]
aws_cloudwatch_log_group.log["projector"]: Refreshing state... [id=/clearledger/cl-6145db/projector]
aws_vpc.main: Refreshing state... [id=vpc-d9356ffb]
aws_cloudwatch_log_group.log["relay"]: Refreshing state... [id=/clearledger/cl-6145db/outbox-relay]
aws_iam_role.role["ecs_execution"]: Refreshing state... [id=cl-6145db-ecs_execution]
aws_ecs_cluster.main: Refreshing state... [id=arn:aws:ecs:us-east-1:000000000000:cluster/cl-6145db-cluster]
aws_cloudwatch_log_group.log["api"]: Refreshing state... [id=/clearledger/cl-6145db/api]
aws_iam_role.role["scheduler"]: Refreshing state... [id=cl-6145db-scheduler]
aws_cognito_user_pool.main: Refreshing state... [id=us-east-1_890d37ca5]
aws_s3_bucket.audit: Refreshing state... [id=cl-6145db-audit]
aws_iam_role.role["ecs_task"]: Refreshing state... [id=cl-6145db-ecs_task]
aws_iam_role.role["projector"]: Refreshing state... [id=cl-6145db-projector]
aws_iam_role.role["relay"]: Refreshing state... [id=cl-6145db-relay]
aws_iam_role.role["archiver"]: Refreshing state... [id=cl-6145db-archiver]
aws_cognito_resource_server.main: Refreshing state... [id=us-east-1_890d37ca5|clearledger]
aws_lb_target_group.main: Refreshing state... [id=arn:aws:elasticloadbalancing:us-east-1:000000000000:targetgroup/cl-6145db-api/0f6ec5752c5a4bba]
aws_subnet.private[1]: Refreshing state... [id=subnet-802d7400]
aws_security_group.alb: Refreshing state... [id=sg-0a13effa1e8bd753e]
aws_subnet.private[0]: Refreshing state... [id=subnet-10df9b0e]
aws_subnet.public[0]: Refreshing state... [id=subnet-a8f4e264]
aws_internet_gateway.main: Refreshing state... [id=igw-908f0e04]
aws_route_table.private: Refreshing state... [id=rtb-e8dee760]
aws_subnet.public[1]: Refreshing state... [id=subnet-486079f4]
aws_security_group.store["rds"]: Refreshing state... [id=sg-ecf11d13eca577484]
aws_kms_key.key["database"]: Refreshing state... [id=f7a87d45-8657-480b-9a40-6f52ea138f6d]
aws_security_group.store["valkey"]: Refreshing state... [id=sg-9a0cb5e5daa87a219]
aws_kms_key.key["messaging"]: Refreshing state... [id=a0457d1e-921b-47bb-a434-a7fe00507f6a]
aws_kms_key.key["projection"]: Refreshing state... [id=dc93151b-e3e2-4bea-827b-ca4a1081f429]
aws_kms_key.key["audit"]: Refreshing state... [id=f9b78db2-aa0e-48e4-98ef-4615c5c93e3d]
aws_cognito_user_pool_client.client["read"]: Refreshing state... [id=124b92eeff81487a8f030ca0db]
aws_cognito_user_pool_client.client["admin"]: Refreshing state... [id=7133520a1d4e4a2aaf31f16ec3]
aws_cognito_user_pool_client.client["write"]: Refreshing state... [id=87c1c7acecfe42539270f922d6]
aws_s3_bucket_versioning.audit: Refreshing state... [id=cl-6145db-audit]
aws_s3_bucket_public_access_block.audit: Refreshing state... [id=cl-6145db-audit]
aws_route_table.public: Refreshing state... [id=rtb-4d5d2e30]
aws_db_subnet_group.main: Refreshing state... [id=cl-6145db-database]
aws_elasticache_subnet_group.main: Refreshing state... [id=cl-6145db-cache]
aws_security_group.ecs: Refreshing state... [id=sg-609542abbdd6241bf]
aws_route_table_association.private[1]: Refreshing state... [id=rtbassoc-a63ffc36]
aws_lb.main: Refreshing state... [id=arn:aws:elasticloadbalancing:us-east-1:000000000000:loadbalancer/app/cl-6145db-alb/83abff57313d4c94]
aws_route_table_association.private[0]: Refreshing state... [id=rtbassoc-c4210244]
aws_s3_bucket_policy.audit: Refreshing state... [id=cl-6145db-audit]
aws_s3_bucket_server_side_encryption_configuration.audit: Refreshing state... [id=cl-6145db-audit]
aws_dynamodb_table.main: Refreshing state... [id=cl-6145db-projections]
aws_kms_alias.key["messaging"]: Refreshing state... [id=alias/cl-6145db-messaging]
aws_kms_alias.key["database"]: Refreshing state... [id=alias/cl-6145db-database]
aws_sqs_queue.dlq: Refreshing state... [id=http://aws:4566/000000000000/cl-6145db-dlq]
aws_kms_alias.key["projection"]: Refreshing state... [id=alias/cl-6145db-projection]
aws_kms_alias.key["audit"]: Refreshing state... [id=alias/cl-6145db-audit]
aws_route_table_association.public[0]: Refreshing state... [id=rtbassoc-862969f7]
aws_route_table_association.public[1]: Refreshing state... [id=rtbassoc-dc0ebf0c]
aws_elasticache_replication_group.main: Refreshing state... [id=cl-6145db-cache]
aws_db_instance.main: Refreshing state... [id=db-8489609DD31E4F029C5CC173]
aws_lb_listener.main: Refreshing state... [id=arn:aws:elasticloadbalancing:us-east-1:000000000000:listener/app/cl-6145db-alb/83abff57313d4c94/3024b8e6b1a641a3]
aws_sqs_queue_policy.dlq: Refreshing state... [id=http://aws:4566/000000000000/cl-6145db-dlq]
aws_sqs_queue.main: Refreshing state... [id=http://aws:4566/000000000000/cl-6145db-events]
aws_sqs_queue_policy.main: Refreshing state... [id=http://aws:4566/000000000000/cl-6145db-events]
aws_iam_role_policy.canonical["scheduler"]: Refreshing state... [id=cl-6145db-scheduler:cl-6145db-canonical]
aws_iam_role_policy.canonical["relay"]: Refreshing state... [id=cl-6145db-relay:cl-6145db-canonical]
aws_iam_role_policy.canonical["projector"]: Refreshing state... [id=cl-6145db-projector:cl-6145db-canonical]
aws_iam_role_policy.canonical["ecs_task"]: Refreshing state... [id=cl-6145db-ecs_task:cl-6145db-canonical]
aws_iam_role_policy.canonical["archiver"]: Refreshing state... [id=cl-6145db-archiver:cl-6145db-canonical]
aws_iam_role_policy.canonical["ecs_execution"]: Refreshing state... [id=cl-6145db-ecs_execution:cl-6145db-canonical]
aws_ecs_task_definition.api: Refreshing state... [id=cl-6145db-api]
aws_lambda_function.worker["archiver"]: Refreshing state... [id=cl-6145db-archiver]
aws_lambda_function.worker["relay"]: Refreshing state... [id=cl-6145db-relay]
aws_lambda_function.worker["projector"]: Refreshing state... [id=cl-6145db-projector]
aws_ecs_service.api: Refreshing state... [id=arn:aws:ecs:us-east-1:000000000000:service/cl-6145db-cluster/cl-6145db-api]
aws_lambda_event_source_mapping.projector: Refreshing state... [id=e11c9dc0-898f-4c56-b023-b669050fd92a]
aws_scheduler_schedule.worker["relay"]: Refreshing state... [id=default/cl-6145db-relay]
aws_scheduler_schedule.worker["archiver"]: Refreshing state... [id=default/cl-6145db-archiver]

Terraform used the selected providers to generate the following execution
plan. Resource actions are indicated with the following symbols:
  ~ update in-place

Terraform will perform the following actions:

  # aws_ecs_task_definition.api will be updated in-place
  ~ resource "aws_ecs_task_definition" "api" {
        id                       = "cl-6145db-api"
        tags                     = {}
      ~ tags_all                 = {
          + "ClearLedgerDeployment" = "cl-6145db"
        }
        # (17 unchanged attributes hidden)
    }

  # aws_elasticache_replication_group.main will be updated in-place
  ~ resource "aws_elasticache_replication_group" "main" {
        id                             = "cl-6145db-cache"
      ~ security_group_ids             = [
          + "sg-9a0cb5e5daa87a219",
        ]
        tags                           = {}
        # (36 unchanged attributes hidden)

        # (1 unchanged block hidden)
    }

  # aws_lambda_event_source_mapping.projector will be updated in-place
  ~ resource "aws_lambda_event_source_mapping" "projector" {
        id                                 = "e11c9dc0-898f-4c56-b023-b669050fd92a"
        tags                               = {}
      ~ tags_all                           = {
          + "ClearLedgerDeployment" = "cl-6145db"
        }
        # (24 unchanged attributes hidden)
    }

Plan: 0 to add, 3 to change, 0 to destroy.

Changes to Outputs:
  ~ manifest = (sensitive value)

Warning: Argument is deprecated

  with aws_dynamodb_table.main,
  on main.tf line 192, in resource "aws_dynamodb_table" "main":
 192: resource "aws_dynamodb_table" "main" {

hash_key is deprecated. Use key_schema instead.

(and 3 more similar warnings elsewhere)
aws_elasticache_replication_group.main: Modifying... [id=cl-6145db-cache]
aws_elasticache_replication_group.main: Modifications complete after 0s [id=cl-6145db-cache]
aws_lambda_event_source_mapping.projector: Modifying... [id=e11c9dc0-898f-4c56-b023-b669050fd92a]
aws_ecs_task_definition.api: Modifying... [id=cl-6145db-api]
aws_lambda_event_source_mapping.projector: Modifications complete after 0s [id=e11c9dc0-898f-4c56-b023-b669050fd92a]
aws_ecs_task_definition.api: Modifications complete after 0s [id=cl-6145db-api]

Apply complete! Resources: 0 added, 3 changed, 0 destroyed.

Outputs:

manifest = <sensitive>
Initializing the backend...
Initializing provider plugins...
- Reusing previous version of hashicorp/aws from the dependency lock file
- Using previously-installed hashicorp/aws v6.51.0

Terraform has been successfully initialized!
aws_ecs_cluster.main: Refreshing state... [id=arn:aws:ecs:us-east-1:000000000000:cluster/cl-6145db-cluster]
aws_vpc.main: Refreshing state... [id=vpc-d9356ffb]
aws_cognito_user_pool.main: Refreshing state... [id=us-east-1_890d37ca5]
aws_iam_role.role["ecs_task"]: Refreshing state... [id=cl-6145db-ecs_task]
aws_s3_bucket.audit: Refreshing state... [id=cl-6145db-audit]
aws_iam_role.role["relay"]: Refreshing state... [id=cl-6145db-relay]
aws_iam_role.role["ecs_execution"]: Refreshing state... [id=cl-6145db-ecs_execution]
aws_iam_role.role["scheduler"]: Refreshing state... [id=cl-6145db-scheduler]
aws_iam_role.role["projector"]: Refreshing state... [id=cl-6145db-projector]
aws_iam_role.role["archiver"]: Refreshing state... [id=cl-6145db-archiver]
aws_cloudwatch_log_group.log["projector"]: Refreshing state... [id=/clearledger/cl-6145db/projector]
aws_cloudwatch_log_group.log["api"]: Refreshing state... [id=/clearledger/cl-6145db/api]
aws_cloudwatch_log_group.log["relay"]: Refreshing state... [id=/clearledger/cl-6145db/outbox-relay]
aws_cloudwatch_log_group.log["archiver"]: Refreshing state... [id=/clearledger/cl-6145db/audit-archiver]
aws_cognito_resource_server.main: Refreshing state... [id=us-east-1_890d37ca5|clearledger]
aws_internet_gateway.main: Refreshing state... [id=igw-908f0e04]
aws_security_group.store["rds"]: Refreshing state... [id=sg-ecf11d13eca577484]
aws_security_group.alb: Refreshing state... [id=sg-0a13effa1e8bd753e]
aws_subnet.private[0]: Refreshing state... [id=subnet-10df9b0e]
aws_lb_target_group.main: Refreshing state... [id=arn:aws:elasticloadbalancing:us-east-1:000000000000:targetgroup/cl-6145db-api/0f6ec5752c5a4bba]
aws_security_group.store["valkey"]: Refreshing state... [id=sg-9a0cb5e5daa87a219]
aws_route_table.private: Refreshing state... [id=rtb-e8dee760]
aws_subnet.private[1]: Refreshing state... [id=subnet-802d7400]
aws_subnet.public[0]: Refreshing state... [id=subnet-a8f4e264]
aws_subnet.public[1]: Refreshing state... [id=subnet-486079f4]
aws_kms_key.key["database"]: Refreshing state... [id=f7a87d45-8657-480b-9a40-6f52ea138f6d]
aws_kms_key.key["audit"]: Refreshing state... [id=f9b78db2-aa0e-48e4-98ef-4615c5c93e3d]
aws_kms_key.key["messaging"]: Refreshing state... [id=a0457d1e-921b-47bb-a434-a7fe00507f6a]
aws_kms_key.key["projection"]: Refreshing state... [id=dc93151b-e3e2-4bea-827b-ca4a1081f429]
aws_cognito_user_pool_client.client["admin"]: Refreshing state... [id=7133520a1d4e4a2aaf31f16ec3]
aws_cognito_user_pool_client.client["read"]: Refreshing state... [id=124b92eeff81487a8f030ca0db]
aws_route_table.public: Refreshing state... [id=rtb-4d5d2e30]
aws_cognito_user_pool_client.client["write"]: Refreshing state... [id=87c1c7acecfe42539270f922d6]
aws_security_group.ecs: Refreshing state... [id=sg-609542abbdd6241bf]
aws_elasticache_subnet_group.main: Refreshing state... [id=cl-6145db-cache]
aws_route_table_association.private[0]: Refreshing state... [id=rtbassoc-c4210244]
aws_s3_bucket_versioning.audit: Refreshing state... [id=cl-6145db-audit]
aws_route_table_association.private[1]: Refreshing state... [id=rtbassoc-a63ffc36]
aws_lb.main: Refreshing state... [id=arn:aws:elasticloadbalancing:us-east-1:000000000000:loadbalancer/app/cl-6145db-alb/83abff57313d4c94]
aws_db_subnet_group.main: Refreshing state... [id=cl-6145db-database]
aws_s3_bucket_public_access_block.audit: Refreshing state... [id=cl-6145db-audit]
aws_sqs_queue.dlq: Refreshing state... [id=http://aws:4566/000000000000/cl-6145db-dlq]
aws_kms_alias.key["audit"]: Refreshing state... [id=alias/cl-6145db-audit]
aws_dynamodb_table.main: Refreshing state... [id=cl-6145db-projections]
aws_s3_bucket_server_side_encryption_configuration.audit: Refreshing state... [id=cl-6145db-audit]
aws_route_table_association.public[1]: Refreshing state... [id=rtbassoc-dc0ebf0c]
aws_kms_alias.key["database"]: Refreshing state... [id=alias/cl-6145db-database]
aws_kms_alias.key["projection"]: Refreshing state... [id=alias/cl-6145db-projection]
aws_kms_alias.key["messaging"]: Refreshing state... [id=alias/cl-6145db-messaging]
aws_s3_bucket_policy.audit: Refreshing state... [id=cl-6145db-audit]
aws_route_table_association.public[0]: Refreshing state... [id=rtbassoc-862969f7]
aws_elasticache_replication_group.main: Refreshing state... [id=cl-6145db-cache]
aws_db_instance.main: Refreshing state... [id=db-8489609DD31E4F029C5CC173]
aws_sqs_queue.main: Refreshing state... [id=http://aws:4566/000000000000/cl-6145db-events]
aws_sqs_queue_policy.dlq: Refreshing state... [id=http://aws:4566/000000000000/cl-6145db-dlq]
aws_lb_listener.main: Refreshing state... [id=arn:aws:elasticloadbalancing:us-east-1:000000000000:listener/app/cl-6145db-alb/83abff57313d4c94/3024b8e6b1a641a3]
aws_sqs_queue_policy.main: Refreshing state... [id=http://aws:4566/000000000000/cl-6145db-events]
aws_iam_role_policy.canonical["relay"]: Refreshing state... [id=cl-6145db-relay:cl-6145db-canonical]
aws_iam_role_policy.canonical["archiver"]: Refreshing state... [id=cl-6145db-archiver:cl-6145db-canonical]
aws_iam_role_policy.canonical["scheduler"]: Refreshing state... [id=cl-6145db-scheduler:cl-6145db-canonical]
aws_iam_role_policy.canonical["ecs_task"]: Refreshing state... [id=cl-6145db-ecs_task:cl-6145db-canonical]
aws_iam_role_policy.canonical["projector"]: Refreshing state... [id=cl-6145db-projector:cl-6145db-canonical]
aws_iam_role_policy.canonical["ecs_execution"]: Refreshing state... [id=cl-6145db-ecs_execution:cl-6145db-canonical]
aws_ecs_task_definition.api: Refreshing state... [id=cl-6145db-api]
aws_lambda_function.worker["archiver"]: Refreshing state... [id=cl-6145db-archiver]
aws_lambda_function.worker["projector"]: Refreshing state... [id=cl-6145db-projector]
aws_lambda_function.worker["relay"]: Refreshing state... [id=cl-6145db-relay]
aws_ecs_service.api: Refreshing state... [id=arn:aws:ecs:us-east-1:000000000000:service/cl-6145db-cluster/cl-6145db-api]
aws_scheduler_schedule.worker["relay"]: Refreshing state... [id=default/cl-6145db-relay]
aws_scheduler_schedule.worker["archiver"]: Refreshing state... [id=default/cl-6145db-archiver]
aws_lambda_event_source_mapping.projector: Refreshing state... [id=e11c9dc0-898f-4c56-b023-b669050fd92a]

Note: Objects have changed outside of Terraform

Terraform detected the following changes made outside of Terraform since the
last "terraform apply" which may have affected this plan:

  # aws_lambda_event_source_mapping.projector has been deleted
  - resource "aws_lambda_event_source_mapping" "projector" {
        id                                 = "e11c9dc0-898f-4c56-b023-b669050fd92a"
        tags                               = {}
      - uuid                               = "e11c9dc0-898f-4c56-b023-b669050fd92a" -> null
        # (24 unchanged attributes hidden)
    }

  # aws_sqs_queue.main has been deleted
  - resource "aws_sqs_queue" "main" {
      - arn                               = "arn:aws:sqs:us-east-1:000000000000:cl-6145db-events" -> null
        id                                = "http://aws:4566/000000000000/cl-6145db-events"
      - name                              = "cl-6145db-events" -> null
        tags                              = {}
      - url                               = "http://aws:4566/000000000000/cl-6145db-events" -> null
        # (18 unchanged attributes hidden)
    }


Unless you have made equivalent changes to your configuration, or ignored the
relevant attributes using ignore_changes, the following plan may include
actions to undo or respond to these changes.

─────────────────────────────────────────────────────────────────────────────

Terraform used the selected providers to generate the following execution
plan. Resource actions are indicated with the following symbols:
  + create
  ~ update in-place
+/- create replacement and then destroy

Terraform will perform the following actions:

  # aws_db_instance.main will be updated in-place
  ~ resource "aws_db_instance" "main" {
        id                                    = "db-8489609DD31E4F029C5CC173"
        tags                                  = {}
      ~ tags_all                              = {
          + "ClearLedgerDeployment" = "cl-6145db"
        }
        # (72 unchanged attributes hidden)
    }

  # aws_ecs_service.api will be updated in-place
  ~ resource "aws_ecs_service" "api" {
      ~ desired_count                      = 1 -> 2
        id                                 = "arn:aws:ecs:us-east-1:000000000000:service/cl-6145db-cluster/cl-6145db-api"
        name                               = "cl-6145db-api"
        tags                               = {}
      ~ task_definition                    = "arn:aws:ecs:us-east-1:000000000000:task-definition/cl-6145db-api:1" -> (known after apply)
        # (16 unchanged attributes hidden)

        # (3 unchanged blocks hidden)
    }

  # aws_ecs_task_definition.api must be replaced
+/- resource "aws_ecs_task_definition" "api" {
      ~ arn                      = "arn:aws:ecs:us-east-1:000000000000:task-definition/cl-6145db-api:1" -> (known after apply)
      ~ arn_without_revision     = "arn:aws:ecs:us-east-1:000000000000:task-definition/cl-6145db-api" -> (known after apply)
      ~ container_definitions    = jsonencode(
            [
              - {
                  - environment      = [
                      - {
                          - name  = "AUTH_AUDIENCES"
                          - value = "124b92eeff81487a8f030ca0db,87c1c7acecfe42539270f922d6,7133520a1d4e4a2aaf31f16ec3"
                        },
                      - {
                          - name  = "AUTH_ISSUER"
                          - value = "http://aws:4566/us-east-1_890d37ca5"
                        },
                      - {
                          - name  = "AUTH_JWKS_URL"
                          - value = "http://aws:4566/us-east-1_890d37ca5/.well-known/jwks.json"
                        },
                      - {
                          - name  = "AWS_ACCESS_KEY_ID"
                          - value = "test"
                        },
                      - {
                          - name  = "AWS_DEFAULT_REGION"
                          - value = "us-east-1"
                        },
                      - {
                          - name  = "AWS_ENDPOINT_URL"
                          - value = "http://aws:4566"
                        },
                      - {
                          - name  = "AWS_REGION"
                          - value = "us-east-1"
                        },
                      - {
                          - name  = "AWS_SECRET_ACCESS_KEY"
                          - value = "test"
                        },
                      - {
                          - name  = "CACHE_TTL_SECONDS"
                          - value = "90"
                        },
                      - {
                          - name  = "CLOUDWATCH_LOG_GROUP"
                          - value = "/clearledger/cl-6145db/api"
                        },
                      - {
                          - name  = "DATABASE_URL"
                          - value = "postgres://clearledger:Clcfb0dad964%21@aws:7001/clearledger"
                        },
                      - {
                          - name  = "PORT"
                          - value = "8080"
                        },
                      - {
                          - name  = "PROJECTION_TABLE"
                          - value = "cl-6145db-projections"
                        },
                      - {
                          - name  = "SQS_QUEUE_URL"
                          - value = "http://aws:4566/000000000000/cl-6145db-events"
                        },
                      - {
                          - name  = "VALKEY_URL"
                          - value = "redis://aws:6379"
                        },
                    ]
                  - essential        = true
                  - image            = "clearledger/api:1.0.0"
                  - logConfiguration = {
                      - logDriver = "awslogs"
                      - options   = {
                          - awslogs-group         = "/clearledger/cl-6145db/api"
                          - awslogs-region        = "us-east-1"
                          - awslogs-stream-prefix = "api"
                        }
                    }
                  - name             = "api"
                  - portMappings     = [
                      - {
                          - containerPort = 8080
                          - hostPort      = 8080
                          - protocol      = "tcp"
                        },
                    ]
                },
            ]
        ) -> (known after apply) # forces replacement
      ~ enable_fault_injection   = false -> (known after apply)
      ~ id                       = "cl-6145db-api" -> (known after apply)
      ~ revision                 = 1 -> (known after apply)
      - tags                     = {} -> null
      ~ tags_all                 = {
          + "ClearLedgerDeployment" = "cl-6145db"
        }
        # (12 unchanged attributes hidden)
    }

  # aws_elasticache_replication_group.main will be updated in-place
  ~ resource "aws_elasticache_replication_group" "main" {
        id                             = "cl-6145db-cache"
      ~ security_group_ids             = [
          + "sg-9a0cb5e5daa87a219",
        ]
        tags                           = {}
        # (36 unchanged attributes hidden)

        # (1 unchanged block hidden)
    }

  # aws_iam_role_policy.canonical["archiver"] will be updated in-place
  ~ resource "aws_iam_role_policy" "canonical" {
        id          = "cl-6145db-archiver:cl-6145db-canonical"
        name        = "cl-6145db-canonical"
      ~ policy      = jsonencode(
            {
              - Statement = [
                  - {
                      - Action   = [
                          - "kms:DisableKey",
                          - "kms:ScheduleKeyDeletion",
                        ]
                      - Effect   = "Deny"
                      - Resource = [
                          - "arn:aws:kms:us-east-1:000000000000:key/f9b78db2-aa0e-48e4-98ef-4615c5c93e3d",
                          - "arn:aws:kms:us-east-1:000000000000:key/f7a87d45-8657-480b-9a40-6f52ea138f6d",
                          - "arn:aws:kms:us-east-1:000000000000:key/a0457d1e-921b-47bb-a434-a7fe00507f6a",
                          - "arn:aws:kms:us-east-1:000000000000:key/dc93151b-e3e2-4bea-827b-ca4a1081f429",
                        ]
                    },
                  - {
                      - Action   = [
                          - "kms:Decrypt",
                          - "kms:GenerateDataKey",
                        ]
                      - Effect   = "Deny"
                      - Resource = [
                          - "arn:aws:kms:us-east-1:000000000000:key/a0457d1e-921b-47bb-a434-a7fe00507f6a",
                          - "arn:aws:kms:us-east-1:000000000000:key/dc93151b-e3e2-4bea-827b-ca4a1081f429",
                        ]
                    },
                  - {
                      - Action   = [
                          - "logs:CreateLogStream",
                          - "logs:PutLogEvents",
                        ]
                      - Effect   = "Deny"
                      - Resource = [
                          - "arn:aws:logs:us-east-1:000000000000:log-group:/clearledger/cl-6145db/api:*",
                          - "arn:aws:logs:us-east-1:000000000000:log-group:/clearledger/cl-6145db/projector:*",
                          - "arn:aws:logs:us-east-1:000000000000:log-group:/clearledger/cl-6145db/outbox-relay:*",
                        ]
                    },
                  - {
                      - Action   = [
                          - "logs:CreateLogStream",
                          - "logs:PutLogEvents",
                          - "logs:DescribeLogStreams",
                        ]
                      - Effect   = "Allow"
                      - Resource = [
                          - "arn:aws:logs:us-east-1:000000000000:log-group:/clearledger/cl-6145db/audit-archiver:*",
                        ]
                    },
                  - {
                      - Action   = [
                          - "kms:Decrypt",
                          - "kms:GenerateDataKey",
                          - "kms:DescribeKey",
                        ]
                      - Effect   = "Allow"
                      - Resource = [
                          - "arn:aws:kms:us-east-1:000000000000:key/f9b78db2-aa0e-48e4-98ef-4615c5c93e3d",
                          - "arn:aws:kms:us-east-1:000000000000:key/f7a87d45-8657-480b-9a40-6f52ea138f6d",
                        ]
                    },
                  - {
                      - Action   = [
                          - "sqs:SendMessage",
                          - "sqs:ReceiveMessage",
                          - "sqs:DeleteMessage",
                        ]
                      - Effect   = "Deny"
                      - Resource = [
                          - "arn:aws:sqs:us-east-1:000000000000:cl-6145db-events",
                          - "arn:aws:sqs:us-east-1:000000000000:cl-6145db-dlq",
                        ]
                    },
                  - {
                      - Action   = [
                          - "dynamodb:GetItem",
                          - "dynamodb:PutItem",
                          - "dynamodb:UpdateItem",
                          - "dynamodb:DeleteItem",
                          - "dynamodb:Query",
                        ]
                      - Effect   = "Deny"
                      - Resource = [
                          - "arn:aws:dynamodb:us-east-1:000000000000:table/cl-6145db-projections",
                          - "arn:aws:dynamodb:us-east-1:000000000000:table/cl-6145db-projections/index/AccountIndex",
                        ]
                    },
                  - {
                      - Action   = [
                          - "s3:PutObject",
                          - "s3:GetObject",
                          - "s3:AbortMultipartUpload",
                        ]
                      - Effect   = "Allow"
                      - Resource = [
                          - "arn:aws:s3:::cl-6145db-audit/ledger-audit/*",
                        ]
                    },
                  - {
                      - Action   = [
                          - "s3:ListBucket",
                          - "s3:GetBucketLocation",
                        ]
                      - Effect   = "Allow"
                      - Resource = [
                          - "arn:aws:s3:::cl-6145db-audit",
                        ]
                    },
                  - {
                      - Action   = [
                          - "s3:DeleteObject",
                          - "s3:DeleteObjectVersion",
                        ]
                      - Effect   = "Deny"
                      - Resource = [
                          - "arn:aws:s3:::cl-6145db-audit",
                          - "arn:aws:s3:::cl-6145db-audit/*",
                        ]
                    },
                ]
              - Version   = "2012-10-17"
            }
        ) -> (known after apply)
        # (2 unchanged attributes hidden)
    }

  # aws_iam_role_policy.canonical["ecs_execution"] will be updated in-place
  ~ resource "aws_iam_role_policy" "canonical" {
        id          = "cl-6145db-ecs_execution:cl-6145db-canonical"
        name        = "cl-6145db-canonical"
      ~ policy      = jsonencode(
            {
              - Statement = [
                  - {
                      - Action   = [
                          - "kms:DisableKey",
                          - "kms:ScheduleKeyDeletion",
                        ]
                      - Effect   = "Deny"
                      - Resource = [
                          - "arn:aws:kms:us-east-1:000000000000:key/f9b78db2-aa0e-48e4-98ef-4615c5c93e3d",
                          - "arn:aws:kms:us-east-1:000000000000:key/f7a87d45-8657-480b-9a40-6f52ea138f6d",
                          - "arn:aws:kms:us-east-1:000000000000:key/a0457d1e-921b-47bb-a434-a7fe00507f6a",
                          - "arn:aws:kms:us-east-1:000000000000:key/dc93151b-e3e2-4bea-827b-ca4a1081f429",
                        ]
                    },
                  - {
                      - Action   = [
                          - "kms:Decrypt",
                          - "kms:GenerateDataKey",
                        ]
                      - Effect   = "Deny"
                      - Resource = [
                          - "arn:aws:kms:us-east-1:000000000000:key/f9b78db2-aa0e-48e4-98ef-4615c5c93e3d",
                          - "arn:aws:kms:us-east-1:000000000000:key/f7a87d45-8657-480b-9a40-6f52ea138f6d",
                          - "arn:aws:kms:us-east-1:000000000000:key/a0457d1e-921b-47bb-a434-a7fe00507f6a",
                          - "arn:aws:kms:us-east-1:000000000000:key/dc93151b-e3e2-4bea-827b-ca4a1081f429",
                        ]
                    },
                  - {
                      - Action   = [
                          - "logs:CreateLogStream",
                          - "logs:PutLogEvents",
                        ]
                      - Effect   = "Deny"
                      - Resource = [
                          - "arn:aws:logs:us-east-1:000000000000:log-group:/clearledger/cl-6145db/audit-archiver:*",
                          - "arn:aws:logs:us-east-1:000000000000:log-group:/clearledger/cl-6145db/projector:*",
                          - "arn:aws:logs:us-east-1:000000000000:log-group:/clearledger/cl-6145db/outbox-relay:*",
                        ]
                    },
                  - {
                      - Action   = [
                          - "logs:CreateLogStream",
                          - "logs:PutLogEvents",
                          - "logs:DescribeLogStreams",
                        ]
                      - Effect   = "Allow"
                      - Resource = [
                          - "arn:aws:logs:us-east-1:000000000000:log-group:/clearledger/cl-6145db/api:*",
                        ]
                    },
                  - {
                      - Action   = [
                          - "sqs:SendMessage",
                          - "sqs:ReceiveMessage",
                          - "sqs:DeleteMessage",
                        ]
                      - Effect   = "Deny"
                      - Resource = [
                          - "arn:aws:sqs:us-east-1:000000000000:cl-6145db-events",
                          - "arn:aws:sqs:us-east-1:000000000000:cl-6145db-dlq",
                        ]
                    },
                  - {
                      - Action   = [
                          - "dynamodb:GetItem",
                          - "dynamodb:PutItem",
                          - "dynamodb:UpdateItem",
                          - "dynamodb:DeleteItem",
                          - "dynamodb:Query",
                        ]
                      - Effect   = "Deny"
                      - Resource = [
                          - "arn:aws:dynamodb:us-east-1:000000000000:table/cl-6145db-projections",
                          - "arn:aws:dynamodb:us-east-1:000000000000:table/cl-6145db-projections/index/AccountIndex",
                        ]
                    },
                  - {
                      - Action   = [
                          - "s3:GetObject",
                          - "s3:PutObject",
                          - "s3:DeleteObject",
                          - "s3:ListBucket",
                        ]
                      - Effect   = "Deny"
                      - Resource = [
                          - "arn:aws:s3:::cl-6145db-audit",
                          - "arn:aws:s3:::cl-6145db-audit/*",
                        ]
                    },
                ]
              - Version   = "2012-10-17"
            }
        ) -> (known after apply)
        # (2 unchanged attributes hidden)
    }

  # aws_iam_role_policy.canonical["ecs_task"] will be updated in-place
  ~ resource "aws_iam_role_policy" "canonical" {
        id          = "cl-6145db-ecs_task:cl-6145db-canonical"
        name        = "cl-6145db-canonical"
      ~ policy      = jsonencode(
            {
              - Statement = [
                  - {
                      - Action   = [
                          - "kms:DisableKey",
                          - "kms:ScheduleKeyDeletion",
                        ]
                      - Effect   = "Deny"
                      - Resource = [
                          - "arn:aws:kms:us-east-1:000000000000:key/f9b78db2-aa0e-48e4-98ef-4615c5c93e3d",
                          - "arn:aws:kms:us-east-1:000000000000:key/f7a87d45-8657-480b-9a40-6f52ea138f6d",
                          - "arn:aws:kms:us-east-1:000000000000:key/a0457d1e-921b-47bb-a434-a7fe00507f6a",
                          - "arn:aws:kms:us-east-1:000000000000:key/dc93151b-e3e2-4bea-827b-ca4a1081f429",
                        ]
                    },
                  - {
                      - Action   = [
                          - "kms:Decrypt",
                          - "kms:GenerateDataKey",
                        ]
                      - Effect   = "Deny"
                      - Resource = [
                          - "arn:aws:kms:us-east-1:000000000000:key/f9b78db2-aa0e-48e4-98ef-4615c5c93e3d",
                          - "arn:aws:kms:us-east-1:000000000000:key/f7a87d45-8657-480b-9a40-6f52ea138f6d",
                        ]
                    },
                  - {
                      - Action   = [
                          - "logs:CreateLogStream",
                          - "logs:PutLogEvents",
                        ]
                      - Effect   = "Deny"
                      - Resource = [
                          - "arn:aws:logs:us-east-1:000000000000:log-group:/clearledger/cl-6145db/audit-archiver:*",
                          - "arn:aws:logs:us-east-1:000000000000:log-group:/clearledger/cl-6145db/projector:*",
                          - "arn:aws:logs:us-east-1:000000000000:log-group:/clearledger/cl-6145db/outbox-relay:*",
                        ]
                    },
                  - {
                      - Action   = [
                          - "logs:CreateLogStream",
                          - "logs:PutLogEvents",
                          - "logs:DescribeLogStreams",
                        ]
                      - Effect   = "Allow"
                      - Resource = [
                          - "arn:aws:logs:us-east-1:000000000000:log-group:/clearledger/cl-6145db/api:*",
                        ]
                    },
                  - {
                      - Action   = [
                          - "kms:Decrypt",
                          - "kms:GenerateDataKey",
                          - "kms:DescribeKey",
                        ]
                      - Effect   = "Allow"
                      - Resource = [
                          - "arn:aws:kms:us-east-1:000000000000:key/a0457d1e-921b-47bb-a434-a7fe00507f6a",
                          - "arn:aws:kms:us-east-1:000000000000:key/dc93151b-e3e2-4bea-827b-ca4a1081f429",
                        ]
                    },
                  - {
                      - Action   = [
                          - "sqs:SendMessage",
                          - "sqs:GetQueueAttributes",
                          - "sqs:GetQueueUrl",
                        ]
                      - Effect   = "Allow"
                      - Resource = [
                          - "arn:aws:sqs:us-east-1:000000000000:cl-6145db-events",
                        ]
                    },
                  - {
                      - Action   = [
                          - "sqs:ReceiveMessage",
                          - "sqs:DeleteMessage",
                        ]
                      - Effect   = "Deny"
                      - Resource = [
                          - "arn:aws:sqs:us-east-1:000000000000:cl-6145db-events",
                        ]
                    },
                  - {
                      - Action   = [
                          - "sqs:SendMessage",
                          - "sqs:ReceiveMessage",
                          - "sqs:DeleteMessage",
                        ]
                      - Effect   = "Deny"
                      - Resource = [
                          - "arn:aws:sqs:us-east-1:000000000000:cl-6145db-dlq",
                        ]
                    },
                  - {
                      - Action   = [
                          - "dynamodb:GetItem",
                          - "dynamodb:Query",
                          - "dynamodb:DescribeTable",
                        ]
                      - Effect   = "Allow"
                      - Resource = [
                          - "arn:aws:dynamodb:us-east-1:000000000000:table/cl-6145db-projections",
                          - "arn:aws:dynamodb:us-east-1:000000000000:table/cl-6145db-projections/index/AccountIndex",
                        ]
                    },
                  - {
                      - Action   = [
                          - "dynamodb:PutItem",
                          - "dynamodb:UpdateItem",
                          - "dynamodb:DeleteItem",
                          - "dynamodb:DeleteTable",
                        ]
                      - Effect   = "Deny"
                      - Resource = [
                          - "arn:aws:dynamodb:us-east-1:000000000000:table/cl-6145db-projections",
                        ]
                    },
                  - {
                      - Action   = [
                          - "s3:GetObject",
                          - "s3:PutObject",
                          - "s3:DeleteObject",
                          - "s3:ListBucket",
                        ]
                      - Effect   = "Deny"
                      - Resource = [
                          - "arn:aws:s3:::cl-6145db-audit",
                          - "arn:aws:s3:::cl-6145db-audit/*",
                        ]
                    },
                ]
              - Version   = "2012-10-17"
            }
        ) -> (known after apply)
        # (2 unchanged attributes hidden)
    }

  # aws_iam_role_policy.canonical["projector"] will be updated in-place
  ~ resource "aws_iam_role_policy" "canonical" {
        id          = "cl-6145db-projector:cl-6145db-canonical"
        name        = "cl-6145db-canonical"
      ~ policy      = jsonencode(
            {
              - Statement = [
                  - {
                      - Action   = [
                          - "kms:DisableKey",
                          - "kms:ScheduleKeyDeletion",
                        ]
                      - Effect   = "Deny"
                      - Resource = [
                          - "arn:aws:kms:us-east-1:000000000000:key/f9b78db2-aa0e-48e4-98ef-4615c5c93e3d",
                          - "arn:aws:kms:us-east-1:000000000000:key/f7a87d45-8657-480b-9a40-6f52ea138f6d",
                          - "arn:aws:kms:us-east-1:000000000000:key/a0457d1e-921b-47bb-a434-a7fe00507f6a",
                          - "arn:aws:kms:us-east-1:000000000000:key/dc93151b-e3e2-4bea-827b-ca4a1081f429",
                        ]
                    },
                  - {
                      - Action   = [
                          - "kms:Decrypt",
                          - "kms:GenerateDataKey",
                        ]
                      - Effect   = "Deny"
                      - Resource = [
                          - "arn:aws:kms:us-east-1:000000000000:key/f9b78db2-aa0e-48e4-98ef-4615c5c93e3d",
                          - "arn:aws:kms:us-east-1:000000000000:key/f7a87d45-8657-480b-9a40-6f52ea138f6d",
                        ]
                    },
                  - {
                      - Action   = [
                          - "logs:CreateLogStream",
                          - "logs:PutLogEvents",
                        ]
                      - Effect   = "Deny"
                      - Resource = [
                          - "arn:aws:logs:us-east-1:000000000000:log-group:/clearledger/cl-6145db/api:*",
                          - "arn:aws:logs:us-east-1:000000000000:log-group:/clearledger/cl-6145db/audit-archiver:*",
                          - "arn:aws:logs:us-east-1:000000000000:log-group:/clearledger/cl-6145db/outbox-relay:*",
                        ]
                    },
                  - {
                      - Action   = [
                          - "logs:CreateLogStream",
                          - "logs:PutLogEvents",
                          - "logs:DescribeLogStreams",
                        ]
                      - Effect   = "Allow"
                      - Resource = [
                          - "arn:aws:logs:us-east-1:000000000000:log-group:/clearledger/cl-6145db/projector:*",
                        ]
                    },
                  - {
                      - Action   = [
                          - "kms:Decrypt",
                          - "kms:GenerateDataKey",
                          - "kms:DescribeKey",
                        ]
                      - Effect   = "Allow"
                      - Resource = [
                          - "arn:aws:kms:us-east-1:000000000000:key/a0457d1e-921b-47bb-a434-a7fe00507f6a",
                          - "arn:aws:kms:us-east-1:000000000000:key/dc93151b-e3e2-4bea-827b-ca4a1081f429",
                        ]
                    },
                  - {
                      - Action   = [
                          - "sqs:ReceiveMessage",
                          - "sqs:DeleteMessage",
                          - "sqs:GetQueueAttributes",
                          - "sqs:ChangeMessageVisibility",
                        ]
                      - Effect   = "Allow"
                      - Resource = [
                          - "arn:aws:sqs:us-east-1:000000000000:cl-6145db-events",
                        ]
                    },
                  - {
                      - Action   = [
                          - "sqs:SendMessage",
                        ]
                      - Effect   = "Allow"
                      - Resource = [
                          - "arn:aws:sqs:us-east-1:000000000000:cl-6145db-dlq",
                        ]
                    },
                  - {
                      - Action   = [
                          - "sqs:SendMessage",
                        ]
                      - Effect   = "Deny"
                      - Resource = [
                          - "arn:aws:sqs:us-east-1:000000000000:cl-6145db-events",
                        ]
                    },
                  - {
                      - Action   = [
                          - "sqs:ReceiveMessage",
                          - "sqs:DeleteMessage",
                        ]
                      - Effect   = "Deny"
                      - Resource = [
                          - "arn:aws:sqs:us-east-1:000000000000:cl-6145db-dlq",
                        ]
                    },
                  - {
                      - Action   = [
                          - "dynamodb:GetItem",
                          - "dynamodb:PutItem",
                          - "dynamodb:UpdateItem",
                          - "dynamodb:Query",
                        ]
                      - Effect   = "Allow"
                      - Resource = [
                          - "arn:aws:dynamodb:us-east-1:000000000000:table/cl-6145db-projections",
                          - "arn:aws:dynamodb:us-east-1:000000000000:table/cl-6145db-projections/index/AccountIndex",
                        ]
                    },
                  - {
                      - Action   = [
                          - "dynamodb:DeleteItem",
                          - "dynamodb:DeleteTable",
                        ]
                      - Effect   = "Deny"
                      - Resource = [
                          - "arn:aws:dynamodb:us-east-1:000000000000:table/cl-6145db-projections",
                        ]
                    },
                  - {
                      - Action   = [
                          - "s3:GetObject",
                          - "s3:PutObject",
                          - "s3:DeleteObject",
                          - "s3:ListBucket",
                        ]
                      - Effect   = "Deny"
                      - Resource = [
                          - "arn:aws:s3:::cl-6145db-audit",
                          - "arn:aws:s3:::cl-6145db-audit/*",
                        ]
                    },
                ]
              - Version   = "2012-10-17"
            }
        ) -> (known after apply)
        # (2 unchanged attributes hidden)
    }

  # aws_iam_role_policy.canonical["relay"] will be updated in-place
  ~ resource "aws_iam_role_policy" "canonical" {
        id          = "cl-6145db-relay:cl-6145db-canonical"
        name        = "cl-6145db-canonical"
      ~ policy      = jsonencode(
            {
              - Statement = [
                  - {
                      - Action   = [
                          - "kms:DisableKey",
                          - "kms:ScheduleKeyDeletion",
                        ]
                      - Effect   = "Deny"
                      - Resource = [
                          - "arn:aws:kms:us-east-1:000000000000:key/f9b78db2-aa0e-48e4-98ef-4615c5c93e3d",
                          - "arn:aws:kms:us-east-1:000000000000:key/f7a87d45-8657-480b-9a40-6f52ea138f6d",
                          - "arn:aws:kms:us-east-1:000000000000:key/a0457d1e-921b-47bb-a434-a7fe00507f6a",
                          - "arn:aws:kms:us-east-1:000000000000:key/dc93151b-e3e2-4bea-827b-ca4a1081f429",
                        ]
                    },
                  - {
                      - Action   = [
                          - "kms:Decrypt",
                          - "kms:GenerateDataKey",
                        ]
                      - Effect   = "Deny"
                      - Resource = [
                          - "arn:aws:kms:us-east-1:000000000000:key/f9b78db2-aa0e-48e4-98ef-4615c5c93e3d",
                          - "arn:aws:kms:us-east-1:000000000000:key/dc93151b-e3e2-4bea-827b-ca4a1081f429",
                        ]
                    },
                  - {
                      - Action   = [
                          - "logs:CreateLogStream",
                          - "logs:PutLogEvents",
                        ]
                      - Effect   = "Deny"
                      - Resource = [
                          - "arn:aws:logs:us-east-1:000000000000:log-group:/clearledger/cl-6145db/api:*",
                          - "arn:aws:logs:us-east-1:000000000000:log-group:/clearledger/cl-6145db/audit-archiver:*",
                          - "arn:aws:logs:us-east-1:000000000000:log-group:/clearledger/cl-6145db/projector:*",
                        ]
                    },
                  - {
                      - Action   = [
                          - "logs:CreateLogStream",
                          - "logs:PutLogEvents",
                          - "logs:DescribeLogStreams",
                        ]
                      - Effect   = "Allow"
                      - Resource = [
                          - "arn:aws:logs:us-east-1:000000000000:log-group:/clearledger/cl-6145db/outbox-relay:*",
                        ]
                    },
                  - {
                      - Action   = [
                          - "kms:Decrypt",
                          - "kms:GenerateDataKey",
                          - "kms:DescribeKey",
                        ]
                      - Effect   = "Allow"
                      - Resource = [
                          - "arn:aws:kms:us-east-1:000000000000:key/f7a87d45-8657-480b-9a40-6f52ea138f6d",
                          - "arn:aws:kms:us-east-1:000000000000:key/a0457d1e-921b-47bb-a434-a7fe00507f6a",
                        ]
                    },
                  - {
                      - Action   = [
                          - "sqs:SendMessage",
                          - "sqs:GetQueueAttributes",
                          - "sqs:GetQueueUrl",
                        ]
                      - Effect   = "Allow"
                      - Resource = [
                          - "arn:aws:sqs:us-east-1:000000000000:cl-6145db-events",
                        ]
                    },
                  - {
                      - Action   = [
                          - "sqs:ReceiveMessage",
                          - "sqs:DeleteMessage",
                        ]
                      - Effect   = "Deny"
                      - Resource = [
                          - "arn:aws:sqs:us-east-1:000000000000:cl-6145db-events",
                        ]
                    },
                  - {
                      - Action   = [
                          - "sqs:SendMessage",
                          - "sqs:ReceiveMessage",
                          - "sqs:DeleteMessage",
                        ]
                      - Effect   = "Deny"
                      - Resource = [
                          - "arn:aws:sqs:us-east-1:000000000000:cl-6145db-dlq",
                        ]
                    },
                  - {
                      - Action   = [
                          - "dynamodb:GetItem",
                          - "dynamodb:PutItem",
                          - "dynamodb:UpdateItem",
                          - "dynamodb:DeleteItem",
                          - "dynamodb:Query",
                        ]
                      - Effect   = "Deny"
                      - Resource = [
                          - "arn:aws:dynamodb:us-east-1:000000000000:table/cl-6145db-projections",
                          - "arn:aws:dynamodb:us-east-1:000000000000:table/cl-6145db-projections/index/AccountIndex",
                        ]
                    },
                  - {
                      - Action   = [
                          - "s3:GetObject",
                          - "s3:PutObject",
                          - "s3:DeleteObject",
                          - "s3:ListBucket",
                        ]
                      - Effect   = "Deny"
                      - Resource = [
                          - "arn:aws:s3:::cl-6145db-audit",
                          - "arn:aws:s3:::cl-6145db-audit/*",
                        ]
                    },
                ]
              - Version   = "2012-10-17"
            }
        ) -> (known after apply)
        # (2 unchanged attributes hidden)
    }

  # aws_iam_role_policy.canonical["scheduler"] will be updated in-place
  ~ resource "aws_iam_role_policy" "canonical" {
        id          = "cl-6145db-scheduler:cl-6145db-canonical"
        name        = "cl-6145db-canonical"
      ~ policy      = jsonencode(
            {
              - Statement = [
                  - {
                      - Action   = [
                          - "kms:DisableKey",
                          - "kms:ScheduleKeyDeletion",
                        ]
                      - Effect   = "Deny"
                      - Resource = [
                          - "arn:aws:kms:us-east-1:000000000000:key/f9b78db2-aa0e-48e4-98ef-4615c5c93e3d",
                          - "arn:aws:kms:us-east-1:000000000000:key/f7a87d45-8657-480b-9a40-6f52ea138f6d",
                          - "arn:aws:kms:us-east-1:000000000000:key/a0457d1e-921b-47bb-a434-a7fe00507f6a",
                          - "arn:aws:kms:us-east-1:000000000000:key/dc93151b-e3e2-4bea-827b-ca4a1081f429",
                        ]
                    },
                  - {
                      - Action   = [
                          - "kms:Decrypt",
                          - "kms:GenerateDataKey",
                        ]
                      - Effect   = "Deny"
                      - Resource = [
                          - "arn:aws:kms:us-east-1:000000000000:key/f9b78db2-aa0e-48e4-98ef-4615c5c93e3d",
                          - "arn:aws:kms:us-east-1:000000000000:key/f7a87d45-8657-480b-9a40-6f52ea138f6d",
                          - "arn:aws:kms:us-east-1:000000000000:key/a0457d1e-921b-47bb-a434-a7fe00507f6a",
                          - "arn:aws:kms:us-east-1:000000000000:key/dc93151b-e3e2-4bea-827b-ca4a1081f429",
                        ]
                    },
                  - {
                      - Action   = [
                          - "logs:CreateLogStream",
                          - "logs:PutLogEvents",
                        ]
                      - Effect   = "Deny"
                      - Resource = [
                          - "arn:aws:logs:us-east-1:000000000000:log-group:/clearledger/cl-6145db/api:*",
                          - "arn:aws:logs:us-east-1:000000000000:log-group:/clearledger/cl-6145db/audit-archiver:*",
                          - "arn:aws:logs:us-east-1:000000000000:log-group:/clearledger/cl-6145db/projector:*",
                          - "arn:aws:logs:us-east-1:000000000000:log-group:/clearledger/cl-6145db/outbox-relay:*",
                        ]
                    },
                  - {
                      - Action   = [
                          - "sqs:SendMessage",
                          - "sqs:ReceiveMessage",
                          - "sqs:DeleteMessage",
                        ]
                      - Effect   = "Deny"
                      - Resource = [
                          - "arn:aws:sqs:us-east-1:000000000000:cl-6145db-events",
                          - "arn:aws:sqs:us-east-1:000000000000:cl-6145db-dlq",
                        ]
                    },
                  - {
                      - Action   = [
                          - "dynamodb:GetItem",
                          - "dynamodb:PutItem",
                          - "dynamodb:UpdateItem",
                          - "dynamodb:DeleteItem",
                          - "dynamodb:Query",
                        ]
                      - Effect   = "Deny"
                      - Resource = [
                          - "arn:aws:dynamodb:us-east-1:000000000000:table/cl-6145db-projections",
                          - "arn:aws:dynamodb:us-east-1:000000000000:table/cl-6145db-projections/index/AccountIndex",
                        ]
                    },
                  - {
                      - Action   = [
                          - "s3:GetObject",
                          - "s3:PutObject",
                          - "s3:DeleteObject",
                          - "s3:ListBucket",
                        ]
                      - Effect   = "Deny"
                      - Resource = [
                          - "arn:aws:s3:::cl-6145db-audit",
                          - "arn:aws:s3:::cl-6145db-audit/*",
                        ]
                    },
                  - {
                      - Action   = [
                          - "lambda:InvokeFunction",
                        ]
                      - Effect   = "Allow"
                      - Resource = [
                          - "arn:aws:lambda:us-east-1:000000000000:function:cl-6145db-relay",
                          - "arn:aws:lambda:us-east-1:000000000000:function:cl-6145db-archiver",
                        ]
                    },
                  - {
                      - Action   = [
                          - "lambda:InvokeFunction",
                        ]
                      - Effect   = "Deny"
                      - Resource = [
                          - "arn:aws:lambda:us-east-1:000000000000:function:cl-6145db-projector",
                        ]
                    },
                ]
              - Version   = "2012-10-17"
            }
        ) -> (known after apply)
        # (2 unchanged attributes hidden)
    }

  # aws_lambda_event_source_mapping.projector will be created
  + resource "aws_lambda_event_source_mapping" "projector" {
      + arn                                = (known after apply)
      + batch_size                         = 5
      + enabled                            = true
      + event_source_arn                   = (known after apply)
      + function_arn                       = (known after apply)
      + function_name                      = "arn:aws:lambda:us-east-1:000000000000:function:cl-6145db-projector"
      + function_response_types            = [
          + "ReportBatchItemFailures",
        ]
      + id                                 = (known after apply)
      + last_modified                      = (known after apply)
      + last_processing_result             = (known after apply)
      + maximum_batching_window_in_seconds = 0
      + maximum_record_age_in_seconds      = (known after apply)
      + maximum_retry_attempts             = (known after apply)
      + parallelization_factor             = (known after apply)
      + region                             = "us-east-1"
      + state                              = (known after apply)
      + state_transition_reason            = (known after apply)
      + tags_all                           = {
          + "ClearLedgerDeployment" = "cl-6145db"
        }
      + uuid                               = (known after apply)

      + amazon_managed_kafka_event_source_config (known after apply)

      + self_managed_kafka_event_source_config (known after apply)
    }

  # aws_lambda_function.worker["relay"] will be updated in-place
  ~ resource "aws_lambda_function" "worker" {
        id                             = "cl-6145db-relay"
        tags                           = {}
        # (31 unchanged attributes hidden)

      ~ environment {
          ~ variables = {
              - "AWS_ACCESS_KEY_ID"     = "test"
              - "AWS_DEFAULT_REGION"    = "us-east-1"
              - "AWS_ENDPOINT_URL"      = "http://aws:4566"
              - "AWS_REGION"            = "us-east-1"
              - "AWS_SECRET_ACCESS_KEY" = "test"
              - "CLOUDWATCH_LOG_GROUP"  = "/clearledger/cl-6145db/outbox-relay"
              - "DATABASE_URL"          = "postgres://clearledger:Clcfb0dad964%21@aws:7001/clearledger"
              - "OUTBOX_BATCH_SIZE"     = "50"
              - "SQS_QUEUE_URL"         = "http://aws:4566/000000000000/cl-6145db-events"
            } -> (known after apply)
        }

        # (4 unchanged blocks hidden)
    }

  # aws_security_group.ecs will be updated in-place
  ~ resource "aws_security_group" "ecs" {
        id                     = "sg-609542abbdd6241bf"
      ~ ingress                = [
          - {
              - cidr_blocks      = [
                  - "0.0.0.0/0",
                ]
              - from_port        = 8080
              - ipv6_cidr_blocks = []
              - prefix_list_ids  = []
              - protocol         = "tcp"
              - security_groups  = []
              - self             = false
              - to_port          = 8080
                # (1 unchanged attribute hidden)
            },
          - {
              - cidr_blocks      = []
              - from_port        = 8080
              - ipv6_cidr_blocks = []
              - prefix_list_ids  = []
              - protocol         = "tcp"
              - security_groups  = [
                  - "sg-0a13effa1e8bd753e",
                ]
              - self             = false
              - to_port          = 8080
                # (1 unchanged attribute hidden)
            },
          + {
              + cidr_blocks      = []
              + from_port        = 8080
              + ipv6_cidr_blocks = []
              + prefix_list_ids  = []
              + protocol         = "tcp"
              + security_groups  = [
                  + "sg-0a13effa1e8bd753e",
                ]
              + self             = false
              + to_port          = 8080
            },
        ]
        name                   = "cl-6145db-ecs"
        tags                   = {}
        # (9 unchanged attributes hidden)
    }

  # aws_sqs_queue.main will be created
  + resource "aws_sqs_queue" "main" {
      + arn                               = (known after apply)
      + content_based_deduplication       = false
      + deduplication_scope               = (known after apply)
      + delay_seconds                     = 0
      + fifo_queue                        = false
      + fifo_throughput_limit             = (known after apply)
      + id                                = (known after apply)
      + kms_data_key_reuse_period_seconds = (known after apply)
      + kms_master_key_id                 = "arn:aws:kms:us-east-1:000000000000:key/a0457d1e-921b-47bb-a434-a7fe00507f6a"
      + max_message_size                  = 262144
      + message_retention_seconds         = 172800
      + name                              = "cl-6145db-events"
      + name_prefix                       = (known after apply)
      + policy                            = (known after apply)
      + receive_wait_time_seconds         = 2
      + redrive_allow_policy              = (known after apply)
      + redrive_policy                    = jsonencode(
            {
              + deadLetterTargetArn = "arn:aws:sqs:us-east-1:000000000000:cl-6145db-dlq"
              + maxReceiveCount     = 4
            }
        )
      + region                            = "us-east-1"
      + sqs_managed_sse_enabled           = (known after apply)
      + tags_all                          = {
          + "ClearLedgerDeployment" = "cl-6145db"
        }
      + url                               = (known after apply)
      + visibility_timeout_seconds        = 3
    }

  # aws_sqs_queue_policy.main will be created
  + resource "aws_sqs_queue_policy" "main" {
      + id        = (known after apply)
      + policy    = (known after apply)
      + queue_url = (known after apply)
      + region    = "us-east-1"
    }

Plan: 4 to add, 11 to change, 1 to destroy.

Changes to Outputs:
  ~ manifest = (sensitive value)

Warning: Argument is deprecated

  with aws_dynamodb_table.main,
  on main.tf line 192, in resource "aws_dynamodb_table" "main":
 192: resource "aws_dynamodb_table" "main" {

range_key is deprecated. Use key_schema instead.

(and 3 more similar warnings elsewhere)
aws_sqs_queue.main: Creating...
aws_security_group.ecs: Modifying... [id=sg-609542abbdd6241bf]
aws_elasticache_replication_group.main: Modifying... [id=cl-6145db-cache]
aws_db_instance.main: Modifying... [id=db-8489609DD31E4F029C5CC173]
aws_security_group.ecs: Modifications complete after 0s [id=sg-609542abbdd6241bf]
aws_db_instance.main: Modifications complete after 0s [id=db-8489609DD31E4F029C5CC173]
aws_elasticache_replication_group.main: Modifications complete after 0s [id=cl-6145db-cache]
aws_sqs_queue.main: Still creating... [10s elapsed]
aws_sqs_queue.main: Still creating... [20s elapsed]
aws_sqs_queue.main: Creation complete after 25s [id=http://aws:4566/000000000000/cl-6145db-events]
aws_sqs_queue_policy.main: Creating...
aws_ecs_task_definition.api: Creating...
aws_ecs_task_definition.api: Creation complete after 0s [id=cl-6145db-api]
aws_lambda_event_source_mapping.projector: Creating...
aws_lambda_event_source_mapping.projector: Creation complete after 0s [id=14f61831-7013-4bba-b533-2147781d3f62]
aws_ecs_service.api: Modifying... [id=arn:aws:ecs:us-east-1:000000000000:service/cl-6145db-cluster/cl-6145db-api]
aws_ecs_service.api: Modifications complete after 0s [id=arn:aws:ecs:us-east-1:000000000000:service/cl-6145db-cluster/cl-6145db-api]
aws_ecs_task_definition.api (deposed object acaf7abc): Destroying... [id=cl-6145db-api]
aws_ecs_task_definition.api: Destruction complete after 0s
aws_sqs_queue_policy.main: Still creating... [10s elapsed]
aws_sqs_queue_policy.main: Still creating... [20s elapsed]
aws_sqs_queue_policy.main: Creation complete after 25s [id=http://aws:4566/000000000000/cl-6145db-events]

Apply complete! Resources: 4 added, 4 changed, 1 destroyed.

Outputs:

manifest = <sensitive>
Initializing the backend...
Initializing provider plugins...
- Reusing previous version of hashicorp/aws from the dependency lock file
- Using previously-installed hashicorp/aws v6.51.0

Terraform has been successfully initialized!
aws_cloudwatch_log_group.log["projector"]: Refreshing state... [id=/clearledger/cl-6145db/projector]
aws_cloudwatch_log_group.log["relay"]: Refreshing state... [id=/clearledger/cl-6145db/outbox-relay]
aws_cloudwatch_log_group.log["archiver"]: Refreshing state... [id=/clearledger/cl-6145db/audit-archiver]
aws_vpc.main: Refreshing state... [id=vpc-d9356ffb]
aws_ecs_cluster.main: Refreshing state... [id=arn:aws:ecs:us-east-1:000000000000:cluster/cl-6145db-cluster]
aws_iam_role.role["projector"]: Refreshing state... [id=cl-6145db-projector]
aws_cloudwatch_log_group.log["api"]: Refreshing state... [id=/clearledger/cl-6145db/api]
aws_s3_bucket.audit: Refreshing state... [id=cl-6145db-audit]
aws_iam_role.role["archiver"]: Refreshing state... [id=cl-6145db-archiver]
aws_cognito_user_pool.main: Refreshing state... [id=us-east-1_890d37ca5]
aws_iam_role.role["relay"]: Refreshing state... [id=cl-6145db-relay]
aws_iam_role.role["ecs_execution"]: Refreshing state... [id=cl-6145db-ecs_execution]
aws_iam_role.role["scheduler"]: Refreshing state... [id=cl-6145db-scheduler]
aws_iam_role.role["ecs_task"]: Refreshing state... [id=cl-6145db-ecs_task]
aws_internet_gateway.main: Refreshing state... [id=igw-908f0e04]
aws_route_table.private: Refreshing state... [id=rtb-e8dee760]
aws_security_group.alb: Refreshing state... [id=sg-0a13effa1e8bd753e]
aws_subnet.private[0]: Refreshing state... [id=subnet-10df9b0e]
aws_lb_target_group.main: Refreshing state... [id=arn:aws:elasticloadbalancing:us-east-1:000000000000:targetgroup/cl-6145db-api/0f6ec5752c5a4bba]
aws_subnet.public[0]: Refreshing state... [id=subnet-a8f4e264]
aws_security_group.store["rds"]: Refreshing state... [id=sg-ecf11d13eca577484]
aws_security_group.store["valkey"]: Refreshing state... [id=sg-9a0cb5e5daa87a219]
aws_subnet.public[1]: Refreshing state... [id=subnet-486079f4]
aws_subnet.private[1]: Refreshing state... [id=subnet-802d7400]
aws_cognito_resource_server.main: Refreshing state... [id=us-east-1_890d37ca5|clearledger]
aws_route_table.public: Refreshing state... [id=rtb-4d5d2e30]
aws_kms_key.key["projection"]: Refreshing state... [id=dc93151b-e3e2-4bea-827b-ca4a1081f429]
aws_kms_key.key["audit"]: Refreshing state... [id=f9b78db2-aa0e-48e4-98ef-4615c5c93e3d]
aws_kms_key.key["messaging"]: Refreshing state... [id=a0457d1e-921b-47bb-a434-a7fe00507f6a]
aws_kms_key.key["database"]: Refreshing state... [id=f7a87d45-8657-480b-9a40-6f52ea138f6d]
aws_s3_bucket_versioning.audit: Refreshing state... [id=cl-6145db-audit]
aws_s3_bucket_policy.audit: Refreshing state... [id=cl-6145db-audit]
aws_s3_bucket_public_access_block.audit: Refreshing state... [id=cl-6145db-audit]
aws_db_subnet_group.main: Refreshing state... [id=cl-6145db-database]
aws_security_group.ecs: Refreshing state... [id=sg-609542abbdd6241bf]
aws_lb.main: Refreshing state... [id=arn:aws:elasticloadbalancing:us-east-1:000000000000:loadbalancer/app/cl-6145db-alb/83abff57313d4c94]
aws_elasticache_subnet_group.main: Refreshing state... [id=cl-6145db-cache]
aws_route_table_association.private[0]: Refreshing state... [id=rtbassoc-c4210244]
aws_route_table_association.private[1]: Refreshing state... [id=rtbassoc-a63ffc36]
aws_cognito_user_pool_client.client["read"]: Refreshing state... [id=124b92eeff81487a8f030ca0db]
aws_cognito_user_pool_client.client["write"]: Refreshing state... [id=87c1c7acecfe42539270f922d6]
aws_cognito_user_pool_client.client["admin"]: Refreshing state... [id=7133520a1d4e4a2aaf31f16ec3]
aws_route_table_association.public[0]: Refreshing state... [id=rtbassoc-862969f7]
aws_elasticache_replication_group.main: Refreshing state... [id=cl-6145db-cache]
aws_route_table_association.public[1]: Refreshing state... [id=rtbassoc-dc0ebf0c]
aws_kms_alias.key["messaging"]: Refreshing state... [id=alias/cl-6145db-messaging]
aws_dynamodb_table.main: Refreshing state... [id=cl-6145db-projections]
aws_kms_alias.key["audit"]: Refreshing state... [id=alias/cl-6145db-audit]
aws_kms_alias.key["database"]: Refreshing state... [id=alias/cl-6145db-database]
aws_kms_alias.key["projection"]: Refreshing state... [id=alias/cl-6145db-projection]
aws_db_instance.main: Refreshing state... [id=db-8489609DD31E4F029C5CC173]
aws_sqs_queue.dlq: Refreshing state... [id=http://aws:4566/000000000000/cl-6145db-dlq]
aws_s3_bucket_server_side_encryption_configuration.audit: Refreshing state... [id=cl-6145db-audit]
aws_lb_listener.main: Refreshing state... [id=arn:aws:elasticloadbalancing:us-east-1:000000000000:listener/app/cl-6145db-alb/83abff57313d4c94/3024b8e6b1a641a3]
aws_sqs_queue_policy.dlq: Refreshing state... [id=http://aws:4566/000000000000/cl-6145db-dlq]
aws_sqs_queue.main: Refreshing state... [id=http://aws:4566/000000000000/cl-6145db-events]
aws_ecs_task_definition.api: Refreshing state... [id=cl-6145db-api]
aws_sqs_queue_policy.main: Refreshing state... [id=http://aws:4566/000000000000/cl-6145db-events]
aws_iam_role_policy.canonical["scheduler"]: Refreshing state... [id=cl-6145db-scheduler:cl-6145db-canonical]
aws_iam_role_policy.canonical["ecs_execution"]: Refreshing state... [id=cl-6145db-ecs_execution:cl-6145db-canonical]
aws_iam_role_policy.canonical["ecs_task"]: Refreshing state... [id=cl-6145db-ecs_task:cl-6145db-canonical]
aws_iam_role_policy.canonical["relay"]: Refreshing state... [id=cl-6145db-relay:cl-6145db-canonical]
aws_iam_role_policy.canonical["projector"]: Refreshing state... [id=cl-6145db-projector:cl-6145db-canonical]
aws_iam_role_policy.canonical["archiver"]: Refreshing state... [id=cl-6145db-archiver:cl-6145db-canonical]
aws_lambda_function.worker["relay"]: Refreshing state... [id=cl-6145db-relay]
aws_ecs_service.api: Refreshing state... [id=arn:aws:ecs:us-east-1:000000000000:service/cl-6145db-cluster/cl-6145db-api]
aws_lambda_function.worker["archiver"]: Refreshing state... [id=cl-6145db-archiver]
aws_lambda_function.worker["projector"]: Refreshing state... [id=cl-6145db-projector]
aws_lambda_event_source_mapping.projector: Refreshing state... [id=14f61831-7013-4bba-b533-2147781d3f62]
aws_scheduler_schedule.worker["archiver"]: Refreshing state... [id=default/cl-6145db-archiver]
aws_scheduler_schedule.worker["relay"]: Refreshing state... [id=default/cl-6145db-relay]

Terraform used the selected providers to generate the following execution
plan. Resource actions are indicated with the following symbols:
  - destroy

Terraform will perform the following actions:

  # aws_cloudwatch_log_group.log["api"] will be destroyed
  - resource "aws_cloudwatch_log_group" "log" {
      - arn                         = "arn:aws:logs:us-east-1:000000000000:log-group:/clearledger/cl-6145db/api" -> null
      - deletion_protection_enabled = false -> null
      - id                          = "/clearledger/cl-6145db/api" -> null
      - name                        = "/clearledger/cl-6145db/api" -> null
      - region                      = "us-east-1" -> null
      - retention_in_days           = 14 -> null
      - skip_destroy                = false -> null
      - tags                        = {} -> null
      - tags_all                    = {
          - "ClearLedgerDeployment" = "cl-6145db"
        } -> null
        # (3 unchanged attributes hidden)
    }

  # aws_cloudwatch_log_group.log["archiver"] will be destroyed
  - resource "aws_cloudwatch_log_group" "log" {
      - arn                         = "arn:aws:logs:us-east-1:000000000000:log-group:/clearledger/cl-6145db/audit-archiver" -> null
      - deletion_protection_enabled = false -> null
      - id                          = "/clearledger/cl-6145db/audit-archiver" -> null
      - name                        = "/clearledger/cl-6145db/audit-archiver" -> null
      - region                      = "us-east-1" -> null
      - retention_in_days           = 14 -> null
      - skip_destroy                = false -> null
      - tags                        = {} -> null
      - tags_all                    = {
          - "ClearLedgerDeployment" = "cl-6145db"
        } -> null
        # (3 unchanged attributes hidden)
    }

  # aws_cloudwatch_log_group.log["projector"] will be destroyed
  - resource "aws_cloudwatch_log_group" "log" {
      - arn                         = "arn:aws:logs:us-east-1:000000000000:log-group:/clearledger/cl-6145db/projector" -> null
      - deletion_protection_enabled = false -> null
      - id                          = "/clearledger/cl-6145db/projector" -> null
      - name                        = "/clearledger/cl-6145db/projector" -> null
      - region                      = "us-east-1" -> null
      - retention_in_days           = 14 -> null
      - skip_destroy                = false -> null
      - tags                        = {} -> null
      - tags_all                    = {
          - "ClearLedgerDeployment" = "cl-6145db"
        } -> null
        # (3 unchanged attributes hidden)
    }

  # aws_cloudwatch_log_group.log["relay"] will be destroyed
  - resource "aws_cloudwatch_log_group" "log" {
      - arn                         = "arn:aws:logs:us-east-1:000000000000:log-group:/clearledger/cl-6145db/outbox-relay" -> null
      - deletion_protection_enabled = false -> null
      - id                          = "/clearledger/cl-6145db/outbox-relay" -> null
      - name                        = "/clearledger/cl-6145db/outbox-relay" -> null
      - region                      = "us-east-1" -> null
      - retention_in_days           = 14 -> null
      - skip_destroy                = false -> null
      - tags                        = {} -> null
      - tags_all                    = {
          - "ClearLedgerDeployment" = "cl-6145db"
        } -> null
        # (3 unchanged attributes hidden)
    }

  # aws_cognito_resource_server.main will be destroyed
  - resource "aws_cognito_resource_server" "main" {
      - id                = "us-east-1_890d37ca5|clearledger" -> null
      - identifier        = "clearledger" -> null
      - name              = "cl-6145db-scopes" -> null
      - region            = "us-east-1" -> null
      - scope_identifiers = [
          - "clearledger/write",
          - "clearledger/read",
          - "clearledger/admin",
        ] -> null
      - user_pool_id      = "us-east-1_890d37ca5" -> null

      - scope {
          - scope_description = "ClearLedger admin" -> null
          - scope_name        = "admin" -> null
        }
      - scope {
          - scope_description = "ClearLedger read" -> null
          - scope_name        = "read" -> null
        }
      - scope {
          - scope_description = "ClearLedger write" -> null
          - scope_name        = "write" -> null
        }
    }

  # aws_cognito_user_pool.main will be destroyed
  - resource "aws_cognito_user_pool" "main" {
      - alias_attributes           = [] -> null
      - arn                        = "arn:aws:cognito-idp:us-east-1:000000000000:userpool/us-east-1_890d37ca5" -> null
      - auto_verified_attributes   = [] -> null
      - creation_date              = "2026-10-10T19:03:01Z" -> null
      - deletion_protection        = "INACTIVE" -> null
      - endpoint                   = "cognito-idp.us-east-1.amazonaws.com/us-east-1_890d37ca5" -> null
      - estimated_number_of_users  = 0 -> null
      - id                         = "us-east-1_890d37ca5" -> null
      - last_modified_date         = "2026-10-10T19:03:01Z" -> null
      - mfa_configuration          = "OFF" -> null
      - name                       = "cl-6145db-auth" -> null
      - region                     = "us-east-1" -> null
      - tags                       = {} -> null
      - tags_all                   = {
          - "ClearLedgerDeployment" = "cl-6145db"
        } -> null
      - user_pool_tier             = "ESSENTIALS" -> null
      - username_attributes        = [] -> null
        # (6 unchanged attributes hidden)

      - admin_create_user_config {
          - allow_admin_create_user_only = false -> null
        }

      - email_configuration {
          - email_sending_account  = "COGNITO_DEFAULT" -> null
            # (4 unchanged attributes hidden)
        }

      - sms_configuration {}

      - username_configuration {
          - case_sensitive = false -> null
        }

      - verification_message_template {
            # (6 unchanged attributes hidden)
        }
    }

  # aws_cognito_user_pool_client.client["admin"] will be destroyed
  - resource "aws_cognito_user_pool_client" "client" {
      - access_token_validity                = 0 -> null
      - allowed_oauth_flows                  = [
          - "client_credentials",
        ] -> null
      - allowed_oauth_flows_user_pool_client = true -> null
      - allowed_oauth_scopes                 = [
          - "clearledger/admin",
        ] -> null
      - callback_urls                        = [] -> null
      - client_secret                        = (sensitive value) -> null
      - enable_token_revocation              = true -> null
      - explicit_auth_flows                  = [] -> null
      - generate_secret                      = true -> null
      - id                                   = "7133520a1d4e4a2aaf31f16ec3" -> null
      - id_token_validity                    = 0 -> null
      - logout_urls                          = [] -> null
      - name                                 = "cl-6145db-admin" -> null
      - read_attributes                      = [] -> null
      - refresh_token_validity               = 0 -> null
      - region                               = "us-east-1" -> null
      - supported_identity_providers         = [
          - "COGNITO",
        ] -> null
      - user_pool_id                         = "us-east-1_890d37ca5" -> null
      - write_attributes                     = [] -> null
        # (2 unchanged attributes hidden)
    }

  # aws_cognito_user_pool_client.client["read"] will be destroyed
  - resource "aws_cognito_user_pool_client" "client" {
      - access_token_validity                = 0 -> null
      - allowed_oauth_flows                  = [
          - "client_credentials",
        ] -> null
      - allowed_oauth_flows_user_pool_client = true -> null
      - allowed_oauth_scopes                 = [
          - "clearledger/read",
        ] -> null
      - callback_urls                        = [] -> null
      - client_secret                        = (sensitive value) -> null
      - enable_token_revocation              = true -> null
      - explicit_auth_flows                  = [] -> null
      - generate_secret                      = true -> null
      - id                                   = "124b92eeff81487a8f030ca0db" -> null
      - id_token_validity                    = 0 -> null
      - logout_urls                          = [] -> null
      - name                                 = "cl-6145db-read" -> null
      - read_attributes                      = [] -> null
      - refresh_token_validity               = 0 -> null
      - region                               = "us-east-1" -> null
      - supported_identity_providers         = [
          - "COGNITO",
        ] -> null
      - user_pool_id                         = "us-east-1_890d37ca5" -> null
      - write_attributes                     = [] -> null
        # (2 unchanged attributes hidden)
    }

  # aws_cognito_user_pool_client.client["write"] will be destroyed
  - resource "aws_cognito_user_pool_client" "client" {
      - access_token_validity                = 0 -> null
      - allowed_oauth_flows                  = [
          - "client_credentials",
        ] -> null
      - allowed_oauth_flows_user_pool_client = true -> null
      - allowed_oauth_scopes                 = [
          - "clearledger/write",
        ] -> null
      - callback_urls                        = [] -> null
      - client_secret                        = (sensitive value) -> null
      - enable_token_revocation              = true -> null
      - explicit_auth_flows                  = [] -> null
      - generate_secret                      = true -> null
      - id                                   = "87c1c7acecfe42539270f922d6" -> null
      - id_token_validity                    = 0 -> null
      - logout_urls                          = [] -> null
      - name                                 = "cl-6145db-write" -> null
      - read_attributes                      = [] -> null
      - refresh_token_validity               = 0 -> null
      - region                               = "us-east-1" -> null
      - supported_identity_providers         = [
          - "COGNITO",
        ] -> null
      - user_pool_id                         = "us-east-1_890d37ca5" -> null
      - write_attributes                     = [] -> null
        # (2 unchanged attributes hidden)
    }

  # aws_db_instance.main will be destroyed
  - resource "aws_db_instance" "main" {
      - address                               = "aws" -> null
      - allocated_storage                     = 20 -> null
      - apply_immediately                     = true -> null
      - arn                                   = "arn:aws:rds:us-east-1:000000000000:db:cl-6145db-database" -> null
      - auto_minor_version_upgrade            = true -> null
      - availability_zone                     = "us-east-1b" -> null
      - backup_retention_period               = 7 -> null
      - backup_window                         = "04:00-06:00" -> null
      - copy_tags_to_snapshot                 = false -> null
      - customer_owned_ip_enabled             = false -> null
      - db_name                               = "clearledger" -> null
      - db_subnet_group_name                  = "cl-6145db-database" -> null
      - dedicated_log_volume                  = false -> null
      - delete_automated_backups              = true -> null
      - deletion_protection                   = false -> null
      - domain_dns_ips                        = [] -> null
      - enabled_cloudwatch_logs_exports       = [] -> null
      - endpoint                              = "aws:7001" -> null
      - engine                                = "postgres" -> null
      - engine_version                        = "16.3" -> null
      - engine_version_actual                 = "16.3" -> null
      - iam_database_authentication_enabled   = false -> null
      - id                                    = "db-8489609DD31E4F029C5CC173" -> null
      - identifier                            = "cl-6145db-database" -> null
      - instance_class                        = "db.t4g.micro" -> null
      - iops                                  = 0 -> null
      - kms_key_id                            = "arn:aws:kms:us-east-1:000000000000:key/f7a87d45-8657-480b-9a40-6f52ea138f6d" -> null
      - listener_endpoint                     = [] -> null
      - maintenance_window                    = "mon:00:00-mon:03:00" -> null
      - master_user_secret                    = [] -> null
      - max_allocated_storage                 = 0 -> null
      - monitoring_interval                   = 0 -> null
      - multi_az                              = false -> null
      - option_group_name                     = "default:postgres-16" -> null
      - parameter_group_name                  = "default.postgres16" -> null
      - password                              = (sensitive value) -> null
      - performance_insights_enabled          = false -> null
      - performance_insights_retention_period = 0 -> null
      - port                                  = 7001 -> null
      - publicly_accessible                   = false -> null
      - region                                = "us-east-1" -> null
      - replicas                              = [] -> null
      - resource_id                           = "db-8489609DD31E4F029C5CC173" -> null
      - skip_final_snapshot                   = true -> null
      - status                                = "available" -> null
      - storage_encrypted                     = true -> null
      - storage_throughput                    = 0 -> null
      - storage_type                          = "gp2" -> null
      - tags                                  = {} -> null
      - tags_all                              = {
          - "ClearLedgerDeployment" = "cl-6145db"
        } -> null
      - username                              = "clearledger" -> null
      - vpc_security_group_ids                = [
          - "sg-ecf11d13eca577484",
        ] -> null
        # (23 unchanged attributes hidden)
    }

  # aws_db_subnet_group.main will be destroyed
  - resource "aws_db_subnet_group" "main" {
      - arn                     = "arn:aws:rds:us-east-1:000000000000:subgrp:cl-6145db-database" -> null
      - description             = "Managed by Terraform" -> null
      - id                      = "cl-6145db-database" -> null
      - name                    = "cl-6145db-database" -> null
      - region                  = "us-east-1" -> null
      - subnet_ids              = [
          - "subnet-10df9b0e",
          - "subnet-802d7400",
        ] -> null
      - supported_network_types = [] -> null
      - tags                    = {} -> null
      - tags_all                = {
          - "ClearLedgerDeployment" = "cl-6145db"
        } -> null
      - vpc_id                  = "vpc-d9356ffb" -> null
        # (1 unchanged attribute hidden)
    }

  # aws_dynamodb_table.main will be destroyed
  - resource "aws_dynamodb_table" "main" {
      - arn                         = "arn:aws:dynamodb:us-east-1:000000000000:table/cl-6145db-projections" -> null
      - billing_mode                = "PAY_PER_REQUEST" -> null
      - deletion_protection_enabled = false -> null
      - hash_key                    = "PK" -> null
      - id                          = "cl-6145db-projections" -> null
      - name                        = "cl-6145db-projections" -> null
      - range_key                   = "SK" -> null
      - read_capacity               = 0 -> null
      - region                      = "us-east-1" -> null
      - stream_enabled              = false -> null
      - table_class                 = "STANDARD" -> null
      - tags                        = {} -> null
      - tags_all                    = {
          - "ClearLedgerDeployment" = "cl-6145db"
        } -> null
      - write_capacity              = 0 -> null
        # (3 unchanged attributes hidden)

      - attribute {
          - name = "GSI1PK" -> null
          - type = "S" -> null
        }
      - attribute {
          - name = "GSI1SK" -> null
          - type = "S" -> null
        }
      - attribute {
          - name = "PK" -> null
          - type = "S" -> null
        }
      - attribute {
          - name = "SK" -> null
          - type = "S" -> null
        }

      - global_secondary_index {
          - hash_key           = "GSI1PK" -> null
          - name               = "AccountIndex" -> null
          - non_key_attributes = [] -> null
          - projection_type    = "ALL" -> null
          - range_key          = "GSI1SK" -> null
          - read_capacity      = 0 -> null
          - write_capacity     = 0 -> null

          - key_schema {
              - attribute_name = "GSI1PK" -> null
              - key_type       = "HASH" -> null
            }
          - key_schema {
              - attribute_name = "GSI1SK" -> null
              - key_type       = "RANGE" -> null
            }
        }

      - point_in_time_recovery {
          - enabled                 = true -> null
          - recovery_period_in_days = 35 -> null
        }

      - server_side_encryption {
          - enabled     = true -> null
          - kms_key_arn = "arn:aws:kms:us-east-1:000000000000:key/dc93151b-e3e2-4bea-827b-ca4a1081f429" -> null
        }

      - ttl {
          - enabled        = false -> null
            # (1 unchanged attribute hidden)
        }
    }

  # aws_ecs_cluster.main will be destroyed
  - resource "aws_ecs_cluster" "main" {
      - arn      = "arn:aws:ecs:us-east-1:000000000000:cluster/cl-6145db-cluster" -> null
      - id       = "arn:aws:ecs:us-east-1:000000000000:cluster/cl-6145db-cluster" -> null
      - name     = "cl-6145db-cluster" -> null
      - region   = "us-east-1" -> null
      - tags     = {} -> null
      - tags_all = {
          - "ClearLedgerDeployment" = "cl-6145db"
        } -> null

      - setting {
          - name  = "containerInsights" -> null
          - value = "enabled" -> null
        }
    }

  # aws_ecs_service.api will be destroyed
  - resource "aws_ecs_service" "api" {
      - arn                                = "arn:aws:ecs:us-east-1:000000000000:service/cl-6145db-cluster/cl-6145db-api" -> null
      - availability_zone_rebalancing      = "ENABLED" -> null
      - cluster                            = "arn:aws:ecs:us-east-1:000000000000:cluster/cl-6145db-cluster" -> null
      - deployment_maximum_percent         = 200 -> null
      - deployment_minimum_healthy_percent = 100 -> null
      - desired_count                      = 2 -> null
      - enable_ecs_managed_tags            = false -> null
      - enable_execute_command             = false -> null
      - health_check_grace_period_seconds  = 0 -> null
      - id                                 = "arn:aws:ecs:us-east-1:000000000000:service/cl-6145db-cluster/cl-6145db-api" -> null
      - launch_type                        = "FARGATE" -> null
      - name                               = "cl-6145db-api" -> null
      - region                             = "us-east-1" -> null
      - scheduling_strategy                = "REPLICA" -> null
      - tags                               = {} -> null
      - tags_all                           = {
          - "ClearLedgerDeployment" = "cl-6145db"
        } -> null
      - task_definition                    = "arn:aws:ecs:us-east-1:000000000000:task-definition/cl-6145db-api:2" -> null
      - triggers                           = {} -> null
      - wait_for_steady_state              = false -> null
        # (2 unchanged attributes hidden)

      - deployment_controller {
          - type = "ECS" -> null
        }

      - load_balancer {
          - container_name   = "api" -> null
          - container_port   = 8080 -> null
          - target_group_arn = "arn:aws:elasticloadbalancing:us-east-1:000000000000:targetgroup/cl-6145db-api/0f6ec5752c5a4bba" -> null
            # (1 unchanged attribute hidden)
        }

      - network_configuration {
          - assign_public_ip = false -> null
          - security_groups  = [
              - "sg-609542abbdd6241bf",
            ] -> null
          - subnets          = [
              - "subnet-10df9b0e",
              - "subnet-802d7400",
            ] -> null
        }
    }

  # aws_ecs_task_definition.api will be destroyed
  - resource "aws_ecs_task_definition" "api" {
      - arn                      = "arn:aws:ecs:us-east-1:000000000000:task-definition/cl-6145db-api:2" -> null
      - arn_without_revision     = "arn:aws:ecs:us-east-1:000000000000:task-definition/cl-6145db-api" -> null
      - container_definitions    = jsonencode(
            [
              - {
                  - environment      = [
                      - {
                          - name  = "AUTH_AUDIENCES"
                          - value = "124b92eeff81487a8f030ca0db,87c1c7acecfe42539270f922d6,7133520a1d4e4a2aaf31f16ec3"
                        },
                      - {
                          - name  = "AUTH_ISSUER"
                          - value = "http://aws:4566/us-east-1_890d37ca5"
                        },
                      - {
                          - name  = "AUTH_JWKS_URL"
                          - value = "http://aws:4566/us-east-1_890d37ca5/.well-known/jwks.json"
                        },
                      - {
                          - name  = "AWS_ACCESS_KEY_ID"
                          - value = "test"
                        },
                      - {
                          - name  = "AWS_DEFAULT_REGION"
                          - value = "us-east-1"
                        },
                      - {
                          - name  = "AWS_ENDPOINT_URL"
                          - value = "http://aws:4566"
                        },
                      - {
                          - name  = "AWS_REGION"
                          - value = "us-east-1"
                        },
                      - {
                          - name  = "AWS_SECRET_ACCESS_KEY"
                          - value = "test"
                        },
                      - {
                          - name  = "CACHE_TTL_SECONDS"
                          - value = "90"
                        },
                      - {
                          - name  = "CLOUDWATCH_LOG_GROUP"
                          - value = "/clearledger/cl-6145db/api"
                        },
                      - {
                          - name  = "DATABASE_URL"
                          - value = "postgres://clearledger:Clcfb0dad964%21@aws:7001/clearledger"
                        },
                      - {
                          - name  = "PORT"
                          - value = "8080"
                        },
                      - {
                          - name  = "PROJECTION_TABLE"
                          - value = "cl-6145db-projections"
                        },
                      - {
                          - name  = "SQS_QUEUE_URL"
                          - value = "http://aws:4566/000000000000/cl-6145db-events"
                        },
                      - {
                          - name  = "VALKEY_URL"
                          - value = "redis://aws:6379"
                        },
                    ]
                  - essential        = true
                  - image            = "clearledger/api:1.0.0"
                  - logConfiguration = {
                      - logDriver = "awslogs"
                      - options   = {
                          - awslogs-group         = "/clearledger/cl-6145db/api"
                          - awslogs-region        = "us-east-1"
                          - awslogs-stream-prefix = "api"
                        }
                    }
                  - name             = "api"
                  - portMappings     = [
                      - {
                          - containerPort = 8080
                          - hostPort      = 8080
                          - protocol      = "tcp"
                        },
                    ]
                },
            ]
        ) -> null
      - cpu                      = "256" -> null
      - enable_fault_injection   = false -> null
      - execution_role_arn       = "arn:aws:iam::000000000000:role/cl-6145db-ecs_execution" -> null
      - family                   = "cl-6145db-api" -> null
      - id                       = "cl-6145db-api" -> null
      - memory                   = "512" -> null
      - network_mode             = "awsvpc" -> null
      - region                   = "us-east-1" -> null
      - requires_compatibilities = [
          - "FARGATE",
        ] -> null
      - revision                 = 2 -> null
      - skip_destroy             = false -> null
      - tags                     = {} -> null
      - tags_all                 = {} -> null
      - task_role_arn            = "arn:aws:iam::000000000000:role/cl-6145db-ecs_task" -> null
      - track_latest             = false -> null
        # (2 unchanged attributes hidden)
    }

  # aws_elasticache_replication_group.main will be destroyed
  - resource "aws_elasticache_replication_group" "main" {
      - apply_immediately              = true -> null
      - arn                            = "arn:aws:elasticache:us-east-1:000000000000:replicationgroup:cl-6145db-cache" -> null
      - at_rest_encryption_enabled     = "false" -> null
      - auto_minor_version_upgrade     = "true" -> null
      - automatic_failover_enabled     = false -> null
      - cluster_enabled                = false -> null
      - cluster_mode                   = "disabled" -> null
      - configuration_endpoint_address = "aws" -> null
      - data_tiering_enabled           = false -> null
      - description                    = "cl-6145db projection cache" -> null
      - engine                         = "valkey" -> null
      - engine_version                 = "8.0" -> null
      - engine_version_actual          = "8.0.0" -> null
      - id                             = "cl-6145db-cache" -> null
      - member_clusters                = [
          - "cl-6145db-cache-001",
        ] -> null
      - multi_az_enabled               = false -> null
      - node_type                      = "cache.t4g.micro" -> null
      - num_cache_clusters             = 1 -> null
      - num_node_groups                = 1 -> null
      - port                           = 6379 -> null
      - region                         = "us-east-1" -> null
      - replicas_per_node_group        = 0 -> null
      - replication_group_id           = "cl-6145db-cache" -> null
      - security_group_ids             = [] -> null
      - security_group_names           = [] -> null
      - snapshot_retention_limit       = 0 -> null
      - snapshot_window                = "00:00-01:00" -> null
      - subnet_group_name              = "cl-6145db-cache" -> null
      - tags                           = {} -> null
      - tags_all                       = {
          - "ClearLedgerDeployment" = "cl-6145db"
        } -> null
      - transit_encryption_enabled     = false -> null
      - user_group_ids                 = [] -> null
        # (7 unchanged attributes hidden)

      - node_group_configuration {
          - node_group_id              = "0001" -> null
          - replica_availability_zones = [] -> null
          - replica_count              = 0 -> null
          - replica_outpost_arns       = [] -> null
            # (3 unchanged attributes hidden)
        }
    }

  # aws_elasticache_subnet_group.main will be destroyed
  - resource "aws_elasticache_subnet_group" "main" {
      - arn         = "arn:aws:elasticache:us-east-1:000000000000:subnetgroup:cl-6145db-cache" -> null
      - description = "Managed by Terraform" -> null
      - id          = "cl-6145db-cache" -> null
      - name        = "cl-6145db-cache" -> null
      - region      = "us-east-1" -> null
      - subnet_ids  = [
          - "subnet-10df9b0e",
          - "subnet-802d7400",
        ] -> null
      - tags        = {} -> null
      - tags_all    = {
          - "ClearLedgerDeployment" = "cl-6145db"
        } -> null
      - vpc_id      = "vpc-d9356ffb" -> null
    }

  # aws_iam_role.role["archiver"] will be destroyed
  - resource "aws_iam_role" "role" {
      - arn                   = "arn:aws:iam::000000000000:role/cl-6145db-archiver" -> null
      - assume_role_policy    = jsonencode(
            {
              - Statement = [
                  - {
                      - Action    = "sts:AssumeRole"
                      - Effect    = "Allow"
                      - Principal = {
                          - Service = "lambda.amazonaws.com"
                        }
                    },
                ]
              - Version   = "2012-10-17"
            }
        ) -> null
      - create_date           = "2026-10-10T19:03:01Z" -> null
      - force_detach_policies = false -> null
      - id                    = "cl-6145db-archiver" -> null
      - managed_policy_arns   = [] -> null
      - max_session_duration  = 3600 -> null
      - name                  = "cl-6145db-archiver" -> null
      - path                  = "/" -> null
      - tags                  = {
          - "ClearLedgerRole" = "archiver"
        } -> null
      - tags_all              = {
          - "ClearLedgerDeployment" = "cl-6145db"
          - "ClearLedgerRole"       = "archiver"
        } -> null
      - unique_id             = "AROAWLVB5W7S21AF30FU" -> null
        # (3 unchanged attributes hidden)

      - inline_policy {
          - name   = "cl-6145db-canonical" -> null
          - policy = jsonencode(
                {
                  - Statement = [
                      - {
                          - Action   = [
                              - "kms:DisableKey",
                              - "kms:ScheduleKeyDeletion",
                            ]
                          - Effect   = "Deny"
                          - Resource = [
                              - "arn:aws:kms:us-east-1:000000000000:key/f9b78db2-aa0e-48e4-98ef-4615c5c93e3d",
                              - "arn:aws:kms:us-east-1:000000000000:key/f7a87d45-8657-480b-9a40-6f52ea138f6d",
                              - "arn:aws:kms:us-east-1:000000000000:key/a0457d1e-921b-47bb-a434-a7fe00507f6a",
                              - "arn:aws:kms:us-east-1:000000000000:key/dc93151b-e3e2-4bea-827b-ca4a1081f429",
                            ]
                        },
                      - {
                          - Action   = [
                              - "kms:Decrypt",
                              - "kms:GenerateDataKey",
                            ]
                          - Effect   = "Deny"
                          - Resource = [
                              - "arn:aws:kms:us-east-1:000000000000:key/a0457d1e-921b-47bb-a434-a7fe00507f6a",
                              - "arn:aws:kms:us-east-1:000000000000:key/dc93151b-e3e2-4bea-827b-ca4a1081f429",
                            ]
                        },
                      - {
                          - Action   = [
                              - "logs:CreateLogStream",
                              - "logs:PutLogEvents",
                            ]
                          - Effect   = "Deny"
                          - Resource = [
                              - "arn:aws:logs:us-east-1:000000000000:log-group:/clearledger/cl-6145db/api:*",
                              - "arn:aws:logs:us-east-1:000000000000:log-group:/clearledger/cl-6145db/projector:*",
                              - "arn:aws:logs:us-east-1:000000000000:log-group:/clearledger/cl-6145db/outbox-relay:*",
                            ]
                        },
                      - {
                          - Action   = [
                              - "logs:CreateLogStream",
                              - "logs:PutLogEvents",
                              - "logs:DescribeLogStreams",
                            ]
                          - Effect   = "Allow"
                          - Resource = [
                              - "arn:aws:logs:us-east-1:000000000000:log-group:/clearledger/cl-6145db/audit-archiver:*",
                            ]
                        },
                      - {
                          - Action   = [
                              - "kms:Decrypt",
                              - "kms:GenerateDataKey",
                              - "kms:DescribeKey",
                            ]
                          - Effect   = "Allow"
                          - Resource = [
                              - "arn:aws:kms:us-east-1:000000000000:key/f9b78db2-aa0e-48e4-98ef-4615c5c93e3d",
                              - "arn:aws:kms:us-east-1:000000000000:key/f7a87d45-8657-480b-9a40-6f52ea138f6d",
                            ]
                        },
                      - {
                          - Action   = [
                              - "sqs:SendMessage",
                              - "sqs:ReceiveMessage",
                              - "sqs:DeleteMessage",
                            ]
                          - Effect   = "Deny"
                          - Resource = [
                              - "arn:aws:sqs:us-east-1:000000000000:cl-6145db-events",
                              - "arn:aws:sqs:us-east-1:000000000000:cl-6145db-dlq",
                            ]
                        },
                      - {
                          - Action   = [
                              - "dynamodb:GetItem",
                              - "dynamodb:PutItem",
                              - "dynamodb:UpdateItem",
                              - "dynamodb:DeleteItem",
                              - "dynamodb:Query",
                            ]
                          - Effect   = "Deny"
                          - Resource = [
                              - "arn:aws:dynamodb:us-east-1:000000000000:table/cl-6145db-projections",
                              - "arn:aws:dynamodb:us-east-1:000000000000:table/cl-6145db-projections/index/AccountIndex",
                            ]
                        },
                      - {
                          - Action   = [
                              - "s3:PutObject",
                              - "s3:GetObject",
                              - "s3:AbortMultipartUpload",
                            ]
                          - Effect   = "Allow"
                          - Resource = [
                              - "arn:aws:s3:::cl-6145db-audit/ledger-audit/*",
                            ]
                        },
                      - {
                          - Action   = [
                              - "s3:ListBucket",
                              - "s3:GetBucketLocation",
                            ]
                          - Effect   = "Allow"
                          - Resource = [
                              - "arn:aws:s3:::cl-6145db-audit",
                            ]
                        },
                      - {
                          - Action   = [
                              - "s3:DeleteObject",
                              - "s3:DeleteObjectVersion",
                            ]
                          - Effect   = "Deny"
                          - Resource = [
                              - "arn:aws:s3:::cl-6145db-audit",
                              - "arn:aws:s3:::cl-6145db-audit/*",
                            ]
                        },
                    ]
                  - Version   = "2012-10-17"
                }
            ) -> null
        }
    }

  # aws_iam_role.role["ecs_execution"] will be destroyed
  - resource "aws_iam_role" "role" {
      - arn                   = "arn:aws:iam::000000000000:role/cl-6145db-ecs_execution" -> null
      - assume_role_policy    = jsonencode(
            {
              - Statement = [
                  - {
                      - Action    = "sts:AssumeRole"
                      - Effect    = "Allow"
                      - Principal = {
                          - Service = "ecs-tasks.amazonaws.com"
                        }
                    },
                ]
              - Version   = "2012-10-17"
            }
        ) -> null
      - create_date           = "2026-10-10T19:03:01Z" -> null
      - force_detach_policies = false -> null
      - id                    = "cl-6145db-ecs_execution" -> null
      - managed_policy_arns   = [] -> null
      - max_session_duration  = 3600 -> null
      - name                  = "cl-6145db-ecs_execution" -> null
      - path                  = "/" -> null
      - tags                  = {
          - "ClearLedgerRole" = "ecs_execution"
        } -> null
      - tags_all              = {
          - "ClearLedgerDeployment" = "cl-6145db"
          - "ClearLedgerRole"       = "ecs_execution"
        } -> null
      - unique_id             = "AROAOGVZVBORKS6KSW5A" -> null
        # (3 unchanged attributes hidden)

      - inline_policy {
          - name   = "cl-6145db-canonical" -> null
          - policy = jsonencode(
                {
                  - Statement = [
                      - {
                          - Action   = [
                              - "kms:DisableKey",
                              - "kms:ScheduleKeyDeletion",
                            ]
                          - Effect   = "Deny"
                          - Resource = [
                              - "arn:aws:kms:us-east-1:000000000000:key/f9b78db2-aa0e-48e4-98ef-4615c5c93e3d",
                              - "arn:aws:kms:us-east-1:000000000000:key/f7a87d45-8657-480b-9a40-6f52ea138f6d",
                              - "arn:aws:kms:us-east-1:000000000000:key/a0457d1e-921b-47bb-a434-a7fe00507f6a",
                              - "arn:aws:kms:us-east-1:000000000000:key/dc93151b-e3e2-4bea-827b-ca4a1081f429",
                            ]
                        },
                      - {
                          - Action   = [
                              - "kms:Decrypt",
                              - "kms:GenerateDataKey",
                            ]
                          - Effect   = "Deny"
                          - Resource = [
                              - "arn:aws:kms:us-east-1:000000000000:key/f9b78db2-aa0e-48e4-98ef-4615c5c93e3d",
                              - "arn:aws:kms:us-east-1:000000000000:key/f7a87d45-8657-480b-9a40-6f52ea138f6d",
                              - "arn:aws:kms:us-east-1:000000000000:key/a0457d1e-921b-47bb-a434-a7fe00507f6a",
                              - "arn:aws:kms:us-east-1:000000000000:key/dc93151b-e3e2-4bea-827b-ca4a1081f429",
                            ]
                        },
                      - {
                          - Action   = [
                              - "logs:CreateLogStream",
                              - "logs:PutLogEvents",
                            ]
                          - Effect   = "Deny"
                          - Resource = [
                              - "arn:aws:logs:us-east-1:000000000000:log-group:/clearledger/cl-6145db/audit-archiver:*",
                              - "arn:aws:logs:us-east-1:000000000000:log-group:/clearledger/cl-6145db/projector:*",
                              - "arn:aws:logs:us-east-1:000000000000:log-group:/clearledger/cl-6145db/outbox-relay:*",
                            ]
                        },
                      - {
                          - Action   = [
                              - "logs:CreateLogStream",
                              - "logs:PutLogEvents",
                              - "logs:DescribeLogStreams",
                            ]
                          - Effect   = "Allow"
                          - Resource = [
                              - "arn:aws:logs:us-east-1:000000000000:log-group:/clearledger/cl-6145db/api:*",
                            ]
                        },
                      - {
                          - Action   = [
                              - "sqs:SendMessage",
                              - "sqs:ReceiveMessage",
                              - "sqs:DeleteMessage",
                            ]
                          - Effect   = "Deny"
                          - Resource = [
                              - "arn:aws:sqs:us-east-1:000000000000:cl-6145db-events",
                              - "arn:aws:sqs:us-east-1:000000000000:cl-6145db-dlq",
                            ]
                        },
                      - {
                          - Action   = [
                              - "dynamodb:GetItem",
                              - "dynamodb:PutItem",
                              - "dynamodb:UpdateItem",
                              - "dynamodb:DeleteItem",
                              - "dynamodb:Query",
                            ]
                          - Effect   = "Deny"
                          - Resource = [
                              - "arn:aws:dynamodb:us-east-1:000000000000:table/cl-6145db-projections",
                              - "arn:aws:dynamodb:us-east-1:000000000000:table/cl-6145db-projections/index/AccountIndex",
                            ]
                        },
                      - {
                          - Action   = [
                              - "s3:GetObject",
                              - "s3:PutObject",
                              - "s3:DeleteObject",
                              - "s3:ListBucket",
                            ]
                          - Effect   = "Deny"
                          - Resource = [
                              - "arn:aws:s3:::cl-6145db-audit",
                              - "arn:aws:s3:::cl-6145db-audit/*",
                            ]
                        },
                    ]
                  - Version   = "2012-10-17"
                }
            ) -> null
        }
    }

  # aws_iam_role.role["ecs_task"] will be destroyed
  - resource "aws_iam_role" "role" {
      - arn                   = "arn:aws:iam::000000000000:role/cl-6145db-ecs_task" -> null
      - assume_role_policy    = jsonencode(
            {
              - Statement = [
                  - {
                      - Action    = "sts:AssumeRole"
                      - Effect    = "Allow"
                      - Principal = {
                          - Service = "ecs-tasks.amazonaws.com"
                        }
                    },
                ]
              - Version   = "2012-10-17"
            }
        ) -> null
      - create_date           = "2026-10-10T19:03:01Z" -> null
      - force_detach_policies = false -> null
      - id                    = "cl-6145db-ecs_task" -> null
      - managed_policy_arns   = [] -> null
      - max_session_duration  = 3600 -> null
      - name                  = "cl-6145db-ecs_task" -> null
      - path                  = "/" -> null
      - tags                  = {
          - "ClearLedgerRole" = "ecs_task"
        } -> null
      - tags_all              = {
          - "ClearLedgerDeployment" = "cl-6145db"
          - "ClearLedgerRole"       = "ecs_task"
        } -> null
      - unique_id             = "AROAWJD4PZ65H9Q3JV8J" -> null
        # (3 unchanged attributes hidden)

      - inline_policy {
          - name   = "cl-6145db-canonical" -> null
          - policy = jsonencode(
                {
                  - Statement = [
                      - {
                          - Action   = [
                              - "kms:DisableKey",
                              - "kms:ScheduleKeyDeletion",
                            ]
                          - Effect   = "Deny"
                          - Resource = [
                              - "arn:aws:kms:us-east-1:000000000000:key/f9b78db2-aa0e-48e4-98ef-4615c5c93e3d",
                              - "arn:aws:kms:us-east-1:000000000000:key/f7a87d45-8657-480b-9a40-6f52ea138f6d",
                              - "arn:aws:kms:us-east-1:000000000000:key/a0457d1e-921b-47bb-a434-a7fe00507f6a",
                              - "arn:aws:kms:us-east-1:000000000000:key/dc93151b-e3e2-4bea-827b-ca4a1081f429",
                            ]
                        },
                      - {
                          - Action   = [
                              - "kms:Decrypt",
                              - "kms:GenerateDataKey",
                            ]
                          - Effect   = "Deny"
                          - Resource = [
                              - "arn:aws:kms:us-east-1:000000000000:key/f9b78db2-aa0e-48e4-98ef-4615c5c93e3d",
                              - "arn:aws:kms:us-east-1:000000000000:key/f7a87d45-8657-480b-9a40-6f52ea138f6d",
                            ]
                        },
                      - {
                          - Action   = [
                              - "logs:CreateLogStream",
                              - "logs:PutLogEvents",
                            ]
                          - Effect   = "Deny"
                          - Resource = [
                              - "arn:aws:logs:us-east-1:000000000000:log-group:/clearledger/cl-6145db/audit-archiver:*",
                              - "arn:aws:logs:us-east-1:000000000000:log-group:/clearledger/cl-6145db/projector:*",
                              - "arn:aws:logs:us-east-1:000000000000:log-group:/clearledger/cl-6145db/outbox-relay:*",
                            ]
                        },
                      - {
                          - Action   = [
                              - "logs:CreateLogStream",
                              - "logs:PutLogEvents",
                              - "logs:DescribeLogStreams",
                            ]
                          - Effect   = "Allow"
                          - Resource = [
                              - "arn:aws:logs:us-east-1:000000000000:log-group:/clearledger/cl-6145db/api:*",
                            ]
                        },
                      - {
                          - Action   = [
                              - "kms:Decrypt",
                              - "kms:GenerateDataKey",
                              - "kms:DescribeKey",
                            ]
                          - Effect   = "Allow"
                          - Resource = [
                              - "arn:aws:kms:us-east-1:000000000000:key/a0457d1e-921b-47bb-a434-a7fe00507f6a",
                              - "arn:aws:kms:us-east-1:000000000000:key/dc93151b-e3e2-4bea-827b-ca4a1081f429",
                            ]
                        },
                      - {
                          - Action   = [
                              - "sqs:SendMessage",
                              - "sqs:GetQueueAttributes",
                              - "sqs:GetQueueUrl",
                            ]
                          - Effect   = "Allow"
                          - Resource = [
                              - "arn:aws:sqs:us-east-1:000000000000:cl-6145db-events",
                            ]
                        },
                      - {
                          - Action   = [
                              - "sqs:ReceiveMessage",
                              - "sqs:DeleteMessage",
                            ]
                          - Effect   = "Deny"
                          - Resource = [
                              - "arn:aws:sqs:us-east-1:000000000000:cl-6145db-events",
                            ]
                        },
                      - {
                          - Action   = [
                              - "sqs:SendMessage",
                              - "sqs:ReceiveMessage",
                              - "sqs:DeleteMessage",
                            ]
                          - Effect   = "Deny"
                          - Resource = [
                              - "arn:aws:sqs:us-east-1:000000000000:cl-6145db-dlq",
                            ]
                        },
                      - {
                          - Action   = [
                              - "dynamodb:GetItem",
                              - "dynamodb:Query",
                              - "dynamodb:DescribeTable",
                            ]
                          - Effect   = "Allow"
                          - Resource = [
                              - "arn:aws:dynamodb:us-east-1:000000000000:table/cl-6145db-projections",
                              - "arn:aws:dynamodb:us-east-1:000000000000:table/cl-6145db-projections/index/AccountIndex",
                            ]
                        },
                      - {
                          - Action   = [
                              - "dynamodb:PutItem",
                              - "dynamodb:UpdateItem",
                              - "dynamodb:DeleteItem",
                              - "dynamodb:DeleteTable",
                            ]
                          - Effect   = "Deny"
                          - Resource = [
                              - "arn:aws:dynamodb:us-east-1:000000000000:table/cl-6145db-projections",
                            ]
                        },
                      - {
                          - Action   = [
                              - "s3:GetObject",
                              - "s3:PutObject",
                              - "s3:DeleteObject",
                              - "s3:ListBucket",
                            ]
                          - Effect   = "Deny"
                          - Resource = [
                              - "arn:aws:s3:::cl-6145db-audit",
                              - "arn:aws:s3:::cl-6145db-audit/*",
                            ]
                        },
                    ]
                  - Version   = "2012-10-17"
                }
            ) -> null
        }
    }

  # aws_iam_role.role["projector"] will be destroyed
  - resource "aws_iam_role" "role" {
      - arn                   = "arn:aws:iam::000000000000:role/cl-6145db-projector" -> null
      - assume_role_policy    = jsonencode(
            {
              - Statement = [
                  - {
                      - Action    = "sts:AssumeRole"
                      - Effect    = "Allow"
                      - Principal = {
                          - Service = "lambda.amazonaws.com"
                        }
                    },
                ]
              - Version   = "2012-10-17"
            }
        ) -> null
      - create_date           = "2026-10-10T19:03:01Z" -> null
      - force_detach_policies = false -> null
      - id                    = "cl-6145db-projector" -> null
      - managed_policy_arns   = [] -> null
      - max_session_duration  = 3600 -> null
      - name                  = "cl-6145db-projector" -> null
      - path                  = "/" -> null
      - tags                  = {
          - "ClearLedgerRole" = "projector"
        } -> null
      - tags_all              = {
          - "ClearLedgerDeployment" = "cl-6145db"
          - "ClearLedgerRole"       = "projector"
        } -> null
      - unique_id             = "AROADAO3OMNZJBJKYELA" -> null
        # (3 unchanged attributes hidden)

      - inline_policy {
          - name   = "cl-6145db-canonical" -> null
          - policy = jsonencode(
                {
                  - Statement = [
                      - {
                          - Action   = [
                              - "kms:DisableKey",
                              - "kms:ScheduleKeyDeletion",
                            ]
                          - Effect   = "Deny"
                          - Resource = [
                              - "arn:aws:kms:us-east-1:000000000000:key/f9b78db2-aa0e-48e4-98ef-4615c5c93e3d",
                              - "arn:aws:kms:us-east-1:000000000000:key/f7a87d45-8657-480b-9a40-6f52ea138f6d",
                              - "arn:aws:kms:us-east-1:000000000000:key/a0457d1e-921b-47bb-a434-a7fe00507f6a",
                              - "arn:aws:kms:us-east-1:000000000000:key/dc93151b-e3e2-4bea-827b-ca4a1081f429",
                            ]
                        },
                      - {
                          - Action   = [
                              - "kms:Decrypt",
                              - "kms:GenerateDataKey",
                            ]
                          - Effect   = "Deny"
                          - Resource = [
                              - "arn:aws:kms:us-east-1:000000000000:key/f9b78db2-aa0e-48e4-98ef-4615c5c93e3d",
                              - "arn:aws:kms:us-east-1:000000000000:key/f7a87d45-8657-480b-9a40-6f52ea138f6d",
                            ]
                        },
                      - {
                          - Action   = [
                              - "logs:CreateLogStream",
                              - "logs:PutLogEvents",
                            ]
                          - Effect   = "Deny"
                          - Resource = [
                              - "arn:aws:logs:us-east-1:000000000000:log-group:/clearledger/cl-6145db/api:*",
                              - "arn:aws:logs:us-east-1:000000000000:log-group:/clearledger/cl-6145db/audit-archiver:*",
                              - "arn:aws:logs:us-east-1:000000000000:log-group:/clearledger/cl-6145db/outbox-relay:*",
                            ]
                        },
                      - {
                          - Action   = [
                              - "logs:CreateLogStream",
                              - "logs:PutLogEvents",
                              - "logs:DescribeLogStreams",
                            ]
                          - Effect   = "Allow"
                          - Resource = [
                              - "arn:aws:logs:us-east-1:000000000000:log-group:/clearledger/cl-6145db/projector:*",
                            ]
                        },
                      - {
                          - Action   = [
                              - "kms:Decrypt",
                              - "kms:GenerateDataKey",
                              - "kms:DescribeKey",
                            ]
                          - Effect   = "Allow"
                          - Resource = [
                              - "arn:aws:kms:us-east-1:000000000000:key/a0457d1e-921b-47bb-a434-a7fe00507f6a",
                              - "arn:aws:kms:us-east-1:000000000000:key/dc93151b-e3e2-4bea-827b-ca4a1081f429",
                            ]
                        },
                      - {
                          - Action   = [
                              - "sqs:ReceiveMessage",
                              - "sqs:DeleteMessage",
                              - "sqs:GetQueueAttributes",
                              - "sqs:ChangeMessageVisibility",
                            ]
                          - Effect   = "Allow"
                          - Resource = [
                              - "arn:aws:sqs:us-east-1:000000000000:cl-6145db-events",
                            ]
                        },
                      - {
                          - Action   = [
                              - "sqs:SendMessage",
                            ]
                          - Effect   = "Allow"
                          - Resource = [
                              - "arn:aws:sqs:us-east-1:000000000000:cl-6145db-dlq",
                            ]
                        },
                      - {
                          - Action   = [
                              - "sqs:SendMessage",
                            ]
                          - Effect   = "Deny"
                          - Resource = [
                              - "arn:aws:sqs:us-east-1:000000000000:cl-6145db-events",
                            ]
                        },
                      - {
                          - Action   = [
                              - "sqs:ReceiveMessage",
                              - "sqs:DeleteMessage",
                            ]
                          - Effect   = "Deny"
                          - Resource = [
                              - "arn:aws:sqs:us-east-1:000000000000:cl-6145db-dlq",
                            ]
                        },
                      - {
                          - Action   = [
                              - "dynamodb:GetItem",
                              - "dynamodb:PutItem",
                              - "dynamodb:UpdateItem",
                              - "dynamodb:Query",
                            ]
                          - Effect   = "Allow"
                          - Resource = [
                              - "arn:aws:dynamodb:us-east-1:000000000000:table/cl-6145db-projections",
                              - "arn:aws:dynamodb:us-east-1:000000000000:table/cl-6145db-projections/index/AccountIndex",
                            ]
                        },
                      - {
                          - Action   = [
                              - "dynamodb:DeleteItem",
                              - "dynamodb:DeleteTable",
                            ]
                          - Effect   = "Deny"
                          - Resource = [
                              - "arn:aws:dynamodb:us-east-1:000000000000:table/cl-6145db-projections",
                            ]
                        },
                      - {
                          - Action   = [
                              - "s3:GetObject",
                              - "s3:PutObject",
                              - "s3:DeleteObject",
                              - "s3:ListBucket",
                            ]
                          - Effect   = "Deny"
                          - Resource = [
                              - "arn:aws:s3:::cl-6145db-audit",
                              - "arn:aws:s3:::cl-6145db-audit/*",
                            ]
                        },
                    ]
                  - Version   = "2012-10-17"
                }
            ) -> null
        }
    }

  # aws_iam_role.role["relay"] will be destroyed
  - resource "aws_iam_role" "role" {
      - arn                   = "arn:aws:iam::000000000000:role/cl-6145db-relay" -> null
      - assume_role_policy    = jsonencode(
            {
              - Statement = [
                  - {
                      - Action    = "sts:AssumeRole"
                      - Effect    = "Allow"
                      - Principal = {
                          - Service = "lambda.amazonaws.com"
                        }
                    },
                ]
              - Version   = "2012-10-17"
            }
        ) -> null
      - create_date           = "2026-10-10T19:03:01Z" -> null
      - force_detach_policies = false -> null
      - id                    = "cl-6145db-relay" -> null
      - managed_policy_arns   = [] -> null
      - max_session_duration  = 3600 -> null
      - name                  = "cl-6145db-relay" -> null
      - path                  = "/" -> null
      - tags                  = {
          - "ClearLedgerRole" = "relay"
        } -> null
      - tags_all              = {
          - "ClearLedgerDeployment" = "cl-6145db"
          - "ClearLedgerRole"       = "relay"
        } -> null
      - unique_id             = "AROANG0CFZ7DG19U2LUU" -> null
        # (3 unchanged attributes hidden)

      - inline_policy {
          - name   = "cl-6145db-canonical" -> null
          - policy = jsonencode(
                {
                  - Statement = [
                      - {
                          - Action   = [
                              - "kms:DisableKey",
                              - "kms:ScheduleKeyDeletion",
                            ]
                          - Effect   = "Deny"
                          - Resource = [
                              - "arn:aws:kms:us-east-1:000000000000:key/f9b78db2-aa0e-48e4-98ef-4615c5c93e3d",
                              - "arn:aws:kms:us-east-1:000000000000:key/f7a87d45-8657-480b-9a40-6f52ea138f6d",
                              - "arn:aws:kms:us-east-1:000000000000:key/a0457d1e-921b-47bb-a434-a7fe00507f6a",
                              - "arn:aws:kms:us-east-1:000000000000:key/dc93151b-e3e2-4bea-827b-ca4a1081f429",
                            ]
                        },
                      - {
                          - Action   = [
                              - "kms:Decrypt",
                              - "kms:GenerateDataKey",
                            ]
                          - Effect   = "Deny"
                          - Resource = [
                              - "arn:aws:kms:us-east-1:000000000000:key/f9b78db2-aa0e-48e4-98ef-4615c5c93e3d",
                              - "arn:aws:kms:us-east-1:000000000000:key/dc93151b-e3e2-4bea-827b-ca4a1081f429",
                            ]
                        },
                      - {
                          - Action   = [
                              - "logs:CreateLogStream",
                              - "logs:PutLogEvents",
                            ]
                          - Effect   = "Deny"
                          - Resource = [
                              - "arn:aws:logs:us-east-1:000000000000:log-group:/clearledger/cl-6145db/api:*",
                              - "arn:aws:logs:us-east-1:000000000000:log-group:/clearledger/cl-6145db/audit-archiver:*",
                              - "arn:aws:logs:us-east-1:000000000000:log-group:/clearledger/cl-6145db/projector:*",
                            ]
                        },
                      - {
                          - Action   = [
                              - "logs:CreateLogStream",
                              - "logs:PutLogEvents",
                              - "logs:DescribeLogStreams",
                            ]
                          - Effect   = "Allow"
                          - Resource = [
                              - "arn:aws:logs:us-east-1:000000000000:log-group:/clearledger/cl-6145db/outbox-relay:*",
                            ]
                        },
                      - {
                          - Action   = [
                              - "kms:Decrypt",
                              - "kms:GenerateDataKey",
                              - "kms:DescribeKey",
                            ]
                          - Effect   = "Allow"
                          - Resource = [
                              - "arn:aws:kms:us-east-1:000000000000:key/f7a87d45-8657-480b-9a40-6f52ea138f6d",
                              - "arn:aws:kms:us-east-1:000000000000:key/a0457d1e-921b-47bb-a434-a7fe00507f6a",
                            ]
                        },
                      - {
                          - Action   = [
                              - "sqs:SendMessage",
                              - "sqs:GetQueueAttributes",
                              - "sqs:GetQueueUrl",
                            ]
                          - Effect   = "Allow"
                          - Resource = [
                              - "arn:aws:sqs:us-east-1:000000000000:cl-6145db-events",
                            ]
                        },
                      - {
                          - Action   = [
                              - "sqs:ReceiveMessage",
                              - "sqs:DeleteMessage",
                            ]
                          - Effect   = "Deny"
                          - Resource = [
                              - "arn:aws:sqs:us-east-1:000000000000:cl-6145db-events",
                            ]
                        },
                      - {
                          - Action   = [
                              - "sqs:SendMessage",
                              - "sqs:ReceiveMessage",
                              - "sqs:DeleteMessage",
                            ]
                          - Effect   = "Deny"
                          - Resource = [
                              - "arn:aws:sqs:us-east-1:000000000000:cl-6145db-dlq",
                            ]
                        },
                      - {
                          - Action   = [
                              - "dynamodb:GetItem",
                              - "dynamodb:PutItem",
                              - "dynamodb:UpdateItem",
                              - "dynamodb:DeleteItem",
                              - "dynamodb:Query",
                            ]
                          - Effect   = "Deny"
                          - Resource = [
                              - "arn:aws:dynamodb:us-east-1:000000000000:table/cl-6145db-projections",
                              - "arn:aws:dynamodb:us-east-1:000000000000:table/cl-6145db-projections/index/AccountIndex",
                            ]
                        },
                      - {
                          - Action   = [
                              - "s3:GetObject",
                              - "s3:PutObject",
                              - "s3:DeleteObject",
                              - "s3:ListBucket",
                            ]
                          - Effect   = "Deny"
                          - Resource = [
                              - "arn:aws:s3:::cl-6145db-audit",
                              - "arn:aws:s3:::cl-6145db-audit/*",
                            ]
                        },
                    ]
                  - Version   = "2012-10-17"
                }
            ) -> null
        }
    }

  # aws_iam_role.role["scheduler"] will be destroyed
  - resource "aws_iam_role" "role" {
      - arn                   = "arn:aws:iam::000000000000:role/cl-6145db-scheduler" -> null
      - assume_role_policy    = jsonencode(
            {
              - Statement = [
                  - {
                      - Action    = "sts:AssumeRole"
                      - Effect    = "Allow"
                      - Principal = {
                          - Service = "scheduler.amazonaws.com"
                        }
                    },
                ]
              - Version   = "2012-10-17"
            }
        ) -> null
      - create_date           = "2026-10-10T19:03:01Z" -> null
      - force_detach_policies = false -> null
      - id                    = "cl-6145db-scheduler" -> null
      - managed_policy_arns   = [] -> null
      - max_session_duration  = 3600 -> null
      - name                  = "cl-6145db-scheduler" -> null
      - path                  = "/" -> null
      - tags                  = {
          - "ClearLedgerRole" = "scheduler"
        } -> null
      - tags_all              = {
          - "ClearLedgerDeployment" = "cl-6145db"
          - "ClearLedgerRole"       = "scheduler"
        } -> null
      - unique_id             = "AROA1ODLKAGEL09EJ5SR" -> null
        # (3 unchanged attributes hidden)

      - inline_policy {
          - name   = "cl-6145db-canonical" -> null
          - policy = jsonencode(
                {
                  - Statement = [
                      - {
                          - Action   = [
                              - "kms:DisableKey",
                              - "kms:ScheduleKeyDeletion",
                            ]
                          - Effect   = "Deny"
                          - Resource = [
                              - "arn:aws:kms:us-east-1:000000000000:key/f9b78db2-aa0e-48e4-98ef-4615c5c93e3d",
                              - "arn:aws:kms:us-east-1:000000000000:key/f7a87d45-8657-480b-9a40-6f52ea138f6d",
                              - "arn:aws:kms:us-east-1:000000000000:key/a0457d1e-921b-47bb-a434-a7fe00507f6a",
                              - "arn:aws:kms:us-east-1:000000000000:key/dc93151b-e3e2-4bea-827b-ca4a1081f429",
                            ]
                        },
                      - {
                          - Action   = [
                              - "kms:Decrypt",
                              - "kms:GenerateDataKey",
                            ]
                          - Effect   = "Deny"
                          - Resource = [
                              - "arn:aws:kms:us-east-1:000000000000:key/f9b78db2-aa0e-48e4-98ef-4615c5c93e3d",
                              - "arn:aws:kms:us-east-1:000000000000:key/f7a87d45-8657-480b-9a40-6f52ea138f6d",
                              - "arn:aws:kms:us-east-1:000000000000:key/a0457d1e-921b-47bb-a434-a7fe00507f6a",
                              - "arn:aws:kms:us-east-1:000000000000:key/dc93151b-e3e2-4bea-827b-ca4a1081f429",
                            ]
                        },
                      - {
                          - Action   = [
                              - "logs:CreateLogStream",
                              - "logs:PutLogEvents",
                            ]
                          - Effect   = "Deny"
                          - Resource = [
                              - "arn:aws:logs:us-east-1:000000000000:log-group:/clearledger/cl-6145db/api:*",
                              - "arn:aws:logs:us-east-1:000000000000:log-group:/clearledger/cl-6145db/audit-archiver:*",
                              - "arn:aws:logs:us-east-1:000000000000:log-group:/clearledger/cl-6145db/projector:*",
                              - "arn:aws:logs:us-east-1:000000000000:log-group:/clearledger/cl-6145db/outbox-relay:*",
                            ]
                        },
                      - {
                          - Action   = [
                              - "sqs:SendMessage",
                              - "sqs:ReceiveMessage",
                              - "sqs:DeleteMessage",
                            ]
                          - Effect   = "Deny"
                          - Resource = [
                              - "arn:aws:sqs:us-east-1:000000000000:cl-6145db-events",
                              - "arn:aws:sqs:us-east-1:000000000000:cl-6145db-dlq",
                            ]
                        },
                      - {
                          - Action   = [
                              - "dynamodb:GetItem",
                              - "dynamodb:PutItem",
                              - "dynamodb:UpdateItem",
                              - "dynamodb:DeleteItem",
                              - "dynamodb:Query",
                            ]
                          - Effect   = "Deny"
                          - Resource = [
                              - "arn:aws:dynamodb:us-east-1:000000000000:table/cl-6145db-projections",
                              - "arn:aws:dynamodb:us-east-1:000000000000:table/cl-6145db-projections/index/AccountIndex",
                            ]
                        },
                      - {
                          - Action   = [
                              - "s3:GetObject",
                              - "s3:PutObject",
                              - "s3:DeleteObject",
                              - "s3:ListBucket",
                            ]
                          - Effect   = "Deny"
                          - Resource = [
                              - "arn:aws:s3:::cl-6145db-audit",
                              - "arn:aws:s3:::cl-6145db-audit/*",
                            ]
                        },
                      - {
                          - Action   = [
                              - "lambda:InvokeFunction",
                            ]
                          - Effect   = "Allow"
                          - Resource = [
                              - "arn:aws:lambda:us-east-1:000000000000:function:cl-6145db-relay",
                              - "arn:aws:lambda:us-east-1:000000000000:function:cl-6145db-archiver",
                            ]
                        },
                      - {
                          - Action   = [
                              - "lambda:InvokeFunction",
                            ]
                          - Effect   = "Deny"
                          - Resource = [
                              - "arn:aws:lambda:us-east-1:000000000000:function:cl-6145db-projector",
                            ]
                        },
                    ]
                  - Version   = "2012-10-17"
                }
            ) -> null
        }
    }

  # aws_iam_role_policy.canonical["archiver"] will be destroyed
  - resource "aws_iam_role_policy" "canonical" {
      - id          = "cl-6145db-archiver:cl-6145db-canonical" -> null
      - name        = "cl-6145db-canonical" -> null
      - policy      = jsonencode(
            {
              - Statement = [
                  - {
                      - Action   = [
                          - "kms:DisableKey",
                          - "kms:ScheduleKeyDeletion",
                        ]
                      - Effect   = "Deny"
                      - Resource = [
                          - "arn:aws:kms:us-east-1:000000000000:key/f9b78db2-aa0e-48e4-98ef-4615c5c93e3d",
                          - "arn:aws:kms:us-east-1:000000000000:key/f7a87d45-8657-480b-9a40-6f52ea138f6d",
                          - "arn:aws:kms:us-east-1:000000000000:key/a0457d1e-921b-47bb-a434-a7fe00507f6a",
                          - "arn:aws:kms:us-east-1:000000000000:key/dc93151b-e3e2-4bea-827b-ca4a1081f429",
                        ]
                    },
                  - {
                      - Action   = [
                          - "kms:Decrypt",
                          - "kms:GenerateDataKey",
                        ]
                      - Effect   = "Deny"
                      - Resource = [
                          - "arn:aws:kms:us-east-1:000000000000:key/a0457d1e-921b-47bb-a434-a7fe00507f6a",
                          - "arn:aws:kms:us-east-1:000000000000:key/dc93151b-e3e2-4bea-827b-ca4a1081f429",
                        ]
                    },
                  - {
                      - Action   = [
                          - "logs:CreateLogStream",
                          - "logs:PutLogEvents",
                        ]
                      - Effect   = "Deny"
                      - Resource = [
                          - "arn:aws:logs:us-east-1:000000000000:log-group:/clearledger/cl-6145db/api:*",
                          - "arn:aws:logs:us-east-1:000000000000:log-group:/clearledger/cl-6145db/projector:*",
                          - "arn:aws:logs:us-east-1:000000000000:log-group:/clearledger/cl-6145db/outbox-relay:*",
                        ]
                    },
                  - {
                      - Action   = [
                          - "logs:CreateLogStream",
                          - "logs:PutLogEvents",
                          - "logs:DescribeLogStreams",
                        ]
                      - Effect   = "Allow"
                      - Resource = [
                          - "arn:aws:logs:us-east-1:000000000000:log-group:/clearledger/cl-6145db/audit-archiver:*",
                        ]
                    },
                  - {
                      - Action   = [
                          - "kms:Decrypt",
                          - "kms:GenerateDataKey",
                          - "kms:DescribeKey",
                        ]
                      - Effect   = "Allow"
                      - Resource = [
                          - "arn:aws:kms:us-east-1:000000000000:key/f9b78db2-aa0e-48e4-98ef-4615c5c93e3d",
                          - "arn:aws:kms:us-east-1:000000000000:key/f7a87d45-8657-480b-9a40-6f52ea138f6d",
                        ]
                    },
                  - {
                      - Action   = [
                          - "sqs:SendMessage",
                          - "sqs:ReceiveMessage",
                          - "sqs:DeleteMessage",
                        ]
                      - Effect   = "Deny"
                      - Resource = [
                          - "arn:aws:sqs:us-east-1:000000000000:cl-6145db-events",
                          - "arn:aws:sqs:us-east-1:000000000000:cl-6145db-dlq",
                        ]
                    },
                  - {
                      - Action   = [
                          - "dynamodb:GetItem",
                          - "dynamodb:PutItem",
                          - "dynamodb:UpdateItem",
                          - "dynamodb:DeleteItem",
                          - "dynamodb:Query",
                        ]
                      - Effect   = "Deny"
                      - Resource = [
                          - "arn:aws:dynamodb:us-east-1:000000000000:table/cl-6145db-projections",
                          - "arn:aws:dynamodb:us-east-1:000000000000:table/cl-6145db-projections/index/AccountIndex",
                        ]
                    },
                  - {
                      - Action   = [
                          - "s3:PutObject",
                          - "s3:GetObject",
                          - "s3:AbortMultipartUpload",
                        ]
                      - Effect   = "Allow"
                      - Resource = [
                          - "arn:aws:s3:::cl-6145db-audit/ledger-audit/*",
                        ]
                    },
                  - {
                      - Action   = [
                          - "s3:ListBucket",
                          - "s3:GetBucketLocation",
                        ]
                      - Effect   = "Allow"
                      - Resource = [
                          - "arn:aws:s3:::cl-6145db-audit",
                        ]
                    },
                  - {
                      - Action   = [
                          - "s3:DeleteObject",
                          - "s3:DeleteObjectVersion",
                        ]
                      - Effect   = "Deny"
                      - Resource = [
                          - "arn:aws:s3:::cl-6145db-audit",
                          - "arn:aws:s3:::cl-6145db-audit/*",
                        ]
                    },
                ]
              - Version   = "2012-10-17"
            }
        ) -> null
      - role        = "cl-6145db-archiver" -> null
        # (1 unchanged attribute hidden)
    }

  # aws_iam_role_policy.canonical["ecs_execution"] will be destroyed
  - resource "aws_iam_role_policy" "canonical" {
      - id          = "cl-6145db-ecs_execution:cl-6145db-canonical" -> null
      - name        = "cl-6145db-canonical" -> null
      - policy      = jsonencode(
            {
              - Statement = [
                  - {
                      - Action   = [
                          - "kms:DisableKey",
                          - "kms:ScheduleKeyDeletion",
                        ]
                      - Effect   = "Deny"
                      - Resource = [
                          - "arn:aws:kms:us-east-1:000000000000:key/f9b78db2-aa0e-48e4-98ef-4615c5c93e3d",
                          - "arn:aws:kms:us-east-1:000000000000:key/f7a87d45-8657-480b-9a40-6f52ea138f6d",
                          - "arn:aws:kms:us-east-1:000000000000:key/a0457d1e-921b-47bb-a434-a7fe00507f6a",
                          - "arn:aws:kms:us-east-1:000000000000:key/dc93151b-e3e2-4bea-827b-ca4a1081f429",
                        ]
                    },
                  - {
                      - Action   = [
                          - "kms:Decrypt",
                          - "kms:GenerateDataKey",
                        ]
                      - Effect   = "Deny"
                      - Resource = [
                          - "arn:aws:kms:us-east-1:000000000000:key/f9b78db2-aa0e-48e4-98ef-4615c5c93e3d",
                          - "arn:aws:kms:us-east-1:000000000000:key/f7a87d45-8657-480b-9a40-6f52ea138f6d",
                          - "arn:aws:kms:us-east-1:000000000000:key/a0457d1e-921b-47bb-a434-a7fe00507f6a",
                          - "arn:aws:kms:us-east-1:000000000000:key/dc93151b-e3e2-4bea-827b-ca4a1081f429",
                        ]
                    },
                  - {
                      - Action   = [
                          - "logs:CreateLogStream",
                          - "logs:PutLogEvents",
                        ]
                      - Effect   = "Deny"
                      - Resource = [
                          - "arn:aws:logs:us-east-1:000000000000:log-group:/clearledger/cl-6145db/audit-archiver:*",
                          - "arn:aws:logs:us-east-1:000000000000:log-group:/clearledger/cl-6145db/projector:*",
                          - "arn:aws:logs:us-east-1:000000000000:log-group:/clearledger/cl-6145db/outbox-relay:*",
                        ]
                    },
                  - {
                      - Action   = [
                          - "logs:CreateLogStream",
                          - "logs:PutLogEvents",
                          - "logs:DescribeLogStreams",
                        ]
                      - Effect   = "Allow"
                      - Resource = [
                          - "arn:aws:logs:us-east-1:000000000000:log-group:/clearledger/cl-6145db/api:*",
                        ]
                    },
                  - {
                      - Action   = [
                          - "sqs:SendMessage",
                          - "sqs:ReceiveMessage",
                          - "sqs:DeleteMessage",
                        ]
                      - Effect   = "Deny"
                      - Resource = [
                          - "arn:aws:sqs:us-east-1:000000000000:cl-6145db-events",
                          - "arn:aws:sqs:us-east-1:000000000000:cl-6145db-dlq",
                        ]
                    },
                  - {
                      - Action   = [
                          - "dynamodb:GetItem",
                          - "dynamodb:PutItem",
                          - "dynamodb:UpdateItem",
                          - "dynamodb:DeleteItem",
                          - "dynamodb:Query",
                        ]
                      - Effect   = "Deny"
                      - Resource = [
                          - "arn:aws:dynamodb:us-east-1:000000000000:table/cl-6145db-projections",
                          - "arn:aws:dynamodb:us-east-1:000000000000:table/cl-6145db-projections/index/AccountIndex",
                        ]
                    },
                  - {
                      - Action   = [
                          - "s3:GetObject",
                          - "s3:PutObject",
                          - "s3:DeleteObject",
                          - "s3:ListBucket",
                        ]
                      - Effect   = "Deny"
                      - Resource = [
                          - "arn:aws:s3:::cl-6145db-audit",
                          - "arn:aws:s3:::cl-6145db-audit/*",
                        ]
                    },
                ]
              - Version   = "2012-10-17"
            }
        ) -> null
      - role        = "cl-6145db-ecs_execution" -> null
        # (1 unchanged attribute hidden)
    }

  # aws_iam_role_policy.canonical["ecs_task"] will be destroyed
  - resource "aws_iam_role_policy" "canonical" {
      - id          = "cl-6145db-ecs_task:cl-6145db-canonical" -> null
      - name        = "cl-6145db-canonical" -> null
      - policy      = jsonencode(
            {
              - Statement = [
                  - {
                      - Action   = [
                          - "kms:DisableKey",
                          - "kms:ScheduleKeyDeletion",
                        ]
                      - Effect   = "Deny"
                      - Resource = [
                          - "arn:aws:kms:us-east-1:000000000000:key/f9b78db2-aa0e-48e4-98ef-4615c5c93e3d",
                          - "arn:aws:kms:us-east-1:000000000000:key/f7a87d45-8657-480b-9a40-6f52ea138f6d",
                          - "arn:aws:kms:us-east-1:000000000000:key/a0457d1e-921b-47bb-a434-a7fe00507f6a",
                          - "arn:aws:kms:us-east-1:000000000000:key/dc93151b-e3e2-4bea-827b-ca4a1081f429",
                        ]
                    },
                  - {
                      - Action   = [
                          - "kms:Decrypt",
                          - "kms:GenerateDataKey",
                        ]
                      - Effect   = "Deny"
                      - Resource = [
                          - "arn:aws:kms:us-east-1:000000000000:key/f9b78db2-aa0e-48e4-98ef-4615c5c93e3d",
                          - "arn:aws:kms:us-east-1:000000000000:key/f7a87d45-8657-480b-9a40-6f52ea138f6d",
                        ]
                    },
                  - {
                      - Action   = [
                          - "logs:CreateLogStream",
                          - "logs:PutLogEvents",
                        ]
                      - Effect   = "Deny"
                      - Resource = [
                          - "arn:aws:logs:us-east-1:000000000000:log-group:/clearledger/cl-6145db/audit-archiver:*",
                          - "arn:aws:logs:us-east-1:000000000000:log-group:/clearledger/cl-6145db/projector:*",
                          - "arn:aws:logs:us-east-1:000000000000:log-group:/clearledger/cl-6145db/outbox-relay:*",
                        ]
                    },
                  - {
                      - Action   = [
                          - "logs:CreateLogStream",
                          - "logs:PutLogEvents",
                          - "logs:DescribeLogStreams",
                        ]
                      - Effect   = "Allow"
                      - Resource = [
                          - "arn:aws:logs:us-east-1:000000000000:log-group:/clearledger/cl-6145db/api:*",
                        ]
                    },
                  - {
                      - Action   = [
                          - "kms:Decrypt",
                          - "kms:GenerateDataKey",
                          - "kms:DescribeKey",
                        ]
                      - Effect   = "Allow"
                      - Resource = [
                          - "arn:aws:kms:us-east-1:000000000000:key/a0457d1e-921b-47bb-a434-a7fe00507f6a",
                          - "arn:aws:kms:us-east-1:000000000000:key/dc93151b-e3e2-4bea-827b-ca4a1081f429",
                        ]
                    },
                  - {
                      - Action   = [
                          - "sqs:SendMessage",
                          - "sqs:GetQueueAttributes",
                          - "sqs:GetQueueUrl",
                        ]
                      - Effect   = "Allow"
                      - Resource = [
                          - "arn:aws:sqs:us-east-1:000000000000:cl-6145db-events",
                        ]
                    },
                  - {
                      - Action   = [
                          - "sqs:ReceiveMessage",
                          - "sqs:DeleteMessage",
                        ]
                      - Effect   = "Deny"
                      - Resource = [
                          - "arn:aws:sqs:us-east-1:000000000000:cl-6145db-events",
                        ]
                    },
                  - {
                      - Action   = [
                          - "sqs:SendMessage",
                          - "sqs:ReceiveMessage",
                          - "sqs:DeleteMessage",
                        ]
                      - Effect   = "Deny"
                      - Resource = [
                          - "arn:aws:sqs:us-east-1:000000000000:cl-6145db-dlq",
                        ]
                    },
                  - {
                      - Action   = [
                          - "dynamodb:GetItem",
                          - "dynamodb:Query",
                          - "dynamodb:DescribeTable",
                        ]
                      - Effect   = "Allow"
                      - Resource = [
                          - "arn:aws:dynamodb:us-east-1:000000000000:table/cl-6145db-projections",
                          - "arn:aws:dynamodb:us-east-1:000000000000:table/cl-6145db-projections/index/AccountIndex",
                        ]
                    },
                  - {
                      - Action   = [
                          - "dynamodb:PutItem",
                          - "dynamodb:UpdateItem",
                          - "dynamodb:DeleteItem",
                          - "dynamodb:DeleteTable",
                        ]
                      - Effect   = "Deny"
                      - Resource = [
                          - "arn:aws:dynamodb:us-east-1:000000000000:table/cl-6145db-projections",
                        ]
                    },
                  - {
                      - Action   = [
                          - "s3:GetObject",
                          - "s3:PutObject",
                          - "s3:DeleteObject",
                          - "s3:ListBucket",
                        ]
                      - Effect   = "Deny"
                      - Resource = [
                          - "arn:aws:s3:::cl-6145db-audit",
                          - "arn:aws:s3:::cl-6145db-audit/*",
                        ]
                    },
                ]
              - Version   = "2012-10-17"
            }
        ) -> null
      - role        = "cl-6145db-ecs_task" -> null
        # (1 unchanged attribute hidden)
    }

  # aws_iam_role_policy.canonical["projector"] will be destroyed
  - resource "aws_iam_role_policy" "canonical" {
      - id          = "cl-6145db-projector:cl-6145db-canonical" -> null
      - name        = "cl-6145db-canonical" -> null
      - policy      = jsonencode(
            {
              - Statement = [
                  - {
                      - Action   = [
                          - "kms:DisableKey",
                          - "kms:ScheduleKeyDeletion",
                        ]
                      - Effect   = "Deny"
                      - Resource = [
                          - "arn:aws:kms:us-east-1:000000000000:key/f9b78db2-aa0e-48e4-98ef-4615c5c93e3d",
                          - "arn:aws:kms:us-east-1:000000000000:key/f7a87d45-8657-480b-9a40-6f52ea138f6d",
                          - "arn:aws:kms:us-east-1:000000000000:key/a0457d1e-921b-47bb-a434-a7fe00507f6a",
                          - "arn:aws:kms:us-east-1:000000000000:key/dc93151b-e3e2-4bea-827b-ca4a1081f429",
                        ]
                    },
                  - {
                      - Action   = [
                          - "kms:Decrypt",
                          - "kms:GenerateDataKey",
                        ]
                      - Effect   = "Deny"
                      - Resource = [
                          - "arn:aws:kms:us-east-1:000000000000:key/f9b78db2-aa0e-48e4-98ef-4615c5c93e3d",
                          - "arn:aws:kms:us-east-1:000000000000:key/f7a87d45-8657-480b-9a40-6f52ea138f6d",
                        ]
                    },
                  - {
                      - Action   = [
                          - "logs:CreateLogStream",
                          - "logs:PutLogEvents",
                        ]
                      - Effect   = "Deny"
                      - Resource = [
                          - "arn:aws:logs:us-east-1:000000000000:log-group:/clearledger/cl-6145db/api:*",
                          - "arn:aws:logs:us-east-1:000000000000:log-group:/clearledger/cl-6145db/audit-archiver:*",
                          - "arn:aws:logs:us-east-1:000000000000:log-group:/clearledger/cl-6145db/outbox-relay:*",
                        ]
                    },
                  - {
                      - Action   = [
                          - "logs:CreateLogStream",
                          - "logs:PutLogEvents",
                          - "logs:DescribeLogStreams",
                        ]
                      - Effect   = "Allow"
                      - Resource = [
                          - "arn:aws:logs:us-east-1:000000000000:log-group:/clearledger/cl-6145db/projector:*",
                        ]
                    },
                  - {
                      - Action   = [
                          - "kms:Decrypt",
                          - "kms:GenerateDataKey",
                          - "kms:DescribeKey",
                        ]
                      - Effect   = "Allow"
                      - Resource = [
                          - "arn:aws:kms:us-east-1:000000000000:key/a0457d1e-921b-47bb-a434-a7fe00507f6a",
                          - "arn:aws:kms:us-east-1:000000000000:key/dc93151b-e3e2-4bea-827b-ca4a1081f429",
                        ]
                    },
                  - {
                      - Action   = [
                          - "sqs:ReceiveMessage",
                          - "sqs:DeleteMessage",
                          - "sqs:GetQueueAttributes",
                          - "sqs:ChangeMessageVisibility",
                        ]
                      - Effect   = "Allow"
                      - Resource = [
                          - "arn:aws:sqs:us-east-1:000000000000:cl-6145db-events",
                        ]
                    },
                  - {
                      - Action   = [
                          - "sqs:SendMessage",
                        ]
                      - Effect   = "Allow"
                      - Resource = [
                          - "arn:aws:sqs:us-east-1:000000000000:cl-6145db-dlq",
                        ]
                    },
                  - {
                      - Action   = [
                          - "sqs:SendMessage",
                        ]
                      - Effect   = "Deny"
                      - Resource = [
                          - "arn:aws:sqs:us-east-1:000000000000:cl-6145db-events",
                        ]
                    },
                  - {
                      - Action   = [
                          - "sqs:ReceiveMessage",
                          - "sqs:DeleteMessage",
                        ]
                      - Effect   = "Deny"
                      - Resource = [
                          - "arn:aws:sqs:us-east-1:000000000000:cl-6145db-dlq",
                        ]
                    },
                  - {
                      - Action   = [
                          - "dynamodb:GetItem",
                          - "dynamodb:PutItem",
                          - "dynamodb:UpdateItem",
                          - "dynamodb:Query",
                        ]
                      - Effect   = "Allow"
                      - Resource = [
                          - "arn:aws:dynamodb:us-east-1:000000000000:table/cl-6145db-projections",
                          - "arn:aws:dynamodb:us-east-1:000000000000:table/cl-6145db-projections/index/AccountIndex",
                        ]
                    },
                  - {
                      - Action   = [
                          - "dynamodb:DeleteItem",
                          - "dynamodb:DeleteTable",
                        ]
                      - Effect   = "Deny"
                      - Resource = [
                          - "arn:aws:dynamodb:us-east-1:000000000000:table/cl-6145db-projections",
                        ]
                    },
                  - {
                      - Action   = [
                          - "s3:GetObject",
                          - "s3:PutObject",
                          - "s3:DeleteObject",
                          - "s3:ListBucket",
                        ]
                      - Effect   = "Deny"
                      - Resource = [
                          - "arn:aws:s3:::cl-6145db-audit",
                          - "arn:aws:s3:::cl-6145db-audit/*",
                        ]
                    },
                ]
              - Version   = "2012-10-17"
            }
        ) -> null
      - role        = "cl-6145db-projector" -> null
        # (1 unchanged attribute hidden)
    }

  # aws_iam_role_policy.canonical["relay"] will be destroyed
  - resource "aws_iam_role_policy" "canonical" {
      - id          = "cl-6145db-relay:cl-6145db-canonical" -> null
      - name        = "cl-6145db-canonical" -> null
      - policy      = jsonencode(
            {
              - Statement = [
                  - {
                      - Action   = [
                          - "kms:DisableKey",
                          - "kms:ScheduleKeyDeletion",
                        ]
                      - Effect   = "Deny"
                      - Resource = [
                          - "arn:aws:kms:us-east-1:000000000000:key/f9b78db2-aa0e-48e4-98ef-4615c5c93e3d",
                          - "arn:aws:kms:us-east-1:000000000000:key/f7a87d45-8657-480b-9a40-6f52ea138f6d",
                          - "arn:aws:kms:us-east-1:000000000000:key/a0457d1e-921b-47bb-a434-a7fe00507f6a",
                          - "arn:aws:kms:us-east-1:000000000000:key/dc93151b-e3e2-4bea-827b-ca4a1081f429",
                        ]
                    },
                  - {
                      - Action   = [
                          - "kms:Decrypt",
                          - "kms:GenerateDataKey",
                        ]
                      - Effect   = "Deny"
                      - Resource = [
                          - "arn:aws:kms:us-east-1:000000000000:key/f9b78db2-aa0e-48e4-98ef-4615c5c93e3d",
                          - "arn:aws:kms:us-east-1:000000000000:key/dc93151b-e3e2-4bea-827b-ca4a1081f429",
                        ]
                    },
                  - {
                      - Action   = [
                          - "logs:CreateLogStream",
                          - "logs:PutLogEvents",
                        ]
                      - Effect   = "Deny"
                      - Resource = [
                          - "arn:aws:logs:us-east-1:000000000000:log-group:/clearledger/cl-6145db/api:*",
                          - "arn:aws:logs:us-east-1:000000000000:log-group:/clearledger/cl-6145db/audit-archiver:*",
                          - "arn:aws:logs:us-east-1:000000000000:log-group:/clearledger/cl-6145db/projector:*",
                        ]
                    },
                  - {
                      - Action   = [
                          - "logs:CreateLogStream",
                          - "logs:PutLogEvents",
                          - "logs:DescribeLogStreams",
                        ]
                      - Effect   = "Allow"
                      - Resource = [
                          - "arn:aws:logs:us-east-1:000000000000:log-group:/clearledger/cl-6145db/outbox-relay:*",
                        ]
                    },
                  - {
                      - Action   = [
                          - "kms:Decrypt",
                          - "kms:GenerateDataKey",
                          - "kms:DescribeKey",
                        ]
                      - Effect   = "Allow"
                      - Resource = [
                          - "arn:aws:kms:us-east-1:000000000000:key/f7a87d45-8657-480b-9a40-6f52ea138f6d",
                          - "arn:aws:kms:us-east-1:000000000000:key/a0457d1e-921b-47bb-a434-a7fe00507f6a",
                        ]
                    },
                  - {
                      - Action   = [
                          - "sqs:SendMessage",
                          - "sqs:GetQueueAttributes",
                          - "sqs:GetQueueUrl",
                        ]
                      - Effect   = "Allow"
                      - Resource = [
                          - "arn:aws:sqs:us-east-1:000000000000:cl-6145db-events",
                        ]
                    },
                  - {
                      - Action   = [
                          - "sqs:ReceiveMessage",
                          - "sqs:DeleteMessage",
                        ]
                      - Effect   = "Deny"
                      - Resource = [
                          - "arn:aws:sqs:us-east-1:000000000000:cl-6145db-events",
                        ]
                    },
                  - {
                      - Action   = [
                          - "sqs:SendMessage",
                          - "sqs:ReceiveMessage",
                          - "sqs:DeleteMessage",
                        ]
                      - Effect   = "Deny"
                      - Resource = [
                          - "arn:aws:sqs:us-east-1:000000000000:cl-6145db-dlq",
                        ]
                    },
                  - {
                      - Action   = [
                          - "dynamodb:GetItem",
                          - "dynamodb:PutItem",
                          - "dynamodb:UpdateItem",
                          - "dynamodb:DeleteItem",
                          - "dynamodb:Query",
                        ]
                      - Effect   = "Deny"
                      - Resource = [
                          - "arn:aws:dynamodb:us-east-1:000000000000:table/cl-6145db-projections",
                          - "arn:aws:dynamodb:us-east-1:000000000000:table/cl-6145db-projections/index/AccountIndex",
                        ]
                    },
                  - {
                      - Action   = [
                          - "s3:GetObject",
                          - "s3:PutObject",
                          - "s3:DeleteObject",
                          - "s3:ListBucket",
                        ]
                      - Effect   = "Deny"
                      - Resource = [
                          - "arn:aws:s3:::cl-6145db-audit",
                          - "arn:aws:s3:::cl-6145db-audit/*",
                        ]
                    },
                ]
              - Version   = "2012-10-17"
            }
        ) -> null
      - role        = "cl-6145db-relay" -> null
        # (1 unchanged attribute hidden)
    }

  # aws_iam_role_policy.canonical["scheduler"] will be destroyed
  - resource "aws_iam_role_policy" "canonical" {
      - id          = "cl-6145db-scheduler:cl-6145db-canonical" -> null
      - name        = "cl-6145db-canonical" -> null
      - policy      = jsonencode(
            {
              - Statement = [
                  - {
                      - Action   = [
                          - "kms:DisableKey",
                          - "kms:ScheduleKeyDeletion",
                        ]
                      - Effect   = "Deny"
                      - Resource = [
                          - "arn:aws:kms:us-east-1:000000000000:key/f9b78db2-aa0e-48e4-98ef-4615c5c93e3d",
                          - "arn:aws:kms:us-east-1:000000000000:key/f7a87d45-8657-480b-9a40-6f52ea138f6d",
                          - "arn:aws:kms:us-east-1:000000000000:key/a0457d1e-921b-47bb-a434-a7fe00507f6a",
                          - "arn:aws:kms:us-east-1:000000000000:key/dc93151b-e3e2-4bea-827b-ca4a1081f429",
                        ]
                    },
                  - {
                      - Action   = [
                          - "kms:Decrypt",
                          - "kms:GenerateDataKey",
                        ]
                      - Effect   = "Deny"
                      - Resource = [
                          - "arn:aws:kms:us-east-1:000000000000:key/f9b78db2-aa0e-48e4-98ef-4615c5c93e3d",
                          - "arn:aws:kms:us-east-1:000000000000:key/f7a87d45-8657-480b-9a40-6f52ea138f6d",
                          - "arn:aws:kms:us-east-1:000000000000:key/a0457d1e-921b-47bb-a434-a7fe00507f6a",
                          - "arn:aws:kms:us-east-1:000000000000:key/dc93151b-e3e2-4bea-827b-ca4a1081f429",
                        ]
                    },
                  - {
                      - Action   = [
                          - "logs:CreateLogStream",
                          - "logs:PutLogEvents",
                        ]
                      - Effect   = "Deny"
                      - Resource = [
                          - "arn:aws:logs:us-east-1:000000000000:log-group:/clearledger/cl-6145db/api:*",
                          - "arn:aws:logs:us-east-1:000000000000:log-group:/clearledger/cl-6145db/audit-archiver:*",
                          - "arn:aws:logs:us-east-1:000000000000:log-group:/clearledger/cl-6145db/projector:*",
                          - "arn:aws:logs:us-east-1:000000000000:log-group:/clearledger/cl-6145db/outbox-relay:*",
                        ]
                    },
                  - {
                      - Action   = [
                          - "sqs:SendMessage",
                          - "sqs:ReceiveMessage",
                          - "sqs:DeleteMessage",
                        ]
                      - Effect   = "Deny"
                      - Resource = [
                          - "arn:aws:sqs:us-east-1:000000000000:cl-6145db-events",
                          - "arn:aws:sqs:us-east-1:000000000000:cl-6145db-dlq",
                        ]
                    },
                  - {
                      - Action   = [
                          - "dynamodb:GetItem",
                          - "dynamodb:PutItem",
                          - "dynamodb:UpdateItem",
                          - "dynamodb:DeleteItem",
                          - "dynamodb:Query",
                        ]
                      - Effect   = "Deny"
                      - Resource = [
                          - "arn:aws:dynamodb:us-east-1:000000000000:table/cl-6145db-projections",
                          - "arn:aws:dynamodb:us-east-1:000000000000:table/cl-6145db-projections/index/AccountIndex",
                        ]
                    },
                  - {
                      - Action   = [
                          - "s3:GetObject",
                          - "s3:PutObject",
                          - "s3:DeleteObject",
                          - "s3:ListBucket",
                        ]
                      - Effect   = "Deny"
                      - Resource = [
                          - "arn:aws:s3:::cl-6145db-audit",
                          - "arn:aws:s3:::cl-6145db-audit/*",
                        ]
                    },
                  - {
                      - Action   = [
                          - "lambda:InvokeFunction",
                        ]
                      - Effect   = "Allow"
                      - Resource = [
                          - "arn:aws:lambda:us-east-1:000000000000:function:cl-6145db-relay",
                          - "arn:aws:lambda:us-east-1:000000000000:function:cl-6145db-archiver",
                        ]
                    },
                  - {
                      - Action   = [
                          - "lambda:InvokeFunction",
                        ]
                      - Effect   = "Deny"
                      - Resource = [
                          - "arn:aws:lambda:us-east-1:000000000000:function:cl-6145db-projector",
                        ]
                    },
                ]
              - Version   = "2012-10-17"
            }
        ) -> null
      - role        = "cl-6145db-scheduler" -> null
        # (1 unchanged attribute hidden)
    }

  # aws_internet_gateway.main will be destroyed
  - resource "aws_internet_gateway" "main" {
      - arn      = "arn:aws:ec2:us-east-1:000000000000:internet-gateway/igw-908f0e04" -> null
      - id       = "igw-908f0e04" -> null
      - owner_id = "000000000000" -> null
      - region   = "us-east-1" -> null
      - tags     = {
          - "Name" = "cl-6145db-igw"
        } -> null
      - tags_all = {
          - "ClearLedgerDeployment" = "cl-6145db"
          - "Name"                  = "cl-6145db-igw"
        } -> null
      - vpc_id   = "vpc-d9356ffb" -> null
    }

  # aws_kms_alias.key["audit"] will be destroyed
  - resource "aws_kms_alias" "key" {
      - arn            = "arn:aws:kms:us-east-1:000000000000:alias/cl-6145db-audit" -> null
      - id             = "alias/cl-6145db-audit" -> null
      - name           = "alias/cl-6145db-audit" -> null
      - region         = "us-east-1" -> null
      - target_key_arn = "arn:aws:kms:us-east-1:000000000000:key/f9b78db2-aa0e-48e4-98ef-4615c5c93e3d" -> null
      - target_key_id  = "f9b78db2-aa0e-48e4-98ef-4615c5c93e3d" -> null
        # (1 unchanged attribute hidden)
    }

  # aws_kms_alias.key["database"] will be destroyed
  - resource "aws_kms_alias" "key" {
      - arn            = "arn:aws:kms:us-east-1:000000000000:alias/cl-6145db-database" -> null
      - id             = "alias/cl-6145db-database" -> null
      - name           = "alias/cl-6145db-database" -> null
      - region         = "us-east-1" -> null
      - target_key_arn = "arn:aws:kms:us-east-1:000000000000:key/f7a87d45-8657-480b-9a40-6f52ea138f6d" -> null
      - target_key_id  = "f7a87d45-8657-480b-9a40-6f52ea138f6d" -> null
        # (1 unchanged attribute hidden)
    }

  # aws_kms_alias.key["messaging"] will be destroyed
  - resource "aws_kms_alias" "key" {
      - arn            = "arn:aws:kms:us-east-1:000000000000:alias/cl-6145db-messaging" -> null
      - id             = "alias/cl-6145db-messaging" -> null
      - name           = "alias/cl-6145db-messaging" -> null
      - region         = "us-east-1" -> null
      - target_key_arn = "arn:aws:kms:us-east-1:000000000000:key/a0457d1e-921b-47bb-a434-a7fe00507f6a" -> null
      - target_key_id  = "a0457d1e-921b-47bb-a434-a7fe00507f6a" -> null
        # (1 unchanged attribute hidden)
    }

  # aws_kms_alias.key["projection"] will be destroyed
  - resource "aws_kms_alias" "key" {
      - arn            = "arn:aws:kms:us-east-1:000000000000:alias/cl-6145db-projection" -> null
      - id             = "alias/cl-6145db-projection" -> null
      - name           = "alias/cl-6145db-projection" -> null
      - region         = "us-east-1" -> null
      - target_key_arn = "arn:aws:kms:us-east-1:000000000000:key/dc93151b-e3e2-4bea-827b-ca4a1081f429" -> null
      - target_key_id  = "dc93151b-e3e2-4bea-827b-ca4a1081f429" -> null
        # (1 unchanged attribute hidden)
    }

  # aws_kms_key.key["audit"] will be destroyed
  - resource "aws_kms_key" "key" {
      - arn                                = "arn:aws:kms:us-east-1:000000000000:key/f9b78db2-aa0e-48e4-98ef-4615c5c93e3d" -> null
      - bypass_policy_lockout_safety_check = false -> null
      - customer_master_key_spec           = "SYMMETRIC_DEFAULT" -> null
      - deletion_window_in_days            = 10 -> null
      - description                        = "cl-6145db-audit" -> null
      - enable_key_rotation                = true -> null
      - id                                 = "f9b78db2-aa0e-48e4-98ef-4615c5c93e3d" -> null
      - is_enabled                         = true -> null
      - key_id                             = "f9b78db2-aa0e-48e4-98ef-4615c5c93e3d" -> null
      - key_usage                          = "ENCRYPT_DECRYPT" -> null
      - multi_region                       = false -> null
      - policy                             = jsonencode(
            {
              - Statement = [
                  - {
                      - Action    = "kms:*"
                      - Effect    = "Allow"
                      - Principal = {
                          - AWS = "arn:aws:iam::000000000000:root"
                        }
                      - Resource  = "*"
                      - Sid       = "RootAdministration"
                    },
                  - {
                      - Action    = [
                          - "kms:Decrypt",
                          - "kms:GenerateDataKey",
                          - "kms:DescribeKey",
                        ]
                      - Effect    = "Allow"
                      - Principal = {
                          - AWS = [
                              - "arn:aws:iam::000000000000:role/cl-6145db-archiver",
                            ]
                        }
                      - Resource  = "*"
                      - Sid       = "WorkloadUsage"
                    },
                  - {
                      - Action    = [
                          - "kms:DisableKey",
                          - "kms:ScheduleKeyDeletion",
                        ]
                      - Effect    = "Deny"
                      - Principal = {
                          - AWS = [
                              - "arn:aws:iam::000000000000:role/cl-6145db-archiver",
                              - "arn:aws:iam::000000000000:role/cl-6145db-ecs_execution",
                              - "arn:aws:iam::000000000000:role/cl-6145db-ecs_task",
                              - "arn:aws:iam::000000000000:role/cl-6145db-projector",
                              - "arn:aws:iam::000000000000:role/cl-6145db-relay",
                              - "arn:aws:iam::000000000000:role/cl-6145db-scheduler",
                            ]
                        }
                      - Resource  = "*"
                      - Sid       = "ProtectKeys"
                    },
                  - {
                      - Action    = [
                          - "kms:Decrypt",
                          - "kms:GenerateDataKey",
                        ]
                      - Effect    = "Deny"
                      - Principal = {
                          - AWS = [
                              - "arn:aws:iam::000000000000:role/cl-6145db-ecs_execution",
                              - "arn:aws:iam::000000000000:role/cl-6145db-ecs_task",
                              - "arn:aws:iam::000000000000:role/cl-6145db-projector",
                              - "arn:aws:iam::000000000000:role/cl-6145db-relay",
                              - "arn:aws:iam::000000000000:role/cl-6145db-scheduler",
                            ]
                        }
                      - Resource  = "*"
                      - Sid       = "IsolateKeys"
                    },
                ]
              - Version   = "2012-10-17"
            }
        ) -> null
      - region                             = "us-east-1" -> null
      - rotation_period_in_days            = 0 -> null
      - tags                               = {
          - "ClearLedgerKeyUsage" = "audit"
          - "Name"                = "cl-6145db-audit"
        } -> null
      - tags_all                           = {
          - "ClearLedgerDeployment" = "cl-6145db"
          - "ClearLedgerKeyUsage"   = "audit"
          - "Name"                  = "cl-6145db-audit"
        } -> null
        # (2 unchanged attributes hidden)
    }

  # aws_kms_key.key["database"] will be destroyed
  - resource "aws_kms_key" "key" {
      - arn                                = "arn:aws:kms:us-east-1:000000000000:key/f7a87d45-8657-480b-9a40-6f52ea138f6d" -> null
      - bypass_policy_lockout_safety_check = false -> null
      - customer_master_key_spec           = "SYMMETRIC_DEFAULT" -> null
      - deletion_window_in_days            = 10 -> null
      - description                        = "cl-6145db-database" -> null
      - enable_key_rotation                = true -> null
      - id                                 = "f7a87d45-8657-480b-9a40-6f52ea138f6d" -> null
      - is_enabled                         = true -> null
      - key_id                             = "f7a87d45-8657-480b-9a40-6f52ea138f6d" -> null
      - key_usage                          = "ENCRYPT_DECRYPT" -> null
      - multi_region                       = false -> null
      - policy                             = jsonencode(
            {
              - Statement = [
                  - {
                      - Action    = "kms:*"
                      - Effect    = "Allow"
                      - Principal = {
                          - AWS = "arn:aws:iam::000000000000:root"
                        }
                      - Resource  = "*"
                      - Sid       = "RootAdministration"
                    },
                  - {
                      - Action    = [
                          - "kms:Decrypt",
                          - "kms:GenerateDataKey",
                          - "kms:DescribeKey",
                        ]
                      - Effect    = "Allow"
                      - Principal = {
                          - AWS = [
                              - "arn:aws:iam::000000000000:role/cl-6145db-relay",
                              - "arn:aws:iam::000000000000:role/cl-6145db-archiver",
                            ]
                        }
                      - Resource  = "*"
                      - Sid       = "WorkloadUsage"
                    },
                  - {
                      - Action    = [
                          - "kms:DisableKey",
                          - "kms:ScheduleKeyDeletion",
                        ]
                      - Effect    = "Deny"
                      - Principal = {
                          - AWS = [
                              - "arn:aws:iam::000000000000:role/cl-6145db-archiver",
                              - "arn:aws:iam::000000000000:role/cl-6145db-ecs_execution",
                              - "arn:aws:iam::000000000000:role/cl-6145db-ecs_task",
                              - "arn:aws:iam::000000000000:role/cl-6145db-projector",
                              - "arn:aws:iam::000000000000:role/cl-6145db-relay",
                              - "arn:aws:iam::000000000000:role/cl-6145db-scheduler",
                            ]
                        }
                      - Resource  = "*"
                      - Sid       = "ProtectKeys"
                    },
                  - {
                      - Action    = [
                          - "kms:Decrypt",
                          - "kms:GenerateDataKey",
                        ]
                      - Effect    = "Deny"
                      - Principal = {
                          - AWS = [
                              - "arn:aws:iam::000000000000:role/cl-6145db-ecs_execution",
                              - "arn:aws:iam::000000000000:role/cl-6145db-ecs_task",
                              - "arn:aws:iam::000000000000:role/cl-6145db-projector",
                              - "arn:aws:iam::000000000000:role/cl-6145db-scheduler",
                            ]
                        }
                      - Resource  = "*"
                      - Sid       = "IsolateKeys"
                    },
                ]
              - Version   = "2012-10-17"
            }
        ) -> null
      - region                             = "us-east-1" -> null
      - rotation_period_in_days            = 0 -> null
      - tags                               = {
          - "ClearLedgerKeyUsage" = "database"
          - "Name"                = "cl-6145db-database"
        } -> null
      - tags_all                           = {
          - "ClearLedgerDeployment" = "cl-6145db"
          - "ClearLedgerKeyUsage"   = "database"
          - "Name"                  = "cl-6145db-database"
        } -> null
        # (2 unchanged attributes hidden)
    }

  # aws_kms_key.key["messaging"] will be destroyed
  - resource "aws_kms_key" "key" {
      - arn                                = "arn:aws:kms:us-east-1:000000000000:key/a0457d1e-921b-47bb-a434-a7fe00507f6a" -> null
      - bypass_policy_lockout_safety_check = false -> null
      - customer_master_key_spec           = "SYMMETRIC_DEFAULT" -> null
      - deletion_window_in_days            = 10 -> null
      - description                        = "cl-6145db-messaging" -> null
      - enable_key_rotation                = true -> null
      - id                                 = "a0457d1e-921b-47bb-a434-a7fe00507f6a" -> null
      - is_enabled                         = true -> null
      - key_id                             = "a0457d1e-921b-47bb-a434-a7fe00507f6a" -> null
      - key_usage                          = "ENCRYPT_DECRYPT" -> null
      - multi_region                       = false -> null
      - policy                             = jsonencode(
            {
              - Statement = [
                  - {
                      - Action    = "kms:*"
                      - Effect    = "Allow"
                      - Principal = {
                          - AWS = "arn:aws:iam::000000000000:root"
                        }
                      - Resource  = "*"
                      - Sid       = "RootAdministration"
                    },
                  - {
                      - Action    = [
                          - "kms:Decrypt",
                          - "kms:GenerateDataKey",
                          - "kms:DescribeKey",
                        ]
                      - Effect    = "Allow"
                      - Principal = {
                          - AWS = [
                              - "arn:aws:iam::000000000000:role/cl-6145db-ecs_task",
                              - "arn:aws:iam::000000000000:role/cl-6145db-projector",
                              - "arn:aws:iam::000000000000:role/cl-6145db-relay",
                            ]
                        }
                      - Resource  = "*"
                      - Sid       = "WorkloadUsage"
                    },
                  - {
                      - Action    = [
                          - "kms:DisableKey",
                          - "kms:ScheduleKeyDeletion",
                        ]
                      - Effect    = "Deny"
                      - Principal = {
                          - AWS = [
                              - "arn:aws:iam::000000000000:role/cl-6145db-archiver",
                              - "arn:aws:iam::000000000000:role/cl-6145db-ecs_execution",
                              - "arn:aws:iam::000000000000:role/cl-6145db-ecs_task",
                              - "arn:aws:iam::000000000000:role/cl-6145db-projector",
                              - "arn:aws:iam::000000000000:role/cl-6145db-relay",
                              - "arn:aws:iam::000000000000:role/cl-6145db-scheduler",
                            ]
                        }
                      - Resource  = "*"
                      - Sid       = "ProtectKeys"
                    },
                  - {
                      - Action    = [
                          - "kms:Decrypt",
                          - "kms:GenerateDataKey",
                        ]
                      - Effect    = "Deny"
                      - Principal = {
                          - AWS = [
                              - "arn:aws:iam::000000000000:role/cl-6145db-archiver",
                              - "arn:aws:iam::000000000000:role/cl-6145db-ecs_execution",
                              - "arn:aws:iam::000000000000:role/cl-6145db-scheduler",
                            ]
                        }
                      - Resource  = "*"
                      - Sid       = "IsolateKeys"
                    },
                ]
              - Version   = "2012-10-17"
            }
        ) -> null
      - region                             = "us-east-1" -> null
      - rotation_period_in_days            = 0 -> null
      - tags                               = {
          - "ClearLedgerKeyUsage" = "messaging"
          - "Name"                = "cl-6145db-messaging"
        } -> null
      - tags_all                           = {
          - "ClearLedgerDeployment" = "cl-6145db"
          - "ClearLedgerKeyUsage"   = "messaging"
          - "Name"                  = "cl-6145db-messaging"
        } -> null
        # (2 unchanged attributes hidden)
    }

  # aws_kms_key.key["projection"] will be destroyed
  - resource "aws_kms_key" "key" {
      - arn                                = "arn:aws:kms:us-east-1:000000000000:key/dc93151b-e3e2-4bea-827b-ca4a1081f429" -> null
      - bypass_policy_lockout_safety_check = false -> null
      - customer_master_key_spec           = "SYMMETRIC_DEFAULT" -> null
      - deletion_window_in_days            = 10 -> null
      - description                        = "cl-6145db-projection" -> null
      - enable_key_rotation                = true -> null
      - id                                 = "dc93151b-e3e2-4bea-827b-ca4a1081f429" -> null
      - is_enabled                         = true -> null
      - key_id                             = "dc93151b-e3e2-4bea-827b-ca4a1081f429" -> null
      - key_usage                          = "ENCRYPT_DECRYPT" -> null
      - multi_region                       = false -> null
      - policy                             = jsonencode(
            {
              - Statement = [
                  - {
                      - Action    = "kms:*"
                      - Effect    = "Allow"
                      - Principal = {
                          - AWS = "arn:aws:iam::000000000000:root"
                        }
                      - Resource  = "*"
                      - Sid       = "RootAdministration"
                    },
                  - {
                      - Action    = [
                          - "kms:Decrypt",
                          - "kms:GenerateDataKey",
                          - "kms:DescribeKey",
                        ]
                      - Effect    = "Allow"
                      - Principal = {
                          - AWS = [
                              - "arn:aws:iam::000000000000:role/cl-6145db-ecs_task",
                              - "arn:aws:iam::000000000000:role/cl-6145db-projector",
                            ]
                        }
                      - Resource  = "*"
                      - Sid       = "WorkloadUsage"
                    },
                  - {
                      - Action    = [
                          - "kms:DisableKey",
                          - "kms:ScheduleKeyDeletion",
                        ]
                      - Effect    = "Deny"
                      - Principal = {
                          - AWS = [
                              - "arn:aws:iam::000000000000:role/cl-6145db-archiver",
                              - "arn:aws:iam::000000000000:role/cl-6145db-ecs_execution",
                              - "arn:aws:iam::000000000000:role/cl-6145db-ecs_task",
                              - "arn:aws:iam::000000000000:role/cl-6145db-projector",
                              - "arn:aws:iam::000000000000:role/cl-6145db-relay",
                              - "arn:aws:iam::000000000000:role/cl-6145db-scheduler",
                            ]
                        }
                      - Resource  = "*"
                      - Sid       = "ProtectKeys"
                    },
                  - {
                      - Action    = [
                          - "kms:Decrypt",
                          - "kms:GenerateDataKey",
                        ]
                      - Effect    = "Deny"
                      - Principal = {
                          - AWS = [
                              - "arn:aws:iam::000000000000:role/cl-6145db-archiver",
                              - "arn:aws:iam::000000000000:role/cl-6145db-ecs_execution",
                              - "arn:aws:iam::000000000000:role/cl-6145db-relay",
                              - "arn:aws:iam::000000000000:role/cl-6145db-scheduler",
                            ]
                        }
                      - Resource  = "*"
                      - Sid       = "IsolateKeys"
                    },
                ]
              - Version   = "2012-10-17"
            }
        ) -> null
      - region                             = "us-east-1" -> null
      - rotation_period_in_days            = 0 -> null
      - tags                               = {
          - "ClearLedgerKeyUsage" = "projection"
          - "Name"                = "cl-6145db-projection"
        } -> null
      - tags_all                           = {
          - "ClearLedgerDeployment" = "cl-6145db"
          - "ClearLedgerKeyUsage"   = "projection"
          - "Name"                  = "cl-6145db-projection"
        } -> null
        # (2 unchanged attributes hidden)
    }

  # aws_lambda_event_source_mapping.projector will be destroyed
  - resource "aws_lambda_event_source_mapping" "projector" {
      - batch_size                         = 5 -> null
      - bisect_batch_on_function_error     = false -> null
      - enabled                            = true -> null
      - event_source_arn                   = "arn:aws:sqs:us-east-1:000000000000:cl-6145db-events" -> null
      - function_arn                       = "arn:aws:lambda:us-east-1:000000000000:function:cl-6145db-projector" -> null
      - function_name                      = "arn:aws:lambda:us-east-1:000000000000:function:cl-6145db-projector" -> null
      - function_response_types            = [
          - "ReportBatchItemFailures",
        ] -> null
      - id                                 = "14f61831-7013-4bba-b533-2147781d3f62" -> null
      - last_modified                      = "2026-10-10T19:13:49Z" -> null
      - maximum_batching_window_in_seconds = 0 -> null
      - maximum_record_age_in_seconds      = 0 -> null
      - maximum_retry_attempts             = 0 -> null
      - parallelization_factor             = 0 -> null
      - queues                             = [] -> null
      - region                             = "us-east-1" -> null
      - state                              = "Enabled" -> null
      - tags                               = {} -> null
      - tags_all                           = {} -> null
      - topics                             = [] -> null
      - tumbling_window_in_seconds         = 0 -> null
      - uuid                               = "14f61831-7013-4bba-b533-2147781d3f62" -> null
        # (6 unchanged attributes hidden)
    }

  # aws_lambda_function.worker["archiver"] will be destroyed
  - resource "aws_lambda_function" "worker" {
      - architectures                  = [
          - "x86_64",
        ] -> null
      - arn                            = "arn:aws:lambda:us-east-1:000000000000:function:cl-6145db-archiver" -> null
      - function_name                  = "cl-6145db-archiver" -> null
      - id                             = "cl-6145db-archiver" -> null
      - image_uri                      = "clearledger/archiver:1.0.0" -> null
      - invoke_arn                     = "arn:aws:apigateway:us-east-1:lambda:path/2015-03-31/functions/arn:aws:lambda:us-east-1:000000000000:function:cl-6145db-archiver/invocations" -> null
      - last_modified                  = "2026-10-10T19:05:14.246+0000" -> null
      - layers                         = [] -> null
      - memory_size                    = 256 -> null
      - package_type                   = "Image" -> null
      - publish                        = false -> null
      - qualified_arn                  = "arn:aws:lambda:us-east-1:000000000000:function:cl-6145db-archiver" -> null
      - qualified_invoke_arn           = "arn:aws:apigateway:us-east-1:lambda:path/2015-03-31/functions/arn:aws:lambda:us-east-1:000000000000:function:cl-6145db-archiver/invocations" -> null
      - region                         = "us-east-1" -> null
      - reserved_concurrent_executions = -1 -> null
      - response_streaming_invoke_arn  = "arn:aws:apigateway:us-east-1:lambda:path/2021-11-15/functions/arn:aws:lambda:us-east-1:000000000000:function:cl-6145db-archiver/response-streaming-invocations" -> null
      - role                           = "arn:aws:iam::000000000000:role/cl-6145db-archiver" -> null
      - skip_destroy                   = false -> null
      - source_code_size               = 0 -> null
      - tags                           = {} -> null
      - tags_all                       = {
          - "ClearLedgerDeployment" = "cl-6145db"
        } -> null
      - timeout                        = 30 -> null
      - version                        = "$LATEST" -> null
        # (10 unchanged attributes hidden)

      - environment {
          - variables = {
              - "AUDIT_BUCKET"          = "cl-6145db-audit"
              - "AUDIT_PREFIX"          = "ledger-audit/"
              - "AWS_ACCESS_KEY_ID"     = "test"
              - "AWS_DEFAULT_REGION"    = "us-east-1"
              - "AWS_ENDPOINT_URL"      = "http://aws:4566"
              - "AWS_REGION"            = "us-east-1"
              - "AWS_SECRET_ACCESS_KEY" = "test"
              - "CLOUDWATCH_LOG_GROUP"  = "/clearledger/cl-6145db/audit-archiver"
              - "DATABASE_URL"          = "postgres://clearledger:Clcfb0dad964%21@aws:7001/clearledger"
            } -> null
        }

      - ephemeral_storage {
          - size = 512 -> null
        }

      - image_config {
          - command           = [] -> null
          - entry_point       = [] -> null
            # (1 unchanged attribute hidden)
        }

      - logging_config {
          - log_format            = "Text" -> null
          - log_group             = "/aws/lambda/cl-6145db-archiver" -> null
            # (2 unchanged attributes hidden)
        }

      - tracing_config {
          - mode = "PassThrough" -> null
        }
    }

  # aws_lambda_function.worker["projector"] will be destroyed
  - resource "aws_lambda_function" "worker" {
      - architectures                  = [
          - "x86_64",
        ] -> null
      - arn                            = "arn:aws:lambda:us-east-1:000000000000:function:cl-6145db-projector" -> null
      - function_name                  = "cl-6145db-projector" -> null
      - id                             = "cl-6145db-projector" -> null
      - image_uri                      = "clearledger/projector:1.0.0" -> null
      - invoke_arn                     = "arn:aws:apigateway:us-east-1:lambda:path/2015-03-31/functions/arn:aws:lambda:us-east-1:000000000000:function:cl-6145db-projector/invocations" -> null
      - last_modified                  = "2026-10-10T19:05:14.246+0000" -> null
      - layers                         = [] -> null
      - memory_size                    = 256 -> null
      - package_type                   = "Image" -> null
      - publish                        = false -> null
      - qualified_arn                  = "arn:aws:lambda:us-east-1:000000000000:function:cl-6145db-projector" -> null
      - qualified_invoke_arn           = "arn:aws:apigateway:us-east-1:lambda:path/2015-03-31/functions/arn:aws:lambda:us-east-1:000000000000:function:cl-6145db-projector/invocations" -> null
      - region                         = "us-east-1" -> null
      - reserved_concurrent_executions = -1 -> null
      - response_streaming_invoke_arn  = "arn:aws:apigateway:us-east-1:lambda:path/2021-11-15/functions/arn:aws:lambda:us-east-1:000000000000:function:cl-6145db-projector/response-streaming-invocations" -> null
      - role                           = "arn:aws:iam::000000000000:role/cl-6145db-projector" -> null
      - skip_destroy                   = false -> null
      - source_code_size               = 0 -> null
      - tags                           = {} -> null
      - tags_all                       = {
          - "ClearLedgerDeployment" = "cl-6145db"
        } -> null
      - timeout                        = 30 -> null
      - version                        = "$LATEST" -> null
        # (10 unchanged attributes hidden)

      - environment {
          - variables = {
              - "AWS_ACCESS_KEY_ID"     = "test"
              - "AWS_DEFAULT_REGION"    = "us-east-1"
              - "AWS_ENDPOINT_URL"      = "http://aws:4566"
              - "AWS_REGION"            = "us-east-1"
              - "AWS_SECRET_ACCESS_KEY" = "test"
              - "CLOUDWATCH_LOG_GROUP"  = "/clearledger/cl-6145db/projector"
              - "PROJECTION_TABLE"      = "cl-6145db-projections"
              - "VALKEY_URL"            = "redis://aws:6379"
            } -> null
        }

      - ephemeral_storage {
          - size = 512 -> null
        }

      - image_config {
          - command           = [] -> null
          - entry_point       = [] -> null
            # (1 unchanged attribute hidden)
        }

      - logging_config {
          - log_format            = "Text" -> null
          - log_group             = "/aws/lambda/cl-6145db-projector" -> null
            # (2 unchanged attributes hidden)
        }

      - tracing_config {
          - mode = "PassThrough" -> null
        }
    }

  # aws_lambda_function.worker["relay"] will be destroyed
  - resource "aws_lambda_function" "worker" {
      - architectures                  = [
          - "x86_64",
        ] -> null
      - arn                            = "arn:aws:lambda:us-east-1:000000000000:function:cl-6145db-relay" -> null
      - function_name                  = "cl-6145db-relay" -> null
      - id                             = "cl-6145db-relay" -> null
      - image_uri                      = "clearledger/relay:1.0.0" -> null
      - invoke_arn                     = "arn:aws:apigateway:us-east-1:lambda:path/2015-03-31/functions/arn:aws:lambda:us-east-1:000000000000:function:cl-6145db-relay/invocations" -> null
      - last_modified                  = "2026-10-10T19:05:14.250+0000" -> null
      - layers                         = [] -> null
      - memory_size                    = 256 -> null
      - package_type                   = "Image" -> null
      - publish                        = false -> null
      - qualified_arn                  = "arn:aws:lambda:us-east-1:000000000000:function:cl-6145db-relay" -> null
      - qualified_invoke_arn           = "arn:aws:apigateway:us-east-1:lambda:path/2015-03-31/functions/arn:aws:lambda:us-east-1:000000000000:function:cl-6145db-relay/invocations" -> null
      - region                         = "us-east-1" -> null
      - reserved_concurrent_executions = -1 -> null
      - response_streaming_invoke_arn  = "arn:aws:apigateway:us-east-1:lambda:path/2021-11-15/functions/arn:aws:lambda:us-east-1:000000000000:function:cl-6145db-relay/response-streaming-invocations" -> null
      - role                           = "arn:aws:iam::000000000000:role/cl-6145db-relay" -> null
      - skip_destroy                   = false -> null
      - source_code_size               = 0 -> null
      - tags                           = {} -> null
      - tags_all                       = {
          - "ClearLedgerDeployment" = "cl-6145db"
        } -> null
      - timeout                        = 30 -> null
      - version                        = "$LATEST" -> null
        # (10 unchanged attributes hidden)

      - environment {
          - variables = {
              - "AWS_ACCESS_KEY_ID"     = "test"
              - "AWS_DEFAULT_REGION"    = "us-east-1"
              - "AWS_ENDPOINT_URL"      = "http://aws:4566"
              - "AWS_REGION"            = "us-east-1"
              - "AWS_SECRET_ACCESS_KEY" = "test"
              - "CLOUDWATCH_LOG_GROUP"  = "/clearledger/cl-6145db/outbox-relay"
              - "DATABASE_URL"          = "postgres://clearledger:Clcfb0dad964%21@aws:7001/clearledger"
              - "OUTBOX_BATCH_SIZE"     = "50"
              - "SQS_QUEUE_URL"         = "http://aws:4566/000000000000/cl-6145db-events"
            } -> null
        }

      - ephemeral_storage {
          - size = 512 -> null
        }

      - image_config {
          - command           = [] -> null
          - entry_point       = [] -> null
            # (1 unchanged attribute hidden)
        }

      - logging_config {
          - log_format            = "Text" -> null
          - log_group             = "/aws/lambda/cl-6145db-relay" -> null
            # (2 unchanged attributes hidden)
        }

      - tracing_config {
          - mode = "PassThrough" -> null
        }
    }

  # aws_lb.main will be destroyed
  - resource "aws_lb" "main" {
      - arn                                                          = "arn:aws:elasticloadbalancing:us-east-1:000000000000:loadbalancer/app/cl-6145db-alb/83abff57313d4c94" -> null
      - arn_suffix                                                   = "app/cl-6145db-alb/83abff57313d4c94" -> null
      - client_keep_alive                                            = 3600 -> null
      - desync_mitigation_mode                                       = "defensive" -> null
      - dns_name                                                     = "cl-6145db-alb-83abff57313d4c94.elb.aws" -> null
      - drop_invalid_header_fields                                   = false -> null
      - enable_cross_zone_load_balancing                             = true -> null
      - enable_deletion_protection                                   = false -> null
      - enable_http2                                                 = true -> null
      - enable_tls_version_and_cipher_suite_headers                  = false -> null
      - enable_waf_fail_open                                         = false -> null
      - enable_xff_client_port                                       = false -> null
      - enable_zonal_shift                                           = false -> null
      - id                                                           = "arn:aws:elasticloadbalancing:us-east-1:000000000000:loadbalancer/app/cl-6145db-alb/83abff57313d4c94" -> null
      - idle_timeout                                                 = 60 -> null
      - internal                                                     = false -> null
      - ip_address_type                                              = "ipv4" -> null
      - load_balancer_type                                           = "application" -> null
      - name                                                         = "cl-6145db-alb" -> null
      - preserve_host_header                                         = false -> null
      - region                                                       = "us-east-1" -> null
      - security_groups                                              = [
          - "sg-0a13effa1e8bd753e",
        ] -> null
      - subnets                                                      = [
          - "subnet-486079f4",
          - "subnet-a8f4e264",
        ] -> null
      - tags                                                         = {} -> null
      - tags_all                                                     = {
          - "ClearLedgerDeployment" = "cl-6145db"
        } -> null
      - vpc_id                                                       = "vpc-d9356ffb" -> null
      - xff_header_processing_mode                                   = "append" -> null
      - zone_id                                                      = "Z35SXDOTRQ7X7K" -> null
        # (4 unchanged attributes hidden)

      - access_logs {
          - enabled = false -> null
            # (2 unchanged attributes hidden)
        }

      - connection_logs {
          - enabled = false -> null
            # (2 unchanged attributes hidden)
        }

      - health_check_logs {
          - enabled = false -> null
            # (2 unchanged attributes hidden)
        }

      - subnet_mapping {
          - subnet_id            = "subnet-486079f4" -> null
            # (4 unchanged attributes hidden)
        }
      - subnet_mapping {
          - subnet_id            = "subnet-a8f4e264" -> null
            # (4 unchanged attributes hidden)
        }
    }

  # aws_lb_listener.main will be destroyed
  - resource "aws_lb_listener" "main" {
      - arn               = "arn:aws:elasticloadbalancing:us-east-1:000000000000:listener/app/cl-6145db-alb/83abff57313d4c94/3024b8e6b1a641a3" -> null
      - id                = "arn:aws:elasticloadbalancing:us-east-1:000000000000:listener/app/cl-6145db-alb/83abff57313d4c94/3024b8e6b1a641a3" -> null
      - load_balancer_arn = "arn:aws:elasticloadbalancing:us-east-1:000000000000:loadbalancer/app/cl-6145db-alb/83abff57313d4c94" -> null
      - port              = 80 -> null
      - protocol          = "HTTP" -> null
      - region            = "us-east-1" -> null
      - tags              = {} -> null
      - tags_all          = {
          - "ClearLedgerDeployment" = "cl-6145db"
        } -> null
        # (1 unchanged attribute hidden)

      - default_action {
          - order            = 1 -> null
          - target_group_arn = "arn:aws:elasticloadbalancing:us-east-1:000000000000:targetgroup/cl-6145db-api/0f6ec5752c5a4bba" -> null
          - type             = "forward" -> null
        }
    }

  # aws_lb_target_group.main will be destroyed
  - resource "aws_lb_target_group" "main" {
      - arn                                = "arn:aws:elasticloadbalancing:us-east-1:000000000000:targetgroup/cl-6145db-api/0f6ec5752c5a4bba" -> null
      - arn_suffix                         = "targetgroup/cl-6145db-api/0f6ec5752c5a4bba" -> null
      - deregistration_delay               = "5" -> null
      - id                                 = "arn:aws:elasticloadbalancing:us-east-1:000000000000:targetgroup/cl-6145db-api/0f6ec5752c5a4bba" -> null
      - ip_address_type                    = "ipv4" -> null
      - lambda_multi_value_headers_enabled = false -> null
      - load_balancer_arns                 = [
          - "arn:aws:elasticloadbalancing:us-east-1:000000000000:loadbalancer/app/cl-6145db-alb/83abff57313d4c94",
        ] -> null
      - load_balancing_algorithm_type      = "round_robin" -> null
      - load_balancing_cross_zone_enabled  = "use_load_balancer_configuration" -> null
      - name                               = "cl-6145db-api" -> null
      - port                               = 8080 -> null
      - protocol                           = "HTTP" -> null
      - proxy_protocol_v2                  = false -> null
      - region                             = "us-east-1" -> null
      - slow_start                         = 0 -> null
      - tags                               = {} -> null
      - tags_all                           = {
          - "ClearLedgerDeployment" = "cl-6145db"
        } -> null
      - target_control_port                = 0 -> null
      - target_type                        = "ip" -> null
      - vpc_id                             = "vpc-d9356ffb" -> null
        # (2 unchanged attributes hidden)

      - health_check {
          - enabled             = true -> null
          - healthy_threshold   = 2 -> null
          - interval            = 5 -> null
          - matcher             = "200" -> null
          - path                = "/health/ready" -> null
          - port                = "traffic-port" -> null
          - protocol            = "HTTP" -> null
          - timeout             = 2 -> null
          - unhealthy_threshold = 3 -> null
        }

      - stickiness {
          - cookie_duration = 86400 -> null
          - enabled         = false -> null
          - type            = "lb_cookie" -> null
            # (1 unchanged attribute hidden)
        }

      - target_failover {}

      - target_group_health {
          - dns_failover {}
          - unhealthy_state_routing {}
        }

      - target_health_state {}
    }

  # aws_route_table.private will be destroyed
  - resource "aws_route_table" "private" {
      - arn              = "arn:aws:ec2:us-east-1:000000000000:route-table/rtb-e8dee760" -> null
      - id               = "rtb-e8dee760" -> null
      - owner_id         = "000000000000" -> null
      - propagating_vgws = [] -> null
      - region           = "us-east-1" -> null
      - route            = [] -> null
      - tags             = {
          - "Name" = "cl-6145db-private"
        } -> null
      - tags_all         = {
          - "ClearLedgerDeployment" = "cl-6145db"
          - "Name"                  = "cl-6145db-private"
        } -> null
      - vpc_id           = "vpc-d9356ffb" -> null
    }

  # aws_route_table.public will be destroyed
  - resource "aws_route_table" "public" {
      - arn              = "arn:aws:ec2:us-east-1:000000000000:route-table/rtb-4d5d2e30" -> null
      - id               = "rtb-4d5d2e30" -> null
      - owner_id         = "000000000000" -> null
      - propagating_vgws = [] -> null
      - region           = "us-east-1" -> null
      - route            = [
          - {
              - cidr_block                 = "0.0.0.0/0"
              - gateway_id                 = "igw-908f0e04"
                # (12 unchanged attributes hidden)
            },
        ] -> null
      - tags             = {
          - "Name" = "cl-6145db-public"
        } -> null
      - tags_all         = {
          - "ClearLedgerDeployment" = "cl-6145db"
          - "Name"                  = "cl-6145db-public"
        } -> null
      - vpc_id           = "vpc-d9356ffb" -> null
    }

  # aws_route_table_association.private[0] will be destroyed
  - resource "aws_route_table_association" "private" {
      - id             = "rtbassoc-c4210244" -> null
      - region         = "us-east-1" -> null
      - route_table_id = "rtb-e8dee760" -> null
      - subnet_id      = "subnet-10df9b0e" -> null
        # (1 unchanged attribute hidden)
    }

  # aws_route_table_association.private[1] will be destroyed
  - resource "aws_route_table_association" "private" {
      - id             = "rtbassoc-a63ffc36" -> null
      - region         = "us-east-1" -> null
      - route_table_id = "rtb-e8dee760" -> null
      - subnet_id      = "subnet-802d7400" -> null
        # (1 unchanged attribute hidden)
    }

  # aws_route_table_association.public[0] will be destroyed
  - resource "aws_route_table_association" "public" {
      - id             = "rtbassoc-862969f7" -> null
      - region         = "us-east-1" -> null
      - route_table_id = "rtb-4d5d2e30" -> null
      - subnet_id      = "subnet-a8f4e264" -> null
        # (1 unchanged attribute hidden)
    }

  # aws_route_table_association.public[1] will be destroyed
  - resource "aws_route_table_association" "public" {
      - id             = "rtbassoc-dc0ebf0c" -> null
      - region         = "us-east-1" -> null
      - route_table_id = "rtb-4d5d2e30" -> null
      - subnet_id      = "subnet-486079f4" -> null
        # (1 unchanged attribute hidden)
    }

  # aws_s3_bucket.audit will be destroyed
  - resource "aws_s3_bucket" "audit" {
      - arn                         = "arn:aws:s3:::cl-6145db-audit" -> null
      - bucket                      = "cl-6145db-audit" -> null
      - bucket_domain_name          = "cl-6145db-audit.s3.amazonaws.com" -> null
      - bucket_namespace            = "global" -> null
      - bucket_region               = "us-east-1" -> null
      - bucket_regional_domain_name = "cl-6145db-audit.s3.us-east-1.amazonaws.com" -> null
      - force_destroy               = true -> null
      - hosted_zone_id              = "Z3AQBSTGFYJSTF" -> null
      - id                          = "cl-6145db-audit" -> null
      - object_lock_enabled         = false -> null
      - policy                      = jsonencode(
            {
              - Statement = [
                  - {
                      - Action    = [
                          - "s3:PutObject",
                          - "s3:GetObject",
                          - "s3:AbortMultipartUpload",
                        ]
                      - Effect    = "Allow"
                      - Principal = {
                          - AWS = "arn:aws:iam::000000000000:role/cl-6145db-archiver"
                        }
                      - Resource  = "arn:aws:s3:::cl-6145db-audit/ledger-audit/*"
                    },
                  - {
                      - Action    = [
                          - "s3:ListBucket",
                          - "s3:GetBucketLocation",
                        ]
                      - Effect    = "Allow"
                      - Principal = {
                          - AWS = "arn:aws:iam::000000000000:role/cl-6145db-archiver"
                        }
                      - Resource  = "arn:aws:s3:::cl-6145db-audit"
                    },
                  - {
                      - Action    = [
                          - "s3:DeleteObject",
                          - "s3:DeleteObjectVersion",
                        ]
                      - Effect    = "Deny"
                      - Principal = {
                          - AWS = [
                              - "arn:aws:iam::000000000000:role/cl-6145db-archiver",
                              - "arn:aws:iam::000000000000:role/cl-6145db-ecs_execution",
                              - "arn:aws:iam::000000000000:role/cl-6145db-ecs_task",
                              - "arn:aws:iam::000000000000:role/cl-6145db-projector",
                              - "arn:aws:iam::000000000000:role/cl-6145db-relay",
                              - "arn:aws:iam::000000000000:role/cl-6145db-scheduler",
                            ]
                        }
                      - Resource  = [
                          - "arn:aws:s3:::cl-6145db-audit",
                          - "arn:aws:s3:::cl-6145db-audit/*",
                        ]
                    },
                  - {
                      - Action    = [
                          - "s3:PutObject",
                        ]
                      - Effect    = "Deny"
                      - Principal = {
                          - AWS = [
                              - "arn:aws:iam::000000000000:role/cl-6145db-ecs_execution",
                              - "arn:aws:iam::000000000000:role/cl-6145db-ecs_task",
                              - "arn:aws:iam::000000000000:role/cl-6145db-projector",
                              - "arn:aws:iam::000000000000:role/cl-6145db-relay",
                              - "arn:aws:iam::000000000000:role/cl-6145db-scheduler",
                            ]
                        }
                      - Resource  = [
                          - "arn:aws:s3:::cl-6145db-audit",
                          - "arn:aws:s3:::cl-6145db-audit/*",
                        ]
                    },
                ]
              - Version   = "2012-10-17"
            }
        ) -> null
      - region                      = "us-east-1" -> null
      - request_payer               = "BucketOwner" -> null
      - tags                        = {} -> null
      - tags_all                    = {
          - "ClearLedgerDeployment" = "cl-6145db"
        } -> null
        # (2 unchanged attributes hidden)

      - grant {
          - id          = "000000000000" -> null
          - permissions = [
              - "FULL_CONTROL",
            ] -> null
          - type        = "CanonicalUser" -> null
            # (1 unchanged attribute hidden)
        }

      - server_side_encryption_configuration {
          - rule {
              - bucket_key_enabled = false -> null

              - apply_server_side_encryption_by_default {
                  - kms_master_key_id = "arn:aws:kms:us-east-1:000000000000:key/f9b78db2-aa0e-48e4-98ef-4615c5c93e3d" -> null
                  - sse_algorithm     = "aws:kms" -> null
                }
            }
        }

      - versioning {
          - enabled    = true -> null
          - mfa_delete = false -> null
        }
    }

  # aws_s3_bucket_policy.audit will be destroyed
  - resource "aws_s3_bucket_policy" "audit" {
      - bucket = "cl-6145db-audit" -> null
      - id     = "cl-6145db-audit" -> null
      - policy = jsonencode(
            {
              - Statement = [
                  - {
                      - Action    = [
                          - "s3:PutObject",
                          - "s3:GetObject",
                          - "s3:AbortMultipartUpload",
                        ]
                      - Effect    = "Allow"
                      - Principal = {
                          - AWS = "arn:aws:iam::000000000000:role/cl-6145db-archiver"
                        }
                      - Resource  = "arn:aws:s3:::cl-6145db-audit/ledger-audit/*"
                    },
                  - {
                      - Action    = [
                          - "s3:ListBucket",
                          - "s3:GetBucketLocation",
                        ]
                      - Effect    = "Allow"
                      - Principal = {
                          - AWS = "arn:aws:iam::000000000000:role/cl-6145db-archiver"
                        }
                      - Resource  = "arn:aws:s3:::cl-6145db-audit"
                    },
                  - {
                      - Action    = [
                          - "s3:DeleteObject",
                          - "s3:DeleteObjectVersion",
                        ]
                      - Effect    = "Deny"
                      - Principal = {
                          - AWS = [
                              - "arn:aws:iam::000000000000:role/cl-6145db-archiver",
                              - "arn:aws:iam::000000000000:role/cl-6145db-ecs_execution",
                              - "arn:aws:iam::000000000000:role/cl-6145db-ecs_task",
                              - "arn:aws:iam::000000000000:role/cl-6145db-projector",
                              - "arn:aws:iam::000000000000:role/cl-6145db-relay",
                              - "arn:aws:iam::000000000000:role/cl-6145db-scheduler",
                            ]
                        }
                      - Resource  = [
                          - "arn:aws:s3:::cl-6145db-audit",
                          - "arn:aws:s3:::cl-6145db-audit/*",
                        ]
                    },
                  - {
                      - Action    = [
                          - "s3:PutObject",
                        ]
                      - Effect    = "Deny"
                      - Principal = {
                          - AWS = [
                              - "arn:aws:iam::000000000000:role/cl-6145db-ecs_execution",
                              - "arn:aws:iam::000000000000:role/cl-6145db-ecs_task",
                              - "arn:aws:iam::000000000000:role/cl-6145db-projector",
                              - "arn:aws:iam::000000000000:role/cl-6145db-relay",
                              - "arn:aws:iam::000000000000:role/cl-6145db-scheduler",
                            ]
                        }
                      - Resource  = [
                          - "arn:aws:s3:::cl-6145db-audit",
                          - "arn:aws:s3:::cl-6145db-audit/*",
                        ]
                    },
                ]
              - Version   = "2012-10-17"
            }
        ) -> null
      - region = "us-east-1" -> null
    }

  # aws_s3_bucket_public_access_block.audit will be destroyed
  - resource "aws_s3_bucket_public_access_block" "audit" {
      - block_public_acls       = true -> null
      - block_public_policy     = true -> null
      - bucket                  = "cl-6145db-audit" -> null
      - id                      = "cl-6145db-audit" -> null
      - ignore_public_acls      = true -> null
      - region                  = "us-east-1" -> null
      - restrict_public_buckets = true -> null
    }

  # aws_s3_bucket_server_side_encryption_configuration.audit will be destroyed
  - resource "aws_s3_bucket_server_side_encryption_configuration" "audit" {
      - bucket                = "cl-6145db-audit" -> null
      - id                    = "cl-6145db-audit" -> null
      - region                = "us-east-1" -> null
        # (1 unchanged attribute hidden)

      - rule {
          - blocked_encryption_types = [] -> null
          - bucket_key_enabled       = false -> null

          - apply_server_side_encryption_by_default {
              - kms_master_key_id = "arn:aws:kms:us-east-1:000000000000:key/f9b78db2-aa0e-48e4-98ef-4615c5c93e3d" -> null
              - sse_algorithm     = "aws:kms" -> null
            }
        }
    }

  # aws_s3_bucket_versioning.audit will be destroyed
  - resource "aws_s3_bucket_versioning" "audit" {
      - bucket                = "cl-6145db-audit" -> null
      - id                    = "cl-6145db-audit" -> null
      - region                = "us-east-1" -> null
        # (1 unchanged attribute hidden)

      - versioning_configuration {
          - mfa_delete = "Disabled" -> null
          - status     = "Enabled" -> null
        }
    }

  # aws_scheduler_schedule.worker["archiver"] will be destroyed
  - resource "aws_scheduler_schedule" "worker" {
      - arn                          = "arn:aws:scheduler:us-east-1:000000000000:schedule/default/cl-6145db-archiver" -> null
      - group_name                   = "default" -> null
      - id                           = "default/cl-6145db-archiver" -> null
      - name                         = "cl-6145db-archiver" -> null
      - region                       = "us-east-1" -> null
      - schedule_expression          = "rate(5 minutes)" -> null
      - schedule_expression_timezone = "UTC" -> null
      - state                        = "ENABLED" -> null
        # (6 unchanged attributes hidden)

      - flexible_time_window {
          - maximum_window_in_minutes = 0 -> null
          - mode                      = "OFF" -> null
        }

      - target {
          - arn      = "arn:aws:lambda:us-east-1:000000000000:function:cl-6145db-archiver" -> null
          - input    = jsonencode({})
          - role_arn = "arn:aws:iam::000000000000:role/cl-6145db-scheduler" -> null
        }
    }

  # aws_scheduler_schedule.worker["relay"] will be destroyed
  - resource "aws_scheduler_schedule" "worker" {
      - arn                          = "arn:aws:scheduler:us-east-1:000000000000:schedule/default/cl-6145db-relay" -> null
      - group_name                   = "default" -> null
      - id                           = "default/cl-6145db-relay" -> null
      - name                         = "cl-6145db-relay" -> null
      - region                       = "us-east-1" -> null
      - schedule_expression          = "rate(1 minute)" -> null
      - schedule_expression_timezone = "UTC" -> null
      - state                        = "ENABLED" -> null
        # (6 unchanged attributes hidden)

      - flexible_time_window {
          - maximum_window_in_minutes = 0 -> null
          - mode                      = "OFF" -> null
        }

      - target {
          - arn      = "arn:aws:lambda:us-east-1:000000000000:function:cl-6145db-relay" -> null
          - input    = jsonencode({})
          - role_arn = "arn:aws:iam::000000000000:role/cl-6145db-scheduler" -> null
        }
    }

  # aws_security_group.alb will be destroyed
  - resource "aws_security_group" "alb" {
      - arn                    = "arn:aws:ec2:us-east-1:000000000000:security-group/sg-0a13effa1e8bd753e" -> null
      - description            = "Managed by Terraform" -> null
      - egress                 = [
          - {
              - cidr_blocks      = [
                  - "10.42.0.0/16",
                ]
              - from_port        = 8080
              - ipv6_cidr_blocks = []
              - prefix_list_ids  = []
              - protocol         = "tcp"
              - security_groups  = []
              - self             = false
              - to_port          = 8080
                # (1 unchanged attribute hidden)
            },
        ] -> null
      - id                     = "sg-0a13effa1e8bd753e" -> null
      - ingress                = [
          - {
              - cidr_blocks      = [
                  - "0.0.0.0/0",
                ]
              - from_port        = 80
              - ipv6_cidr_blocks = []
              - prefix_list_ids  = []
              - protocol         = "tcp"
              - security_groups  = []
              - self             = false
              - to_port          = 80
                # (1 unchanged attribute hidden)
            },
        ] -> null
      - name                   = "cl-6145db-alb" -> null
      - owner_id               = "000000000000" -> null
      - region                 = "us-east-1" -> null
      - revoke_rules_on_delete = false -> null
      - tags                   = {} -> null
      - tags_all               = {
          - "ClearLedgerDeployment" = "cl-6145db"
        } -> null
      - vpc_id                 = "vpc-d9356ffb" -> null
        # (1 unchanged attribute hidden)
    }

  # aws_security_group.ecs will be destroyed
  - resource "aws_security_group" "ecs" {
      - arn                    = "arn:aws:ec2:us-east-1:000000000000:security-group/sg-609542abbdd6241bf" -> null
      - description            = "Managed by Terraform" -> null
      - egress                 = [
          - {
              - cidr_blocks      = [
                  - "0.0.0.0/0",
                ]
              - from_port        = 0
              - ipv6_cidr_blocks = []
              - prefix_list_ids  = []
              - protocol         = "-1"
              - security_groups  = []
              - self             = false
              - to_port          = 0
                # (1 unchanged attribute hidden)
            },
        ] -> null
      - id                     = "sg-609542abbdd6241bf" -> null
      - ingress                = [
          - {
              - cidr_blocks      = []
              - from_port        = 8080
              - ipv6_cidr_blocks = []
              - prefix_list_ids  = []
              - protocol         = "tcp"
              - security_groups  = [
                  - "sg-0a13effa1e8bd753e",
                ]
              - self             = false
              - to_port          = 8080
                # (1 unchanged attribute hidden)
            },
        ] -> null
      - name                   = "cl-6145db-ecs" -> null
      - owner_id               = "000000000000" -> null
      - region                 = "us-east-1" -> null
      - revoke_rules_on_delete = false -> null
      - tags                   = {} -> null
      - tags_all               = {
          - "ClearLedgerDeployment" = "cl-6145db"
        } -> null
      - vpc_id                 = "vpc-d9356ffb" -> null
        # (1 unchanged attribute hidden)
    }

  # aws_security_group.store["rds"] will be destroyed
  - resource "aws_security_group" "store" {
      - arn                    = "arn:aws:ec2:us-east-1:000000000000:security-group/sg-ecf11d13eca577484" -> null
      - description            = "Managed by Terraform" -> null
      - egress                 = [] -> null
      - id                     = "sg-ecf11d13eca577484" -> null
      - ingress                = [
          - {
              - cidr_blocks      = [
                  - "10.42.0.0/16",
                ]
              - from_port        = 5432
              - ipv6_cidr_blocks = []
              - prefix_list_ids  = []
              - protocol         = "tcp"
              - security_groups  = []
              - self             = false
              - to_port          = 5432
                # (1 unchanged attribute hidden)
            },
        ] -> null
      - name                   = "cl-6145db-rds" -> null
      - owner_id               = "000000000000" -> null
      - region                 = "us-east-1" -> null
      - revoke_rules_on_delete = false -> null
      - tags                   = {} -> null
      - tags_all               = {
          - "ClearLedgerDeployment" = "cl-6145db"
        } -> null
      - vpc_id                 = "vpc-d9356ffb" -> null
        # (1 unchanged attribute hidden)
    }

  # aws_security_group.store["valkey"] will be destroyed
  - resource "aws_security_group" "store" {
      - arn                    = "arn:aws:ec2:us-east-1:000000000000:security-group/sg-9a0cb5e5daa87a219" -> null
      - description            = "Managed by Terraform" -> null
      - egress                 = [] -> null
      - id                     = "sg-9a0cb5e5daa87a219" -> null
      - ingress                = [
          - {
              - cidr_blocks      = [
                  - "10.42.0.0/16",
                ]
              - from_port        = 6379
              - ipv6_cidr_blocks = []
              - prefix_list_ids  = []
              - protocol         = "tcp"
              - security_groups  = []
              - self             = false
              - to_port          = 6379
                # (1 unchanged attribute hidden)
            },
        ] -> null
      - name                   = "cl-6145db-valkey" -> null
      - owner_id               = "000000000000" -> null
      - region                 = "us-east-1" -> null
      - revoke_rules_on_delete = false -> null
      - tags                   = {} -> null
      - tags_all               = {
          - "ClearLedgerDeployment" = "cl-6145db"
        } -> null
      - vpc_id                 = "vpc-d9356ffb" -> null
        # (1 unchanged attribute hidden)
    }

  # aws_sqs_queue.dlq will be destroyed
  - resource "aws_sqs_queue" "dlq" {
      - arn                               = "arn:aws:sqs:us-east-1:000000000000:cl-6145db-dlq" -> null
      - content_based_deduplication       = false -> null
      - delay_seconds                     = 0 -> null
      - fifo_queue                        = false -> null
      - id                                = "http://aws:4566/000000000000/cl-6145db-dlq" -> null
      - kms_data_key_reuse_period_seconds = 300 -> null
      - kms_master_key_id                 = "arn:aws:kms:us-east-1:000000000000:key/a0457d1e-921b-47bb-a434-a7fe00507f6a" -> null
      - max_message_size                  = 262144 -> null
      - message_retention_seconds         = 1209600 -> null
      - name                              = "cl-6145db-dlq" -> null
      - policy                            = jsonencode(
            {
              - Statement = [
                  - {
                      - Action    = [
                          - "sqs:SendMessage",
                        ]
                      - Effect    = "Allow"
                      - Principal = {
                          - AWS = "arn:aws:iam::000000000000:role/cl-6145db-projector"
                        }
                      - Resource  = "arn:aws:sqs:us-east-1:000000000000:cl-6145db-dlq"
                    },
                  - {
                      - Action    = [
                          - "sqs:ReceiveMessage",
                          - "sqs:DeleteMessage",
                        ]
                      - Effect    = "Deny"
                      - Principal = {
                          - AWS = [
                              - "arn:aws:iam::000000000000:role/cl-6145db-archiver",
                              - "arn:aws:iam::000000000000:role/cl-6145db-ecs_execution",
                              - "arn:aws:iam::000000000000:role/cl-6145db-ecs_task",
                              - "arn:aws:iam::000000000000:role/cl-6145db-projector",
                              - "arn:aws:iam::000000000000:role/cl-6145db-relay",
                              - "arn:aws:iam::000000000000:role/cl-6145db-scheduler",
                            ]
                        }
                      - Resource  = "arn:aws:sqs:us-east-1:000000000000:cl-6145db-dlq"
                    },
                  - {
                      - Action    = [
                          - "sqs:SendMessage",
                        ]
                      - Effect    = "Deny"
                      - Principal = {
                          - AWS = [
                              - "arn:aws:iam::000000000000:role/cl-6145db-archiver",
                              - "arn:aws:iam::000000000000:role/cl-6145db-ecs_execution",
                              - "arn:aws:iam::000000000000:role/cl-6145db-ecs_task",
                              - "arn:aws:iam::000000000000:role/cl-6145db-relay",
                              - "arn:aws:iam::000000000000:role/cl-6145db-scheduler",
                            ]
                        }
                      - Resource  = "arn:aws:sqs:us-east-1:000000000000:cl-6145db-dlq"
                    },
                ]
              - Version   = "2012-10-17"
            }
        ) -> null
      - receive_wait_time_seconds         = 0 -> null
      - region                            = "us-east-1" -> null
      - sqs_managed_sse_enabled           = false -> null
      - tags                              = {} -> null
      - tags_all                          = {
          - "ClearLedgerDeployment" = "cl-6145db"
        } -> null
      - url                               = "http://aws:4566/000000000000/cl-6145db-dlq" -> null
      - visibility_timeout_seconds        = 30 -> null
        # (5 unchanged attributes hidden)
    }

  # aws_sqs_queue.main will be destroyed
  - resource "aws_sqs_queue" "main" {
      - arn                               = "arn:aws:sqs:us-east-1:000000000000:cl-6145db-events" -> null
      - content_based_deduplication       = false -> null
      - delay_seconds                     = 0 -> null
      - fifo_queue                        = false -> null
      - id                                = "http://aws:4566/000000000000/cl-6145db-events" -> null
      - kms_data_key_reuse_period_seconds = 300 -> null
      - kms_master_key_id                 = "arn:aws:kms:us-east-1:000000000000:key/a0457d1e-921b-47bb-a434-a7fe00507f6a" -> null
      - max_message_size                  = 262144 -> null
      - message_retention_seconds         = 172800 -> null
      - name                              = "cl-6145db-events" -> null
      - policy                            = jsonencode(
            {
              - Statement = [
                  - {
                      - Action    = [
                          - "sqs:SendMessage",
                          - "sqs:GetQueueAttributes",
                          - "sqs:GetQueueUrl",
                        ]
                      - Effect    = "Allow"
                      - Principal = {
                          - AWS = [
                              - "arn:aws:iam::000000000000:role/cl-6145db-ecs_task",
                              - "arn:aws:iam::000000000000:role/cl-6145db-relay",
                            ]
                        }
                      - Resource  = "arn:aws:sqs:us-east-1:000000000000:cl-6145db-events"
                    },
                  - {
                      - Action    = [
                          - "sqs:ReceiveMessage",
                          - "sqs:DeleteMessage",
                          - "sqs:GetQueueAttributes",
                          - "sqs:ChangeMessageVisibility",
                        ]
                      - Effect    = "Allow"
                      - Principal = {
                          - AWS = "arn:aws:iam::000000000000:role/cl-6145db-projector"
                        }
                      - Resource  = "arn:aws:sqs:us-east-1:000000000000:cl-6145db-events"
                    },
                  - {
                      - Action    = [
                          - "sqs:SendMessage",
                        ]
                      - Effect    = "Deny"
                      - Principal = {
                          - AWS = [
                              - "arn:aws:iam::000000000000:role/cl-6145db-ecs_execution",
                              - "arn:aws:iam::000000000000:role/cl-6145db-projector",
                              - "arn:aws:iam::000000000000:role/cl-6145db-archiver",
                              - "arn:aws:iam::000000000000:role/cl-6145db-scheduler",
                            ]
                        }
                      - Resource  = "arn:aws:sqs:us-east-1:000000000000:cl-6145db-events"
                    },
                  - {
                      - Action    = [
                          - "sqs:ReceiveMessage",
                          - "sqs:DeleteMessage",
                        ]
                      - Effect    = "Deny"
                      - Principal = {
                          - AWS = [
                              - "arn:aws:iam::000000000000:role/cl-6145db-archiver",
                              - "arn:aws:iam::000000000000:role/cl-6145db-ecs_execution",
                              - "arn:aws:iam::000000000000:role/cl-6145db-ecs_task",
                              - "arn:aws:iam::000000000000:role/cl-6145db-relay",
                              - "arn:aws:iam::000000000000:role/cl-6145db-scheduler",
                            ]
                        }
                      - Resource  = "arn:aws:sqs:us-east-1:000000000000:cl-6145db-events"
                    },
                ]
              - Version   = "2012-10-17"
            }
        ) -> null
      - receive_wait_time_seconds         = 2 -> null
      - redrive_policy                    = jsonencode(
            {
              - deadLetterTargetArn = "arn:aws:sqs:us-east-1:000000000000:cl-6145db-dlq"
              - maxReceiveCount     = 4
            }
        ) -> null
      - region                            = "us-east-1" -> null
      - sqs_managed_sse_enabled           = false -> null
      - tags                              = {} -> null
      - tags_all                          = {
          - "ClearLedgerDeployment" = "cl-6145db"
        } -> null
      - url                               = "http://aws:4566/000000000000/cl-6145db-events" -> null
      - visibility_timeout_seconds        = 3 -> null
        # (4 unchanged attributes hidden)
    }

  # aws_sqs_queue_policy.dlq will be destroyed
  - resource "aws_sqs_queue_policy" "dlq" {
      - id        = "http://aws:4566/000000000000/cl-6145db-dlq" -> null
      - policy    = jsonencode(
            {
              - Statement = [
                  - {
                      - Action    = [
                          - "sqs:SendMessage",
                        ]
                      - Effect    = "Allow"
                      - Principal = {
                          - AWS = "arn:aws:iam::000000000000:role/cl-6145db-projector"
                        }
                      - Resource  = "arn:aws:sqs:us-east-1:000000000000:cl-6145db-dlq"
                    },
                  - {
                      - Action    = [
                          - "sqs:ReceiveMessage",
                          - "sqs:DeleteMessage",
                        ]
                      - Effect    = "Deny"
                      - Principal = {
                          - AWS = [
                              - "arn:aws:iam::000000000000:role/cl-6145db-archiver",
                              - "arn:aws:iam::000000000000:role/cl-6145db-ecs_execution",
                              - "arn:aws:iam::000000000000:role/cl-6145db-ecs_task",
                              - "arn:aws:iam::000000000000:role/cl-6145db-projector",
                              - "arn:aws:iam::000000000000:role/cl-6145db-relay",
                              - "arn:aws:iam::000000000000:role/cl-6145db-scheduler",
                            ]
                        }
                      - Resource  = "arn:aws:sqs:us-east-1:000000000000:cl-6145db-dlq"
                    },
                  - {
                      - Action    = [
                          - "sqs:SendMessage",
                        ]
                      - Effect    = "Deny"
                      - Principal = {
                          - AWS = [
                              - "arn:aws:iam::000000000000:role/cl-6145db-archiver",
                              - "arn:aws:iam::000000000000:role/cl-6145db-ecs_execution",
                              - "arn:aws:iam::000000000000:role/cl-6145db-ecs_task",
                              - "arn:aws:iam::000000000000:role/cl-6145db-relay",
                              - "arn:aws:iam::000000000000:role/cl-6145db-scheduler",
                            ]
                        }
                      - Resource  = "arn:aws:sqs:us-east-1:000000000000:cl-6145db-dlq"
                    },
                ]
              - Version   = "2012-10-17"
            }
        ) -> null
      - queue_url = "http://aws:4566/000000000000/cl-6145db-dlq" -> null
      - region    = "us-east-1" -> null
    }

  # aws_sqs_queue_policy.main will be destroyed
  - resource "aws_sqs_queue_policy" "main" {
      - id        = "http://aws:4566/000000000000/cl-6145db-events" -> null
      - policy    = jsonencode(
            {
              - Statement = [
                  - {
                      - Action    = [
                          - "sqs:SendMessage",
                          - "sqs:GetQueueAttributes",
                          - "sqs:GetQueueUrl",
                        ]
                      - Effect    = "Allow"
                      - Principal = {
                          - AWS = [
                              - "arn:aws:iam::000000000000:role/cl-6145db-ecs_task",
                              - "arn:aws:iam::000000000000:role/cl-6145db-relay",
                            ]
                        }
                      - Resource  = "arn:aws:sqs:us-east-1:000000000000:cl-6145db-events"
                    },
                  - {
                      - Action    = [
                          - "sqs:ReceiveMessage",
                          - "sqs:DeleteMessage",
                          - "sqs:GetQueueAttributes",
                          - "sqs:ChangeMessageVisibility",
                        ]
                      - Effect    = "Allow"
                      - Principal = {
                          - AWS = "arn:aws:iam::000000000000:role/cl-6145db-projector"
                        }
                      - Resource  = "arn:aws:sqs:us-east-1:000000000000:cl-6145db-events"
                    },
                  - {
                      - Action    = [
                          - "sqs:SendMessage",
                        ]
                      - Effect    = "Deny"
                      - Principal = {
                          - AWS = [
                              - "arn:aws:iam::000000000000:role/cl-6145db-ecs_execution",
                              - "arn:aws:iam::000000000000:role/cl-6145db-projector",
                              - "arn:aws:iam::000000000000:role/cl-6145db-archiver",
                              - "arn:aws:iam::000000000000:role/cl-6145db-scheduler",
                            ]
                        }
                      - Resource  = "arn:aws:sqs:us-east-1:000000000000:cl-6145db-events"
                    },
                  - {
                      - Action    = [
                          - "sqs:ReceiveMessage",
                          - "sqs:DeleteMessage",
                        ]
                      - Effect    = "Deny"
                      - Principal = {
                          - AWS = [
                              - "arn:aws:iam::000000000000:role/cl-6145db-archiver",
                              - "arn:aws:iam::000000000000:role/cl-6145db-ecs_execution",
                              - "arn:aws:iam::000000000000:role/cl-6145db-ecs_task",
                              - "arn:aws:iam::000000000000:role/cl-6145db-relay",
                              - "arn:aws:iam::000000000000:role/cl-6145db-scheduler",
                            ]
                        }
                      - Resource  = "arn:aws:sqs:us-east-1:000000000000:cl-6145db-events"
                    },
                ]
              - Version   = "2012-10-17"
            }
        ) -> null
      - queue_url = "http://aws:4566/000000000000/cl-6145db-events" -> null
      - region    = "us-east-1" -> null
    }

  # aws_subnet.private[0] will be destroyed
  - resource "aws_subnet" "private" {
      - arn                                            = "arn:aws:ec2:us-east-1:000000000000:subnet/subnet-10df9b0e" -> null
      - assign_ipv6_address_on_creation                = false -> null
      - availability_zone                              = "us-east-1a" -> null
      - availability_zone_id                           = "us-east-1-az1" -> null
      - cidr_block                                     = "10.42.10.0/24" -> null
      - enable_dns64                                   = false -> null
      - enable_lni_at_device_index                     = 0 -> null
      - enable_resource_name_dns_a_record_on_launch    = false -> null
      - enable_resource_name_dns_aaaa_record_on_launch = false -> null
      - id                                             = "subnet-10df9b0e" -> null
      - ipv6_native                                    = false -> null
      - map_customer_owned_ip_on_launch                = false -> null
      - map_public_ip_on_launch                        = false -> null
      - owner_id                                       = "000000000000" -> null
      - region                                         = "us-east-1" -> null
      - tags                                           = {
          - "Name" = "cl-6145db-private-0"
        } -> null
      - tags_all                                       = {
          - "ClearLedgerDeployment" = "cl-6145db"
          - "Name"                  = "cl-6145db-private-0"
        } -> null
      - vpc_id                                         = "vpc-d9356ffb" -> null
        # (5 unchanged attributes hidden)
    }

  # aws_subnet.private[1] will be destroyed
  - resource "aws_subnet" "private" {
      - arn                                            = "arn:aws:ec2:us-east-1:000000000000:subnet/subnet-802d7400" -> null
      - assign_ipv6_address_on_creation                = false -> null
      - availability_zone                              = "us-east-1b" -> null
      - availability_zone_id                           = "us-east-1-az2" -> null
      - cidr_block                                     = "10.42.11.0/24" -> null
      - enable_dns64                                   = false -> null
      - enable_lni_at_device_index                     = 0 -> null
      - enable_resource_name_dns_a_record_on_launch    = false -> null
      - enable_resource_name_dns_aaaa_record_on_launch = false -> null
      - id                                             = "subnet-802d7400" -> null
      - ipv6_native                                    = false -> null
      - map_customer_owned_ip_on_launch                = false -> null
      - map_public_ip_on_launch                        = false -> null
      - owner_id                                       = "000000000000" -> null
      - region                                         = "us-east-1" -> null
      - tags                                           = {
          - "Name" = "cl-6145db-private-1"
        } -> null
      - tags_all                                       = {
          - "ClearLedgerDeployment" = "cl-6145db"
          - "Name"                  = "cl-6145db-private-1"
        } -> null
      - vpc_id                                         = "vpc-d9356ffb" -> null
        # (5 unchanged attributes hidden)
    }

  # aws_subnet.public[0] will be destroyed
  - resource "aws_subnet" "public" {
      - arn                                            = "arn:aws:ec2:us-east-1:000000000000:subnet/subnet-a8f4e264" -> null
      - assign_ipv6_address_on_creation                = false -> null
      - availability_zone                              = "us-east-1a" -> null
      - availability_zone_id                           = "us-east-1-az1" -> null
      - cidr_block                                     = "10.42.0.0/24" -> null
      - enable_dns64                                   = false -> null
      - enable_lni_at_device_index                     = 0 -> null
      - enable_resource_name_dns_a_record_on_launch    = false -> null
      - enable_resource_name_dns_aaaa_record_on_launch = false -> null
      - id                                             = "subnet-a8f4e264" -> null
      - ipv6_native                                    = false -> null
      - map_customer_owned_ip_on_launch                = false -> null
      - map_public_ip_on_launch                        = true -> null
      - owner_id                                       = "000000000000" -> null
      - region                                         = "us-east-1" -> null
      - tags                                           = {
          - "Name" = "cl-6145db-public-0"
        } -> null
      - tags_all                                       = {
          - "ClearLedgerDeployment" = "cl-6145db"
          - "Name"                  = "cl-6145db-public-0"
        } -> null
      - vpc_id                                         = "vpc-d9356ffb" -> null
        # (5 unchanged attributes hidden)
    }

  # aws_subnet.public[1] will be destroyed
  - resource "aws_subnet" "public" {
      - arn                                            = "arn:aws:ec2:us-east-1:000000000000:subnet/subnet-486079f4" -> null
      - assign_ipv6_address_on_creation                = false -> null
      - availability_zone                              = "us-east-1b" -> null
      - availability_zone_id                           = "us-east-1-az2" -> null
      - cidr_block                                     = "10.42.1.0/24" -> null
      - enable_dns64                                   = false -> null
      - enable_lni_at_device_index                     = 0 -> null
      - enable_resource_name_dns_a_record_on_launch    = false -> null
      - enable_resource_name_dns_aaaa_record_on_launch = false -> null
      - id                                             = "subnet-486079f4" -> null
      - ipv6_native                                    = false -> null
      - map_customer_owned_ip_on_launch                = false -> null
      - map_public_ip_on_launch                        = true -> null
      - owner_id                                       = "000000000000" -> null
      - region                                         = "us-east-1" -> null
      - tags                                           = {
          - "Name" = "cl-6145db-public-1"
        } -> null
      - tags_all                                       = {
          - "ClearLedgerDeployment" = "cl-6145db"
          - "Name"                  = "cl-6145db-public-1"
        } -> null
      - vpc_id                                         = "vpc-d9356ffb" -> null
        # (5 unchanged attributes hidden)
    }

  # aws_vpc.main will be destroyed
  - resource "aws_vpc" "main" {
      - arn                                  = "arn:aws:ec2:us-east-1:000000000000:vpc/vpc-d9356ffb" -> null
      - assign_generated_ipv6_cidr_block     = false -> null
      - cidr_block                           = "10.42.0.0/16" -> null
      - default_network_acl_id               = "acl-24672618351e205c6" -> null
      - default_route_table_id               = "rtb-c04b13d8ae5e8dd5f" -> null
      - default_security_group_id            = "sg-1554909592f534538" -> null
      - dhcp_options_id                      = "dopt-default" -> null
      - enable_dns_hostnames                 = true -> null
      - enable_dns_support                   = true -> null
      - enable_network_address_usage_metrics = false -> null
      - id                                   = "vpc-d9356ffb" -> null
      - instance_tenancy                     = "default" -> null
      - ipv6_netmask_length                  = 0 -> null
      - main_route_table_id                  = "rtb-c04b13d8ae5e8dd5f" -> null
      - owner_id                             = "000000000000" -> null
      - region                               = "us-east-1" -> null
      - tags                                 = {
          - "Name" = "cl-6145db-vpc"
        } -> null
      - tags_all                             = {
          - "ClearLedgerDeployment" = "cl-6145db"
          - "Name"                  = "cl-6145db-vpc"
        } -> null
        # (4 unchanged attributes hidden)
    }

Plan: 0 to add, 0 to change, 71 to destroy.

Changes to Outputs:
  - manifest = (sensitive value) -> null
aws_kms_alias.key["database"]: Destroying... [id=alias/cl-6145db-database]
aws_route_table_association.private[1]: Destroying... [id=rtbassoc-a63ffc36]
aws_kms_alias.key["messaging"]: Destroying... [id=alias/cl-6145db-messaging]
aws_s3_bucket_policy.audit: Destroying... [id=cl-6145db-audit]
aws_sqs_queue_policy.main: Destroying... [id=http://aws:4566/000000000000/cl-6145db-events]
aws_route_table_association.private[0]: Destroying... [id=rtbassoc-c4210244]
aws_route_table_association.public[0]: Destroying... [id=rtbassoc-862969f7]
aws_s3_bucket_server_side_encryption_configuration.audit: Destroying... [id=cl-6145db-audit]
aws_kms_alias.key["audit"]: Destroying... [id=alias/cl-6145db-audit]
aws_lambda_event_source_mapping.projector: Destroying... [id=14f61831-7013-4bba-b533-2147781d3f62]
aws_kms_alias.key["messaging"]: Destruction complete after 0s
aws_kms_alias.key["database"]: Destruction complete after 0s
aws_sqs_queue_policy.dlq: Destroying... [id=http://aws:4566/000000000000/cl-6145db-dlq]
aws_route_table_association.private[1]: Destruction complete after 0s
aws_s3_bucket_policy.audit: Destruction complete after 0s
aws_lambda_event_source_mapping.projector: Destruction complete after 0s
aws_s3_bucket_server_side_encryption_configuration.audit: Destruction complete after 0s
aws_kms_alias.key["audit"]: Destruction complete after 0s
aws_route_table_association.private[0]: Destruction complete after 0s
aws_route_table_association.public[0]: Destruction complete after 0s
aws_s3_bucket_public_access_block.audit: Destroying... [id=cl-6145db-audit]
aws_scheduler_schedule.worker["archiver"]: Destroying... [id=default/cl-6145db-archiver]
aws_scheduler_schedule.worker["relay"]: Destroying... [id=default/cl-6145db-relay]
aws_kms_alias.key["projection"]: Destroying... [id=alias/cl-6145db-projection]
aws_route_table_association.public[1]: Destroying... [id=rtbassoc-dc0ebf0c]
aws_ecs_service.api: Destroying... [id=arn:aws:ecs:us-east-1:000000000000:service/cl-6145db-cluster/cl-6145db-api]
aws_s3_bucket_public_access_block.audit: Destruction complete after 0s
aws_s3_bucket_versioning.audit: Destroying... [id=cl-6145db-audit]
aws_s3_bucket_versioning.audit: Destruction complete after 0s
aws_scheduler_schedule.worker["relay"]: Destruction complete after 0s
aws_kms_alias.key["projection"]: Destruction complete after 0s
aws_scheduler_schedule.worker["archiver"]: Destruction complete after 0s
aws_route_table_association.public[1]: Destruction complete after 0s
aws_route_table.private: Destroying... [id=rtb-e8dee760]
aws_route_table.public: Destroying... [id=rtb-4d5d2e30]
aws_lambda_function.worker["archiver"]: Destroying... [id=cl-6145db-archiver]
aws_lambda_function.worker["projector"]: Destroying... [id=cl-6145db-projector]
aws_lambda_function.worker["relay"]: Destroying... [id=cl-6145db-relay]
aws_route_table.private: Destruction complete after 0s
aws_route_table.public: Destruction complete after 0s
aws_internet_gateway.main: Destroying... [id=igw-908f0e04]
aws_internet_gateway.main: Destruction complete after 0s
aws_lambda_function.worker["projector"]: Destruction complete after 6s
aws_lambda_function.worker["relay"]: Destruction complete after 6s
aws_lambda_function.worker["archiver"]: Destruction complete after 6s
aws_sqs_queue_policy.main: Still destroying... [id=http://aws:4566/000000000000/cl-6145db-events, 10s elapsed]
aws_sqs_queue_policy.dlq: Still destroying... [id=http://aws:4566/000000000000/cl-6145db-dlq, 10s elapsed]
aws_ecs_service.api: Still destroying... [id=arn:aws:ecs:us-east-1:000000000000:service/cl-6145db-cluster/cl-6145db-api, 10s elapsed]
aws_ecs_service.api: Destruction complete after 11s
aws_iam_role_policy.canonical["ecs_task"]: Destroying... [id=cl-6145db-ecs_task:cl-6145db-canonical]
aws_iam_role_policy.canonical["scheduler"]: Destroying... [id=cl-6145db-scheduler:cl-6145db-canonical]
aws_iam_role_policy.canonical["projector"]: Destroying... [id=cl-6145db-projector:cl-6145db-canonical]
aws_ecs_cluster.main: Destroying... [id=arn:aws:ecs:us-east-1:000000000000:cluster/cl-6145db-cluster]
aws_iam_role_policy.canonical["ecs_execution"]: Destroying... [id=cl-6145db-ecs_execution:cl-6145db-canonical]
aws_ecs_task_definition.api: Destroying... [id=cl-6145db-api]
aws_lb_listener.main: Destroying... [id=arn:aws:elasticloadbalancing:us-east-1:000000000000:listener/app/cl-6145db-alb/83abff57313d4c94/3024b8e6b1a641a3]
aws_security_group.ecs: Destroying... [id=sg-609542abbdd6241bf]
aws_iam_role_policy.canonical["projector"]: Destruction complete after 0s
aws_iam_role_policy.canonical["ecs_task"]: Destruction complete after 0s
aws_iam_role_policy.canonical["ecs_execution"]: Destruction complete after 0s
aws_iam_role_policy.canonical["scheduler"]: Destruction complete after 0s
aws_iam_role_policy.canonical["relay"]: Destroying... [id=cl-6145db-relay:cl-6145db-canonical]
aws_iam_role_policy.canonical["archiver"]: Destroying... [id=cl-6145db-archiver:cl-6145db-canonical]
aws_iam_role_policy.canonical["archiver"]: Destruction complete after 0s
aws_ecs_cluster.main: Destruction complete after 0s
aws_lb_listener.main: Destruction complete after 0s
aws_ecs_task_definition.api: Destruction complete after 0s
aws_security_group.ecs: Destruction complete after 0s
aws_iam_role_policy.canonical["relay"]: Destruction complete after 0s
aws_lb_target_group.main: Destroying... [id=arn:aws:elasticloadbalancing:us-east-1:000000000000:targetgroup/cl-6145db-api/0f6ec5752c5a4bba]
aws_lb.main: Destroying... [id=arn:aws:elasticloadbalancing:us-east-1:000000000000:loadbalancer/app/cl-6145db-alb/83abff57313d4c94]
aws_cognito_user_pool_client.client["admin"]: Destroying... [id=7133520a1d4e4a2aaf31f16ec3]
aws_cognito_user_pool_client.client["read"]: Destroying... [id=124b92eeff81487a8f030ca0db]
aws_db_instance.main: Destroying... [id=db-8489609DD31E4F029C5CC173]
aws_cognito_user_pool_client.client["write"]: Destroying... [id=87c1c7acecfe42539270f922d6]
aws_lb_target_group.main: Destruction complete after 0s
aws_lb.main: Destruction complete after 0s
aws_cloudwatch_log_group.log["projector"]: Destroying... [id=/clearledger/cl-6145db/projector]
aws_elasticache_replication_group.main: Destroying... [id=cl-6145db-cache]
aws_cognito_user_pool_client.client["write"]: Destruction complete after 0s
aws_cognito_user_pool_client.client["read"]: Destruction complete after 0s
aws_cloudwatch_log_group.log["archiver"]: Destroying... [id=/clearledger/cl-6145db/audit-archiver]
aws_dynamodb_table.main: Destroying... [id=cl-6145db-projections]
aws_cloudwatch_log_group.log["projector"]: Destruction complete after 0s
aws_cognito_user_pool_client.client["admin"]: Destruction complete after 0s
aws_cloudwatch_log_group.log["relay"]: Destroying... [id=/clearledger/cl-6145db/outbox-relay]
aws_s3_bucket.audit: Destroying... [id=cl-6145db-audit]
aws_cloudwatch_log_group.log["archiver"]: Destruction complete after 0s
aws_dynamodb_table.main: Destruction complete after 0s
aws_cloudwatch_log_group.log["api"]: Destroying... [id=/clearledger/cl-6145db/api]
aws_subnet.public[0]: Destroying... [id=subnet-a8f4e264]
aws_s3_bucket.audit: Destruction complete after 0s
aws_security_group.alb: Destroying... [id=sg-0a13effa1e8bd753e]
aws_subnet.public[0]: Destruction complete after 0s
aws_cloudwatch_log_group.log["relay"]: Destruction complete after 0s
aws_cognito_resource_server.main: Destroying... [id=us-east-1_890d37ca5|clearledger]
aws_subnet.public[1]: Destroying... [id=subnet-486079f4]
aws_cloudwatch_log_group.log["api"]: Destruction complete after 0s
aws_cognito_resource_server.main: Destruction complete after 0s
aws_security_group.alb: Destruction complete after 0s
aws_subnet.public[1]: Destruction complete after 0s
aws_cognito_user_pool.main: Destroying... [id=us-east-1_890d37ca5]
aws_cognito_user_pool.main: Destruction complete after 0s
aws_sqs_queue_policy.main: Still destroying... [id=http://aws:4566/000000000000/cl-6145db-events, 20s elapsed]
aws_sqs_queue_policy.dlq: Still destroying... [id=http://aws:4566/000000000000/cl-6145db-dlq, 20s elapsed]
aws_db_instance.main: Still destroying... [id=db-8489609DD31E4F029C5CC173, 10s elapsed]
aws_elasticache_replication_group.main: Still destroying... [id=cl-6145db-cache, 10s elapsed]
aws_sqs_queue_policy.main: Destruction complete after 25s
aws_sqs_queue.main: Destroying... [id=http://aws:4566/000000000000/cl-6145db-events]
aws_sqs_queue_policy.dlq: Destruction complete after 25s
aws_db_instance.main: Still destroying... [id=db-8489609DD31E4F029C5CC173, 20s elapsed]
aws_elasticache_replication_group.main: Still destroying... [id=cl-6145db-cache, 20s elapsed]
aws_sqs_queue.main: Still destroying... [id=http://aws:4566/000000000000/cl-6145db-events, 10s elapsed]
aws_db_instance.main: Still destroying... [id=db-8489609DD31E4F029C5CC173, 30s elapsed]
aws_elasticache_replication_group.main: Still destroying... [id=cl-6145db-cache, 30s elapsed]
aws_elasticache_replication_group.main: Destruction complete after 30s
aws_elasticache_subnet_group.main: Destroying... [id=cl-6145db-cache]
aws_elasticache_subnet_group.main: Destruction complete after 0s
aws_sqs_queue.main: Still destroying... [id=http://aws:4566/000000000000/cl-6145db-events, 20s elapsed]
aws_db_instance.main: Still destroying... [id=db-8489609DD31E4F029C5CC173, 40s elapsed]
aws_sqs_queue.main: Still destroying... [id=http://aws:4566/000000000000/cl-6145db-events, 30s elapsed]
aws_db_instance.main: Still destroying... [id=db-8489609DD31E4F029C5CC173, 50s elapsed]
aws_sqs_queue.main: Still destroying... [id=http://aws:4566/000000000000/cl-6145db-events, 40s elapsed]
aws_db_instance.main: Still destroying... [id=db-8489609DD31E4F029C5CC173, 1m0s elapsed]
aws_sqs_queue.main: Still destroying... [id=http://aws:4566/000000000000/cl-6145db-events, 50s elapsed]
aws_db_instance.main: Still destroying... [id=db-8489609DD31E4F029C5CC173, 1m10s elapsed]
aws_sqs_queue.main: Still destroying... [id=http://aws:4566/000000000000/cl-6145db-events, 1m0s elapsed]
aws_db_instance.main: Still destroying... [id=db-8489609DD31E4F029C5CC173, 1m20s elapsed]
aws_db_instance.main: Destruction complete after 1m20s
aws_security_group.store["valkey"]: Destroying... [id=sg-9a0cb5e5daa87a219]
aws_db_subnet_group.main: Destroying... [id=cl-6145db-database]
aws_security_group.store["rds"]: Destroying... [id=sg-ecf11d13eca577484]
aws_db_subnet_group.main: Destruction complete after 0s
aws_security_group.store["rds"]: Destruction complete after 0s
aws_security_group.store["valkey"]: Destruction complete after 0s
aws_subnet.private[1]: Destroying... [id=subnet-802d7400]
aws_subnet.private[0]: Destroying... [id=subnet-10df9b0e]
aws_subnet.private[0]: Destruction complete after 0s
aws_subnet.private[1]: Destruction complete after 0s
aws_vpc.main: Destroying... [id=vpc-d9356ffb]
aws_vpc.main: Destruction complete after 0s
aws_sqs_queue.main: Still destroying... [id=http://aws:4566/000000000000/cl-6145db-events, 1m10s elapsed]
aws_sqs_queue.main: Still destroying... [id=http://aws:4566/000000000000/cl-6145db-events, 1m20s elapsed]
aws_sqs_queue.main: Still destroying... [id=http://aws:4566/000000000000/cl-6145db-events, 1m30s elapsed]
aws_sqs_queue.main: Still destroying... [id=http://aws:4566/000000000000/cl-6145db-events, 1m40s elapsed]
aws_sqs_queue.main: Still destroying... [id=http://aws:4566/000000000000/cl-6145db-events, 1m50s elapsed]
aws_sqs_queue.main: Still destroying... [id=http://aws:4566/000000000000/cl-6145db-events, 2m0s elapsed]
aws_sqs_queue.main: Destruction complete after 2m9s
aws_sqs_queue.dlq: Destroying... [id=http://aws:4566/000000000000/cl-6145db-dlq]
aws_sqs_queue.dlq: Still destroying... [id=http://aws:4566/000000000000/cl-6145db-dlq, 10s elapsed]
aws_sqs_queue.dlq: Still destroying... [id=http://aws:4566/000000000000/cl-6145db-dlq, 20s elapsed]
aws_sqs_queue.dlq: Still destroying... [id=http://aws:4566/000000000000/cl-6145db-dlq, 30s elapsed]
aws_sqs_queue.dlq: Still destroying... [id=http://aws:4566/000000000000/cl-6145db-dlq, 40s elapsed]
aws_sqs_queue.dlq: Still destroying... [id=http://aws:4566/000000000000/cl-6145db-dlq, 50s elapsed]
aws_sqs_queue.dlq: Still destroying... [id=http://aws:4566/000000000000/cl-6145db-dlq, 1m0s elapsed]

Interrupt received.
Please wait for Terraform to exit or data loss may occur.
Gracefully shutting down...

Stopping operation...

Warning: Argument is deprecated

  with aws_dynamodb_table.main,
  on main.tf line 192, in resource "aws_dynamodb_table" "main":
 192: resource "aws_dynamodb_table" "main" {

range_key is deprecated. Use key_schema instead.

(and one more similar warning elsewhere)

Error: Plugin did not respond

The plugin encountered an error, and failed to respond to the
plugin.(*GRPCProvider).ApplyResourceChange call. The plugin logs may contain
more details.

Error: execution halted


Error: execution halted

Initializing the backend...
Initializing provider plugins...
- Reusing previous version of hashicorp/aws from the dependency lock file
- Using previously-installed hashicorp/aws v6.51.0

Terraform has been successfully initialized!
aws_iam_role.role["ecs_execution"]: Refreshing state... [id=cl-6145db-ecs_execution]
aws_iam_role.role["scheduler"]: Refreshing state... [id=cl-6145db-scheduler]
aws_iam_role.role["projector"]: Refreshing state... [id=cl-6145db-projector]
aws_iam_role.role["ecs_task"]: Refreshing state... [id=cl-6145db-ecs_task]
aws_iam_role.role["relay"]: Refreshing state... [id=cl-6145db-relay]
aws_iam_role.role["archiver"]: Refreshing state... [id=cl-6145db-archiver]
aws_kms_key.key["messaging"]: Refreshing state... [id=a0457d1e-921b-47bb-a434-a7fe00507f6a]
aws_kms_key.key["audit"]: Refreshing state... [id=f9b78db2-aa0e-48e4-98ef-4615c5c93e3d]
aws_kms_key.key["database"]: Refreshing state... [id=f7a87d45-8657-480b-9a40-6f52ea138f6d]
aws_kms_key.key["projection"]: Refreshing state... [id=dc93151b-e3e2-4bea-827b-ca4a1081f429]
aws_sqs_queue.dlq: Refreshing state... [id=http://aws:4566/000000000000/cl-6145db-dlq]

Terraform used the selected providers to generate the following execution
plan. Resource actions are indicated with the following symbols:
  - destroy

Terraform will perform the following actions:

  # aws_iam_role.role["archiver"] will be destroyed
  - resource "aws_iam_role" "role" {
      - arn                   = "arn:aws:iam::000000000000:role/cl-6145db-archiver" -> null
      - assume_role_policy    = jsonencode(
            {
              - Statement = [
                  - {
                      - Action    = "sts:AssumeRole"
                      - Effect    = "Allow"
                      - Principal = {
                          - Service = "lambda.amazonaws.com"
                        }
                    },
                ]
              - Version   = "2012-10-17"
            }
        ) -> null
      - create_date           = "2026-10-10T19:03:01Z" -> null
      - force_detach_policies = false -> null
      - id                    = "cl-6145db-archiver" -> null
      - managed_policy_arns   = [] -> null
      - max_session_duration  = 3600 -> null
      - name                  = "cl-6145db-archiver" -> null
      - path                  = "/" -> null
      - tags                  = {
          - "ClearLedgerRole" = "archiver"
        } -> null
      - tags_all              = {
          - "ClearLedgerDeployment" = "cl-6145db"
          - "ClearLedgerRole"       = "archiver"
        } -> null
      - unique_id             = "AROAWLVB5W7S21AF30FU" -> null
        # (3 unchanged attributes hidden)
    }

  # aws_iam_role.role["ecs_execution"] will be destroyed
  - resource "aws_iam_role" "role" {
      - arn                   = "arn:aws:iam::000000000000:role/cl-6145db-ecs_execution" -> null
      - assume_role_policy    = jsonencode(
            {
              - Statement = [
                  - {
                      - Action    = "sts:AssumeRole"
                      - Effect    = "Allow"
                      - Principal = {
                          - Service = "ecs-tasks.amazonaws.com"
                        }
                    },
                ]
              - Version   = "2012-10-17"
            }
        ) -> null
      - create_date           = "2026-10-10T19:03:01Z" -> null
      - force_detach_policies = false -> null
      - id                    = "cl-6145db-ecs_execution" -> null
      - managed_policy_arns   = [] -> null
      - max_session_duration  = 3600 -> null
      - name                  = "cl-6145db-ecs_execution" -> null
      - path                  = "/" -> null
      - tags                  = {
          - "ClearLedgerRole" = "ecs_execution"
        } -> null
      - tags_all              = {
          - "ClearLedgerDeployment" = "cl-6145db"
          - "ClearLedgerRole"       = "ecs_execution"
        } -> null
      - unique_id             = "AROAOGVZVBORKS6KSW5A" -> null
        # (3 unchanged attributes hidden)
    }

  # aws_iam_role.role["ecs_task"] will be destroyed
  - resource "aws_iam_role" "role" {
      - arn                   = "arn:aws:iam::000000000000:role/cl-6145db-ecs_task" -> null
      - assume_role_policy    = jsonencode(
            {
              - Statement = [
                  - {
                      - Action    = "sts:AssumeRole"
                      - Effect    = "Allow"
                      - Principal = {
                          - Service = "ecs-tasks.amazonaws.com"
                        }
                    },
                ]
              - Version   = "2012-10-17"
            }
        ) -> null
      - create_date           = "2026-10-10T19:03:01Z" -> null
      - force_detach_policies = false -> null
      - id                    = "cl-6145db-ecs_task" -> null
      - managed_policy_arns   = [] -> null
      - max_session_duration  = 3600 -> null
      - name                  = "cl-6145db-ecs_task" -> null
      - path                  = "/" -> null
      - tags                  = {
          - "ClearLedgerRole" = "ecs_task"
        } -> null
      - tags_all              = {
          - "ClearLedgerDeployment" = "cl-6145db"
          - "ClearLedgerRole"       = "ecs_task"
        } -> null
      - unique_id             = "AROAWJD4PZ65H9Q3JV8J" -> null
        # (3 unchanged attributes hidden)
    }

  # aws_iam_role.role["projector"] will be destroyed
  - resource "aws_iam_role" "role" {
      - arn                   = "arn:aws:iam::000000000000:role/cl-6145db-projector" -> null
      - assume_role_policy    = jsonencode(
            {
              - Statement = [
                  - {
                      - Action    = "sts:AssumeRole"
                      - Effect    = "Allow"
                      - Principal = {
                          - Service = "lambda.amazonaws.com"
                        }
                    },
                ]
              - Version   = "2012-10-17"
            }
        ) -> null
      - create_date           = "2026-10-10T19:03:01Z" -> null
      - force_detach_policies = false -> null
      - id                    = "cl-6145db-projector" -> null
      - managed_policy_arns   = [] -> null
      - max_session_duration  = 3600 -> null
      - name                  = "cl-6145db-projector" -> null
      - path                  = "/" -> null
      - tags                  = {
          - "ClearLedgerRole" = "projector"
        } -> null
      - tags_all              = {
          - "ClearLedgerDeployment" = "cl-6145db"
          - "ClearLedgerRole"       = "projector"
        } -> null
      - unique_id             = "AROADAO3OMNZJBJKYELA" -> null
        # (3 unchanged attributes hidden)
    }

  # aws_iam_role.role["relay"] will be destroyed
  - resource "aws_iam_role" "role" {
      - arn                   = "arn:aws:iam::000000000000:role/cl-6145db-relay" -> null
      - assume_role_policy    = jsonencode(
            {
              - Statement = [
                  - {
                      - Action    = "sts:AssumeRole"
                      - Effect    = "Allow"
                      - Principal = {
                          - Service = "lambda.amazonaws.com"
                        }
                    },
                ]
              - Version   = "2012-10-17"
            }
        ) -> null
      - create_date           = "2026-10-10T19:03:01Z" -> null
      - force_detach_policies = false -> null
      - id                    = "cl-6145db-relay" -> null
      - managed_policy_arns   = [] -> null
      - max_session_duration  = 3600 -> null
      - name                  = "cl-6145db-relay" -> null
      - path                  = "/" -> null
      - tags                  = {
          - "ClearLedgerRole" = "relay"
        } -> null
      - tags_all              = {
          - "ClearLedgerDeployment" = "cl-6145db"
          - "ClearLedgerRole"       = "relay"
        } -> null
      - unique_id             = "AROANG0CFZ7DG19U2LUU" -> null
        # (3 unchanged attributes hidden)
    }

  # aws_iam_role.role["scheduler"] will be destroyed
  - resource "aws_iam_role" "role" {
      - arn                   = "arn:aws:iam::000000000000:role/cl-6145db-scheduler" -> null
      - assume_role_policy    = jsonencode(
            {
              - Statement = [
                  - {
                      - Action    = "sts:AssumeRole"
                      - Effect    = "Allow"
                      - Principal = {
                          - Service = "scheduler.amazonaws.com"
                        }
                    },
                ]
              - Version   = "2012-10-17"
            }
        ) -> null
      - create_date           = "2026-10-10T19:03:01Z" -> null
      - force_detach_policies = false -> null
      - id                    = "cl-6145db-scheduler" -> null
      - managed_policy_arns   = [] -> null
      - max_session_duration  = 3600 -> null
      - name                  = "cl-6145db-scheduler" -> null
      - path                  = "/" -> null
      - tags                  = {
          - "ClearLedgerRole" = "scheduler"
        } -> null
      - tags_all              = {
          - "ClearLedgerDeployment" = "cl-6145db"
          - "ClearLedgerRole"       = "scheduler"
        } -> null
      - unique_id             = "AROA1ODLKAGEL09EJ5SR" -> null
        # (3 unchanged attributes hidden)
    }

  # aws_kms_key.key["audit"] will be destroyed
  - resource "aws_kms_key" "key" {
      - arn                                = "arn:aws:kms:us-east-1:000000000000:key/f9b78db2-aa0e-48e4-98ef-4615c5c93e3d" -> null
      - bypass_policy_lockout_safety_check = false -> null
      - customer_master_key_spec           = "SYMMETRIC_DEFAULT" -> null
      - deletion_window_in_days            = 10 -> null
      - description                        = "cl-6145db-audit" -> null
      - enable_key_rotation                = true -> null
      - id                                 = "f9b78db2-aa0e-48e4-98ef-4615c5c93e3d" -> null
      - is_enabled                         = true -> null
      - key_id                             = "f9b78db2-aa0e-48e4-98ef-4615c5c93e3d" -> null
      - key_usage                          = "ENCRYPT_DECRYPT" -> null
      - multi_region                       = false -> null
      - policy                             = jsonencode(
            {
              - Statement = [
                  - {
                      - Action    = "kms:*"
                      - Effect    = "Allow"
                      - Principal = {
                          - AWS = "arn:aws:iam::000000000000:root"
                        }
                      - Resource  = "*"
                      - Sid       = "RootAdministration"
                    },
                  - {
                      - Action    = [
                          - "kms:Decrypt",
                          - "kms:GenerateDataKey",
                          - "kms:DescribeKey",
                        ]
                      - Effect    = "Allow"
                      - Principal = {
                          - AWS = [
                              - "arn:aws:iam::000000000000:role/cl-6145db-archiver",
                            ]
                        }
                      - Resource  = "*"
                      - Sid       = "WorkloadUsage"
                    },
                  - {
                      - Action    = [
                          - "kms:DisableKey",
                          - "kms:ScheduleKeyDeletion",
                        ]
                      - Effect    = "Deny"
                      - Principal = {
                          - AWS = [
                              - "arn:aws:iam::000000000000:role/cl-6145db-archiver",
                              - "arn:aws:iam::000000000000:role/cl-6145db-ecs_execution",
                              - "arn:aws:iam::000000000000:role/cl-6145db-ecs_task",
                              - "arn:aws:iam::000000000000:role/cl-6145db-projector",
                              - "arn:aws:iam::000000000000:role/cl-6145db-relay",
                              - "arn:aws:iam::000000000000:role/cl-6145db-scheduler",
                            ]
                        }
                      - Resource  = "*"
                      - Sid       = "ProtectKeys"
                    },
                  - {
                      - Action    = [
                          - "kms:Decrypt",
                          - "kms:GenerateDataKey",
                        ]
                      - Effect    = "Deny"
                      - Principal = {
                          - AWS = [
                              - "arn:aws:iam::000000000000:role/cl-6145db-ecs_execution",
                              - "arn:aws:iam::000000000000:role/cl-6145db-ecs_task",
                              - "arn:aws:iam::000000000000:role/cl-6145db-projector",
                              - "arn:aws:iam::000000000000:role/cl-6145db-relay",
                              - "arn:aws:iam::000000000000:role/cl-6145db-scheduler",
                            ]
                        }
                      - Resource  = "*"
                      - Sid       = "IsolateKeys"
                    },
                ]
              - Version   = "2012-10-17"
            }
        ) -> null
      - region                             = "us-east-1" -> null
      - rotation_period_in_days            = 0 -> null
      - tags                               = {
          - "ClearLedgerKeyUsage" = "audit"
          - "Name"                = "cl-6145db-audit"
        } -> null
      - tags_all                           = {
          - "ClearLedgerDeployment" = "cl-6145db"
          - "ClearLedgerKeyUsage"   = "audit"
          - "Name"                  = "cl-6145db-audit"
        } -> null
        # (2 unchanged attributes hidden)
    }

  # aws_kms_key.key["database"] will be destroyed
  - resource "aws_kms_key" "key" {
      - arn                                = "arn:aws:kms:us-east-1:000000000000:key/f7a87d45-8657-480b-9a40-6f52ea138f6d" -> null
      - bypass_policy_lockout_safety_check = false -> null
      - customer_master_key_spec           = "SYMMETRIC_DEFAULT" -> null
      - deletion_window_in_days            = 10 -> null
      - description                        = "cl-6145db-database" -> null
      - enable_key_rotation                = true -> null
      - id                                 = "f7a87d45-8657-480b-9a40-6f52ea138f6d" -> null
      - is_enabled                         = true -> null
      - key_id                             = "f7a87d45-8657-480b-9a40-6f52ea138f6d" -> null
      - key_usage                          = "ENCRYPT_DECRYPT" -> null
      - multi_region                       = false -> null
      - policy                             = jsonencode(
            {
              - Statement = [
                  - {
                      - Action    = "kms:*"
                      - Effect    = "Allow"
                      - Principal = {
                          - AWS = "arn:aws:iam::000000000000:root"
                        }
                      - Resource  = "*"
                      - Sid       = "RootAdministration"
                    },
                  - {
                      - Action    = [
                          - "kms:Decrypt",
                          - "kms:GenerateDataKey",
                          - "kms:DescribeKey",
                        ]
                      - Effect    = "Allow"
                      - Principal = {
                          - AWS = [
                              - "arn:aws:iam::000000000000:role/cl-6145db-relay",
                              - "arn:aws:iam::000000000000:role/cl-6145db-archiver",
                            ]
                        }
                      - Resource  = "*"
                      - Sid       = "WorkloadUsage"
                    },
                  - {
                      - Action    = [
                          - "kms:DisableKey",
                          - "kms:ScheduleKeyDeletion",
                        ]
                      - Effect    = "Deny"
                      - Principal = {
                          - AWS = [
                              - "arn:aws:iam::000000000000:role/cl-6145db-archiver",
                              - "arn:aws:iam::000000000000:role/cl-6145db-ecs_execution",
                              - "arn:aws:iam::000000000000:role/cl-6145db-ecs_task",
                              - "arn:aws:iam::000000000000:role/cl-6145db-projector",
                              - "arn:aws:iam::000000000000:role/cl-6145db-relay",
                              - "arn:aws:iam::000000000000:role/cl-6145db-scheduler",
                            ]
                        }
                      - Resource  = "*"
                      - Sid       = "ProtectKeys"
                    },
                  - {
                      - Action    = [
                          - "kms:Decrypt",
                          - "kms:GenerateDataKey",
                        ]
                      - Effect    = "Deny"
                      - Principal = {
                          - AWS = [
                              - "arn:aws:iam::000000000000:role/cl-6145db-ecs_execution",
                              - "arn:aws:iam::000000000000:role/cl-6145db-ecs_task",
                              - "arn:aws:iam::000000000000:role/cl-6145db-projector",
                              - "arn:aws:iam::000000000000:role/cl-6145db-scheduler",
                            ]
                        }
                      - Resource  = "*"
                      - Sid       = "IsolateKeys"
                    },
                ]
              - Version   = "2012-10-17"
            }
        ) -> null
      - region                             = "us-east-1" -> null
      - rotation_period_in_days            = 0 -> null
      - tags                               = {
          - "ClearLedgerKeyUsage" = "database"
          - "Name"                = "cl-6145db-database"
        } -> null
      - tags_all                           = {
          - "ClearLedgerDeployment" = "cl-6145db"
          - "ClearLedgerKeyUsage"   = "database"
          - "Name"                  = "cl-6145db-database"
        } -> null
        # (2 unchanged attributes hidden)
    }

  # aws_kms_key.key["messaging"] will be destroyed
  - resource "aws_kms_key" "key" {
      - arn                                = "arn:aws:kms:us-east-1:000000000000:key/a0457d1e-921b-47bb-a434-a7fe00507f6a" -> null
      - bypass_policy_lockout_safety_check = false -> null
      - customer_master_key_spec           = "SYMMETRIC_DEFAULT" -> null
      - deletion_window_in_days            = 10 -> null
      - description                        = "cl-6145db-messaging" -> null
      - enable_key_rotation                = true -> null
      - id                                 = "a0457d1e-921b-47bb-a434-a7fe00507f6a" -> null
      - is_enabled                         = true -> null
      - key_id                             = "a0457d1e-921b-47bb-a434-a7fe00507f6a" -> null
      - key_usage                          = "ENCRYPT_DECRYPT" -> null
      - multi_region                       = false -> null
      - policy                             = jsonencode(
            {
              - Statement = [
                  - {
                      - Action    = "kms:*"
                      - Effect    = "Allow"
                      - Principal = {
                          - AWS = "arn:aws:iam::000000000000:root"
                        }
                      - Resource  = "*"
                      - Sid       = "RootAdministration"
                    },
                  - {
                      - Action    = [
                          - "kms:Decrypt",
                          - "kms:GenerateDataKey",
                          - "kms:DescribeKey",
                        ]
                      - Effect    = "Allow"
                      - Principal = {
                          - AWS = [
                              - "arn:aws:iam::000000000000:role/cl-6145db-ecs_task",
                              - "arn:aws:iam::000000000000:role/cl-6145db-projector",
                              - "arn:aws:iam::000000000000:role/cl-6145db-relay",
                            ]
                        }
                      - Resource  = "*"
                      - Sid       = "WorkloadUsage"
                    },
                  - {
                      - Action    = [
                          - "kms:DisableKey",
                          - "kms:ScheduleKeyDeletion",
                        ]
                      - Effect    = "Deny"
                      - Principal = {
                          - AWS = [
                              - "arn:aws:iam::000000000000:role/cl-6145db-archiver",
                              - "arn:aws:iam::000000000000:role/cl-6145db-ecs_execution",
                              - "arn:aws:iam::000000000000:role/cl-6145db-ecs_task",
                              - "arn:aws:iam::000000000000:role/cl-6145db-projector",
                              - "arn:aws:iam::000000000000:role/cl-6145db-relay",
                              - "arn:aws:iam::000000000000:role/cl-6145db-scheduler",
                            ]
                        }
                      - Resource  = "*"
                      - Sid       = "ProtectKeys"
                    },
                  - {
                      - Action    = [
                          - "kms:Decrypt",
                          - "kms:GenerateDataKey",
                        ]
                      - Effect    = "Deny"
                      - Principal = {
                          - AWS = [
                              - "arn:aws:iam::000000000000:role/cl-6145db-archiver",
                              - "arn:aws:iam::000000000000:role/cl-6145db-ecs_execution",
                              - "arn:aws:iam::000000000000:role/cl-6145db-scheduler",
                            ]
                        }
                      - Resource  = "*"
                      - Sid       = "IsolateKeys"
                    },
                ]
              - Version   = "2012-10-17"
            }
        ) -> null
      - region                             = "us-east-1" -> null
      - rotation_period_in_days            = 0 -> null
      - tags                               = {
          - "ClearLedgerKeyUsage" = "messaging"
          - "Name"                = "cl-6145db-messaging"
        } -> null
      - tags_all                           = {
          - "ClearLedgerDeployment" = "cl-6145db"
          - "ClearLedgerKeyUsage"   = "messaging"
          - "Name"                  = "cl-6145db-messaging"
        } -> null
        # (2 unchanged attributes hidden)
    }

  # aws_kms_key.key["projection"] will be destroyed
  - resource "aws_kms_key" "key" {
      - arn                                = "arn:aws:kms:us-east-1:000000000000:key/dc93151b-e3e2-4bea-827b-ca4a1081f429" -> null
      - bypass_policy_lockout_safety_check = false -> null
      - customer_master_key_spec           = "SYMMETRIC_DEFAULT" -> null
      - deletion_window_in_days            = 10 -> null
      - description                        = "cl-6145db-projection" -> null
      - enable_key_rotation                = true -> null
      - id                                 = "dc93151b-e3e2-4bea-827b-ca4a1081f429" -> null
      - is_enabled                         = true -> null
      - key_id                             = "dc93151b-e3e2-4bea-827b-ca4a1081f429" -> null
      - key_usage                          = "ENCRYPT_DECRYPT" -> null
      - multi_region                       = false -> null
      - policy                             = jsonencode(
            {
              - Statement = [
                  - {
                      - Action    = "kms:*"
                      - Effect    = "Allow"
                      - Principal = {
                          - AWS = "arn:aws:iam::000000000000:root"
                        }
                      - Resource  = "*"
                      - Sid       = "RootAdministration"
                    },
                  - {
                      - Action    = [
                          - "kms:Decrypt",
                          - "kms:GenerateDataKey",
                          - "kms:DescribeKey",
                        ]
                      - Effect    = "Allow"
                      - Principal = {
                          - AWS = [
                              - "arn:aws:iam::000000000000:role/cl-6145db-ecs_task",
                              - "arn:aws:iam::000000000000:role/cl-6145db-projector",
                            ]
                        }
                      - Resource  = "*"
                      - Sid       = "WorkloadUsage"
                    },
                  - {
                      - Action    = [
                          - "kms:DisableKey",
                          - "kms:ScheduleKeyDeletion",
                        ]
                      - Effect    = "Deny"
                      - Principal = {
                          - AWS = [
                              - "arn:aws:iam::000000000000:role/cl-6145db-archiver",
                              - "arn:aws:iam::000000000000:role/cl-6145db-ecs_execution",
                              - "arn:aws:iam::000000000000:role/cl-6145db-ecs_task",
                              - "arn:aws:iam::000000000000:role/cl-6145db-projector",
                              - "arn:aws:iam::000000000000:role/cl-6145db-relay",
                              - "arn:aws:iam::000000000000:role/cl-6145db-scheduler",
                            ]
                        }
                      - Resource  = "*"
                      - Sid       = "ProtectKeys"
                    },
                  - {
                      - Action    = [
                          - "kms:Decrypt",
                          - "kms:GenerateDataKey",
                        ]
                      - Effect    = "Deny"
                      - Principal = {
                          - AWS = [
                              - "arn:aws:iam::000000000000:role/cl-6145db-archiver",
                              - "arn:aws:iam::000000000000:role/cl-6145db-ecs_execution",
                              - "arn:aws:iam::000000000000:role/cl-6145db-relay",
                              - "arn:aws:iam::000000000000:role/cl-6145db-scheduler",
                            ]
                        }
                      - Resource  = "*"
                      - Sid       = "IsolateKeys"
                    },
                ]
              - Version   = "2012-10-17"
            }
        ) -> null
      - region                             = "us-east-1" -> null
      - rotation_period_in_days            = 0 -> null
      - tags                               = {
          - "ClearLedgerKeyUsage" = "projection"
          - "Name"                = "cl-6145db-projection"
        } -> null
      - tags_all                           = {
          - "ClearLedgerDeployment" = "cl-6145db"
          - "ClearLedgerKeyUsage"   = "projection"
          - "Name"                  = "cl-6145db-projection"
        } -> null
        # (2 unchanged attributes hidden)
    }

Plan: 0 to add, 0 to change, 10 to destroy.
aws_kms_key.key["messaging"]: Destroying... [id=a0457d1e-921b-47bb-a434-a7fe00507f6a]
aws_kms_key.key["database"]: Destroying... [id=f7a87d45-8657-480b-9a40-6f52ea138f6d]
aws_kms_key.key["projection"]: Destroying... [id=dc93151b-e3e2-4bea-827b-ca4a1081f429]
aws_kms_key.key["audit"]: Destroying... [id=f9b78db2-aa0e-48e4-98ef-4615c5c93e3d]
aws_kms_key.key["audit"]: Destruction complete after 0s
aws_kms_key.key["database"]: Destruction complete after 0s
aws_kms_key.key["projection"]: Destruction complete after 0s
aws_kms_key.key["messaging"]: Destruction complete after 0s
aws_iam_role.role["archiver"]: Destroying... [id=cl-6145db-archiver]
aws_iam_role.role["scheduler"]: Destroying... [id=cl-6145db-scheduler]
aws_iam_role.role["ecs_task"]: Destroying... [id=cl-6145db-ecs_task]
aws_iam_role.role["ecs_execution"]: Destroying... [id=cl-6145db-ecs_execution]
aws_iam_role.role["relay"]: Destroying... [id=cl-6145db-relay]
aws_iam_role.role["projector"]: Destroying... [id=cl-6145db-projector]
aws_iam_role.role["projector"]: Destruction complete after 0s
aws_iam_role.role["ecs_execution"]: Destruction complete after 0s
aws_iam_role.role["archiver"]: Destruction complete after 0s
aws_iam_role.role["scheduler"]: Destruction complete after 0s
aws_iam_role.role["ecs_task"]: Destruction complete after 0s
aws_iam_role.role["relay"]: Destruction complete after 0s

Warning: Argument is deprecated

  with aws_dynamodb_table.main,
  on main.tf line 192, in resource "aws_dynamodb_table" "main":
 192: resource "aws_dynamodb_table" "main" {

hash_key is deprecated. Use key_schema instead.

(and one more similar warning elsewhere)

Destroy complete! Resources: 10 destroyed.
Initializing the backend...
Initializing provider plugins...
- Reusing previous version of hashicorp/aws from the dependency lock file
- Using previously-installed hashicorp/aws v6.51.0

Terraform has been successfully initialized!

Terraform used the selected providers to generate the following execution
plan. Resource actions are indicated with the following symbols:
  + create

Terraform will perform the following actions:

  # aws_cloudwatch_log_group.log["api"] will be created
  + resource "aws_cloudwatch_log_group" "log" {
      + arn                         = (known after apply)
      + deletion_protection_enabled = (known after apply)
      + id                          = (known after apply)
      + log_group_class             = (known after apply)
      + name                        = "/clearledger/cl-6145db/api"
      + name_prefix                 = (known after apply)
      + region                      = "us-east-1"
      + retention_in_days           = 14
      + skip_destroy                = false
      + tags_all                    = {
          + "ClearLedgerDeployment" = "cl-6145db"
        }
    }

  # aws_cloudwatch_log_group.log["archiver"] will be created
  + resource "aws_cloudwatch_log_group" "log" {
      + arn                         = (known after apply)
      + deletion_protection_enabled = (known after apply)
      + id                          = (known after apply)
      + log_group_class             = (known after apply)
      + name                        = "/clearledger/cl-6145db/audit-archiver"
      + name_prefix                 = (known after apply)
      + region                      = "us-east-1"
      + retention_in_days           = 14
      + skip_destroy                = false
      + tags_all                    = {
          + "ClearLedgerDeployment" = "cl-6145db"
        }
    }

  # aws_cloudwatch_log_group.log["projector"] will be created
  + resource "aws_cloudwatch_log_group" "log" {
      + arn                         = (known after apply)
      + deletion_protection_enabled = (known after apply)
      + id                          = (known after apply)
      + log_group_class             = (known after apply)
      + name                        = "/clearledger/cl-6145db/projector"
      + name_prefix                 = (known after apply)
      + region                      = "us-east-1"
      + retention_in_days           = 14
      + skip_destroy                = false
      + tags_all                    = {
          + "ClearLedgerDeployment" = "cl-6145db"
        }
    }

  # aws_cloudwatch_log_group.log["relay"] will be created
  + resource "aws_cloudwatch_log_group" "log" {
      + arn                         = (known after apply)
      + deletion_protection_enabled = (known after apply)
      + id                          = (known after apply)
      + log_group_class             = (known after apply)
      + name                        = "/clearledger/cl-6145db/outbox-relay"
      + name_prefix                 = (known after apply)
      + region                      = "us-east-1"
      + retention_in_days           = 14
      + skip_destroy                = false
      + tags_all                    = {
          + "ClearLedgerDeployment" = "cl-6145db"
        }
    }

  # aws_cognito_resource_server.main will be created
  + resource "aws_cognito_resource_server" "main" {
      + id                = (known after apply)
      + identifier        = "clearledger"
      + name              = "cl-6145db-scopes"
      + region            = "us-east-1"
      + scope_identifiers = (known after apply)
      + user_pool_id      = (known after apply)

      + scope {
          + scope_description = "ClearLedger admin"
          + scope_name        = "admin"
        }
      + scope {
          + scope_description = "ClearLedger read"
          + scope_name        = "read"
        }
      + scope {
          + scope_description = "ClearLedger write"
          + scope_name        = "write"
        }
    }

  # aws_cognito_user_pool.main will be created
  + resource "aws_cognito_user_pool" "main" {
      + arn                        = (known after apply)
      + creation_date              = (known after apply)
      + custom_domain              = (known after apply)
      + deletion_protection        = "INACTIVE"
      + domain                     = (known after apply)
      + email_verification_message = (known after apply)
      + email_verification_subject = (known after apply)
      + endpoint                   = (known after apply)
      + estimated_number_of_users  = (known after apply)
      + id                         = (known after apply)
      + last_modified_date         = (known after apply)
      + mfa_configuration          = "OFF"
      + name                       = "cl-6145db-auth"
      + region                     = "us-east-1"
      + sms_verification_message   = (known after apply)
      + tags_all                   = {
          + "ClearLedgerDeployment" = "cl-6145db"
        }
      + user_pool_tier             = (known after apply)

      + admin_create_user_config (known after apply)

      + password_policy (known after apply)

      + sign_in_policy (known after apply)

      + sms_configuration (known after apply)

      + username_configuration (known after apply)

      + verification_message_template (known after apply)
    }

  # aws_cognito_user_pool_client.client["admin"] will be created
  + resource "aws_cognito_user_pool_client" "client" {
      + access_token_validity                         = (known after apply)
      + allowed_oauth_flows                           = [
          + "client_credentials",
        ]
      + allowed_oauth_flows_user_pool_client          = true
      + allowed_oauth_scopes                          = [
          + "clearledger/admin",
        ]
      + auth_session_validity                         = (known after apply)
      + callback_urls                                 = (known after apply)
      + client_secret                                 = (sensitive value)
      + default_redirect_uri                          = (known after apply)
      + enable_propagate_additional_user_context_data = (known after apply)
      + enable_token_revocation                       = (known after apply)
      + explicit_auth_flows                           = (known after apply)
      + generate_secret                               = true
      + id                                            = (known after apply)
      + id_token_validity                             = (known after apply)
      + logout_urls                                   = (known after apply)
      + name                                          = "cl-6145db-admin"
      + prevent_user_existence_errors                 = (known after apply)
      + read_attributes                               = (known after apply)
      + refresh_token_validity                        = (known after apply)
      + region                                        = "us-east-1"
      + supported_identity_providers                  = (known after apply)
      + user_pool_id                                  = (known after apply)
      + write_attributes                              = (known after apply)
    }

  # aws_cognito_user_pool_client.client["read"] will be created
  + resource "aws_cognito_user_pool_client" "client" {
      + access_token_validity                         = (known after apply)
      + allowed_oauth_flows                           = [
          + "client_credentials",
        ]
      + allowed_oauth_flows_user_pool_client          = true
      + allowed_oauth_scopes                          = [
          + "clearledger/read",
        ]
      + auth_session_validity                         = (known after apply)
      + callback_urls                                 = (known after apply)
      + client_secret                                 = (sensitive value)
      + default_redirect_uri                          = (known after apply)
      + enable_propagate_additional_user_context_data = (known after apply)
      + enable_token_revocation                       = (known after apply)
      + explicit_auth_flows                           = (known after apply)
      + generate_secret                               = true
      + id                                            = (known after apply)
      + id_token_validity                             = (known after apply)
      + logout_urls                                   = (known after apply)
      + name                                          = "cl-6145db-read"
      + prevent_user_existence_errors                 = (known after apply)
      + read_attributes                               = (known after apply)
      + refresh_token_validity                        = (known after apply)
      + region                                        = "us-east-1"
      + supported_identity_providers                  = (known after apply)
      + user_pool_id                                  = (known after apply)
      + write_attributes                              = (known after apply)
    }

  # aws_cognito_user_pool_client.client["write"] will be created
  + resource "aws_cognito_user_pool_client" "client" {
      + access_token_validity                         = (known after apply)
      + allowed_oauth_flows                           = [
          + "client_credentials",
        ]
      + allowed_oauth_flows_user_pool_client          = true
      + allowed_oauth_scopes                          = [
          + "clearledger/write",
        ]
      + auth_session_validity                         = (known after apply)
      + callback_urls                                 = (known after apply)
      + client_secret                                 = (sensitive value)
      + default_redirect_uri                          = (known after apply)
      + enable_propagate_additional_user_context_data = (known after apply)
      + enable_token_revocation                       = (known after apply)
      + explicit_auth_flows                           = (known after apply)
      + generate_secret                               = true
      + id                                            = (known after apply)
      + id_token_validity                             = (known after apply)
      + logout_urls                                   = (known after apply)
      + name                                          = "cl-6145db-write"
      + prevent_user_existence_errors                 = (known after apply)
      + read_attributes                               = (known after apply)
      + refresh_token_validity                        = (known after apply)
      + region                                        = "us-east-1"
      + supported_identity_providers                  = (known after apply)
      + user_pool_id                                  = (known after apply)
      + write_attributes                              = (known after apply)
    }

  # aws_db_instance.main will be created
  + resource "aws_db_instance" "main" {
      + address                               = (known after apply)
      + allocated_storage                     = 20
      + apply_immediately                     = true
      + arn                                   = (known after apply)
      + auto_minor_version_upgrade            = true
      + availability_zone                     = (known after apply)
      + backup_retention_period               = 7
      + backup_target                         = (known after apply)
      + backup_window                         = (known after apply)
      + ca_cert_identifier                    = (known after apply)
      + character_set_name                    = (known after apply)
      + copy_tags_to_snapshot                 = false
      + database_insights_mode                = (known after apply)
      + db_name                               = "clearledger"
      + db_subnet_group_name                  = "cl-6145db-database"
      + dedicated_log_volume                  = false
      + delete_automated_backups              = true
      + domain_fqdn                           = (known after apply)
      + endpoint                              = (known after apply)
      + engine                                = "postgres"
      + engine_lifecycle_support              = (known after apply)
      + engine_version                        = "16.3"
      + engine_version_actual                 = (known after apply)
      + hosted_zone_id                        = (known after apply)
      + id                                    = (known after apply)
      + identifier                            = "cl-6145db-database"
      + identifier_prefix                     = (known after apply)
      + instance_class                        = "db.t4g.micro"
      + iops                                  = (known after apply)
      + kms_key_id                            = (known after apply)
      + latest_restorable_time                = (known after apply)
      + license_model                         = (known after apply)
      + listener_endpoint                     = (known after apply)
      + maintenance_window                    = (known after apply)
      + master_user_secret                    = (known after apply)
      + master_user_secret_kms_key_id         = (known after apply)
      + monitoring_interval                   = 0
      + monitoring_role_arn                   = (known after apply)
      + multi_az                              = (known after apply)
      + nchar_character_set_name              = (known after apply)
      + network_type                          = (known after apply)
      + option_group_name                     = (known after apply)
      + parameter_group_name                  = (known after apply)
      + password                              = (sensitive value)
      + performance_insights_enabled          = false
      + performance_insights_kms_key_id       = (known after apply)
      + performance_insights_retention_period = (known after apply)
      + port                                  = (known after apply)
      + publicly_accessible                   = false
      + region                                = "us-east-1"
      + replica_mode                          = (known after apply)
      + replicas                              = (known after apply)
      + resource_id                           = (known after apply)
      + skip_final_snapshot                   = true
      + snapshot_identifier                   = (known after apply)
      + status                                = (known after apply)
      + storage_encrypted                     = true
      + storage_throughput                    = (known after apply)
      + storage_type                          = (known after apply)
      + tags_all                              = {
          + "ClearLedgerDeployment" = "cl-6145db"
        }
      + timezone                              = (known after apply)
      + upgrade_rollout_order                 = (known after apply)
      + username                              = "clearledger"
      + vpc_security_group_ids                = (known after apply)
    }

  # aws_db_subnet_group.main will be created
  + resource "aws_db_subnet_group" "main" {
      + arn                     = (known after apply)
      + description             = "Managed by Terraform"
      + id                      = (known after apply)
      + name                    = "cl-6145db-database"
      + name_prefix             = (known after apply)
      + region                  = "us-east-1"
      + subnet_ids              = (known after apply)
      + supported_network_types = (known after apply)
      + tags_all                = {
          + "ClearLedgerDeployment" = "cl-6145db"
        }
      + vpc_id                  = (known after apply)
    }

  # aws_dynamodb_table.main will be created
  + resource "aws_dynamodb_table" "main" {
      + arn              = (known after apply)
      + billing_mode     = "PAY_PER_REQUEST"
      + hash_key         = "PK"
      + id               = (known after apply)
      + name             = "cl-6145db-projections"
      + range_key        = "SK"
      + read_capacity    = (known after apply)
      + region           = "us-east-1"
      + stream_arn       = (known after apply)
      + stream_label     = (known after apply)
      + stream_view_type = (known after apply)
      + tags_all         = {
          + "ClearLedgerDeployment" = "cl-6145db"
        }
      + write_capacity   = (known after apply)

      + attribute {
          + name = "GSI1PK"
          + type = "S"
        }
      + attribute {
          + name = "GSI1SK"
          + type = "S"
        }
      + attribute {
          + name = "PK"
          + type = "S"
        }
      + attribute {
          + name = "SK"
          + type = "S"
        }

      + global_secondary_index {
          + hash_key           = "GSI1PK"
          + name               = "AccountIndex"
          + non_key_attributes = []
          + projection_type    = "ALL"
          + range_key          = "GSI1SK"
          + read_capacity      = (known after apply)
          + write_capacity     = (known after apply)

          + key_schema (known after apply)

          + warm_throughput (known after apply)
        }

      + global_table_witness (known after apply)

      + point_in_time_recovery {
          + enabled                 = true
          + recovery_period_in_days = (known after apply)
        }

      + server_side_encryption {
          + enabled     = true
          + kms_key_arn = (known after apply)
        }

      + ttl (known after apply)

      + warm_throughput (known after apply)
    }

  # aws_ecs_cluster.main will be created
  + resource "aws_ecs_cluster" "main" {
      + arn      = (known after apply)
      + id       = (known after apply)
      + name     = "cl-6145db-cluster"
      + region   = "us-east-1"
      + tags_all = {
          + "ClearLedgerDeployment" = "cl-6145db"
        }

      + setting {
          + name  = "containerInsights"
          + value = "enabled"
        }
    }

  # aws_ecs_service.api will be created
  + resource "aws_ecs_service" "api" {
      + arn                                = (known after apply)
      + availability_zone_rebalancing      = (known after apply)
      + cluster                            = (known after apply)
      + deployment_maximum_percent         = 200
      + deployment_minimum_healthy_percent = 100
      + desired_count                      = 2
      + enable_ecs_managed_tags            = false
      + enable_execute_command             = false
      + iam_role                           = (known after apply)
      + id                                 = (known after apply)
      + launch_type                        = "FARGATE"
      + name                               = "cl-6145db-api"
      + platform_version                   = (known after apply)
      + region                             = "us-east-1"
      + scheduling_strategy                = "REPLICA"
      + tags_all                           = {
          + "ClearLedgerDeployment" = "cl-6145db"
        }
      + task_definition                    = (known after apply)
      + triggers                           = (known after apply)
      + wait_for_steady_state              = false

      + deployment_configuration (known after apply)

      + load_balancer {
          + container_name   = "api"
          + container_port   = 8080
          + target_group_arn = (known after apply)
            # (1 unchanged attribute hidden)
        }

      + network_configuration {
          + assign_public_ip = false
          + security_groups  = (known after apply)
          + subnets          = (known after apply)
        }
    }

  # aws_ecs_task_definition.api will be created
  + resource "aws_ecs_task_definition" "api" {
      + arn                      = (known after apply)
      + arn_without_revision     = (known after apply)
      + container_definitions    = (known after apply)
      + cpu                      = "256"
      + enable_fault_injection   = (known after apply)
      + execution_role_arn       = (known after apply)
      + family                   = "cl-6145db-api"
      + id                       = (known after apply)
      + memory                   = "512"
      + network_mode             = "awsvpc"
      + region                   = "us-east-1"
      + requires_compatibilities = [
          + "FARGATE",
        ]
      + revision                 = (known after apply)
      + skip_destroy             = false
      + tags_all                 = {
          + "ClearLedgerDeployment" = "cl-6145db"
        }
      + task_role_arn            = (known after apply)
      + track_latest             = false
    }

  # aws_elasticache_replication_group.main will be created
  + resource "aws_elasticache_replication_group" "main" {
      + apply_immediately              = true
      + arn                            = (known after apply)
      + at_rest_encryption_enabled     = "false"
      + auto_minor_version_upgrade     = (known after apply)
      + automatic_failover_enabled     = false
      + cluster_enabled                = (known after apply)
      + cluster_mode                   = (known after apply)
      + configuration_endpoint_address = (known after apply)
      + data_tiering_enabled           = (known after apply)
      + description                    = "cl-6145db projection cache"
      + durability                     = (known after apply)
      + engine                         = "valkey"
      + engine_version                 = "8.0"
      + engine_version_actual          = (known after apply)
      + global_replication_group_id    = (known after apply)
      + id                             = (known after apply)
      + ip_discovery                   = (known after apply)
      + maintenance_window             = (known after apply)
      + member_clusters                = (known after apply)
      + multi_az_enabled               = false
      + network_type                   = (known after apply)
      + node_type                      = "cache.t4g.micro"
      + num_cache_clusters             = 1
      + num_node_groups                = (known after apply)
      + parameter_group_name           = (known after apply)
      + port                           = 6379
      + primary_endpoint_address       = (known after apply)
      + reader_endpoint_address        = (known after apply)
      + region                         = "us-east-1"
      + replicas_per_node_group        = (known after apply)
      + replication_group_id           = "cl-6145db-cache"
      + security_group_ids             = (known after apply)
      + security_group_names           = (known after apply)
      + snapshot_window                = (known after apply)
      + subnet_group_name              = "cl-6145db-cache"
      + tags_all                       = {
          + "ClearLedgerDeployment" = "cl-6145db"
        }
      + transit_encryption_enabled     = false
      + transit_encryption_mode        = (known after apply)

      + node_group_configuration (known after apply)
    }

  # aws_elasticache_subnet_group.main will be created
  + resource "aws_elasticache_subnet_group" "main" {
      + arn         = (known after apply)
      + description = "Managed by Terraform"
      + id          = (known after apply)
      + name        = "cl-6145db-cache"
      + region      = "us-east-1"
      + subnet_ids  = (known after apply)
      + tags_all    = {
          + "ClearLedgerDeployment" = "cl-6145db"
        }
      + vpc_id      = (known after apply)
    }

  # aws_iam_role.role["archiver"] will be created
  + resource "aws_iam_role" "role" {
      + arn                   = (known after apply)
      + assume_role_policy    = jsonencode(
            {
              + Statement = [
                  + {
                      + Action    = "sts:AssumeRole"
                      + Effect    = "Allow"
                      + Principal = {
                          + Service = "lambda.amazonaws.com"
                        }
                    },
                ]
              + Version   = "2012-10-17"
            }
        )
      + create_date           = (known after apply)
      + force_detach_policies = false
      + id                    = (known after apply)
      + managed_policy_arns   = (known after apply)
      + max_session_duration  = 3600
      + name                  = "cl-6145db-archiver"
      + name_prefix           = (known after apply)
      + path                  = "/"
      + tags                  = {
          + "ClearLedgerRole" = "archiver"
        }
      + tags_all              = {
          + "ClearLedgerDeployment" = "cl-6145db"
          + "ClearLedgerRole"       = "archiver"
        }
      + unique_id             = (known after apply)

      + inline_policy (known after apply)
    }

  # aws_iam_role.role["ecs_execution"] will be created
  + resource "aws_iam_role" "role" {
      + arn                   = (known after apply)
      + assume_role_policy    = jsonencode(
            {
              + Statement = [
                  + {
                      + Action    = "sts:AssumeRole"
                      + Effect    = "Allow"
                      + Principal = {
                          + Service = "ecs-tasks.amazonaws.com"
                        }
                    },
                ]
              + Version   = "2012-10-17"
            }
        )
      + create_date           = (known after apply)
      + force_detach_policies = false
      + id                    = (known after apply)
      + managed_policy_arns   = (known after apply)
      + max_session_duration  = 3600
      + name                  = "cl-6145db-ecs_execution"
      + name_prefix           = (known after apply)
      + path                  = "/"
      + tags                  = {
          + "ClearLedgerRole" = "ecs_execution"
        }
      + tags_all              = {
          + "ClearLedgerDeployment" = "cl-6145db"
          + "ClearLedgerRole"       = "ecs_execution"
        }
      + unique_id             = (known after apply)

      + inline_policy (known after apply)
    }

  # aws_iam_role.role["ecs_task"] will be created
  + resource "aws_iam_role" "role" {
      + arn                   = (known after apply)
      + assume_role_policy    = jsonencode(
            {
              + Statement = [
                  + {
                      + Action    = "sts:AssumeRole"
                      + Effect    = "Allow"
                      + Principal = {
                          + Service = "ecs-tasks.amazonaws.com"
                        }
                    },
                ]
              + Version   = "2012-10-17"
            }
        )
      + create_date           = (known after apply)
      + force_detach_policies = false
      + id                    = (known after apply)
      + managed_policy_arns   = (known after apply)
      + max_session_duration  = 3600
      + name                  = "cl-6145db-ecs_task"
      + name_prefix           = (known after apply)
      + path                  = "/"
      + tags                  = {
          + "ClearLedgerRole" = "ecs_task"
        }
      + tags_all              = {
          + "ClearLedgerDeployment" = "cl-6145db"
          + "ClearLedgerRole"       = "ecs_task"
        }
      + unique_id             = (known after apply)

      + inline_policy (known after apply)
    }

  # aws_iam_role.role["projector"] will be created
  + resource "aws_iam_role" "role" {
      + arn                   = (known after apply)
      + assume_role_policy    = jsonencode(
            {
              + Statement = [
                  + {
                      + Action    = "sts:AssumeRole"
                      + Effect    = "Allow"
                      + Principal = {
                          + Service = "lambda.amazonaws.com"
                        }
                    },
                ]
              + Version   = "2012-10-17"
            }
        )
      + create_date           = (known after apply)
      + force_detach_policies = false
      + id                    = (known after apply)
      + managed_policy_arns   = (known after apply)
      + max_session_duration  = 3600
      + name                  = "cl-6145db-projector"
      + name_prefix           = (known after apply)
      + path                  = "/"
      + tags                  = {
          + "ClearLedgerRole" = "projector"
        }
      + tags_all              = {
          + "ClearLedgerDeployment" = "cl-6145db"
          + "ClearLedgerRole"       = "projector"
        }
      + unique_id             = (known after apply)

      + inline_policy (known after apply)
    }

  # aws_iam_role.role["relay"] will be created
  + resource "aws_iam_role" "role" {
      + arn                   = (known after apply)
      + assume_role_policy    = jsonencode(
            {
              + Statement = [
                  + {
                      + Action    = "sts:AssumeRole"
                      + Effect    = "Allow"
                      + Principal = {
                          + Service = "lambda.amazonaws.com"
                        }
                    },
                ]
              + Version   = "2012-10-17"
            }
        )
      + create_date           = (known after apply)
      + force_detach_policies = false
      + id                    = (known after apply)
      + managed_policy_arns   = (known after apply)
      + max_session_duration  = 3600
      + name                  = "cl-6145db-relay"
      + name_prefix           = (known after apply)
      + path                  = "/"
      + tags                  = {
          + "ClearLedgerRole" = "relay"
        }
      + tags_all              = {
          + "ClearLedgerDeployment" = "cl-6145db"
          + "ClearLedgerRole"       = "relay"
        }
      + unique_id             = (known after apply)

      + inline_policy (known after apply)
    }

  # aws_iam_role.role["scheduler"] will be created
  + resource "aws_iam_role" "role" {
      + arn                   = (known after apply)
      + assume_role_policy    = jsonencode(
            {
              + Statement = [
                  + {
                      + Action    = "sts:AssumeRole"
                      + Effect    = "Allow"
                      + Principal = {
                          + Service = "scheduler.amazonaws.com"
                        }
                    },
                ]
              + Version   = "2012-10-17"
            }
        )
      + create_date           = (known after apply)
      + force_detach_policies = false
      + id                    = (known after apply)
      + managed_policy_arns   = (known after apply)
      + max_session_duration  = 3600
      + name                  = "cl-6145db-scheduler"
      + name_prefix           = (known after apply)
      + path                  = "/"
      + tags                  = {
          + "ClearLedgerRole" = "scheduler"
        }
      + tags_all              = {
          + "ClearLedgerDeployment" = "cl-6145db"
          + "ClearLedgerRole"       = "scheduler"
        }
      + unique_id             = (known after apply)

      + inline_policy (known after apply)
    }

  # aws_iam_role_policy.canonical["archiver"] will be created
  + resource "aws_iam_role_policy" "canonical" {
      + id          = (known after apply)
      + name        = "cl-6145db-canonical"
      + name_prefix = (known after apply)
      + policy      = (known after apply)
      + role        = (known after apply)
    }

  # aws_iam_role_policy.canonical["ecs_execution"] will be created
  + resource "aws_iam_role_policy" "canonical" {
      + id          = (known after apply)
      + name        = "cl-6145db-canonical"
      + name_prefix = (known after apply)
      + policy      = (known after apply)
      + role        = (known after apply)
    }

  # aws_iam_role_policy.canonical["ecs_task"] will be created
  + resource "aws_iam_role_policy" "canonical" {
      + id          = (known after apply)
      + name        = "cl-6145db-canonical"
      + name_prefix = (known after apply)
      + policy      = (known after apply)
      + role        = (known after apply)
    }

  # aws_iam_role_policy.canonical["projector"] will be created
  + resource "aws_iam_role_policy" "canonical" {
      + id          = (known after apply)
      + name        = "cl-6145db-canonical"
      + name_prefix = (known after apply)
      + policy      = (known after apply)
      + role        = (known after apply)
    }

  # aws_iam_role_policy.canonical["relay"] will be created
  + resource "aws_iam_role_policy" "canonical" {
      + id          = (known after apply)
      + name        = "cl-6145db-canonical"
      + name_prefix = (known after apply)
      + policy      = (known after apply)
      + role        = (known after apply)
    }

  # aws_iam_role_policy.canonical["scheduler"] will be created
  + resource "aws_iam_role_policy" "canonical" {
      + id          = (known after apply)
      + name        = "cl-6145db-canonical"
      + name_prefix = (known after apply)
      + policy      = (known after apply)
      + role        = (known after apply)
    }

  # aws_internet_gateway.main will be created
  + resource "aws_internet_gateway" "main" {
      + arn      = (known after apply)
      + id       = (known after apply)
      + owner_id = (known after apply)
      + region   = "us-east-1"
      + tags     = {
          + "Name" = "cl-6145db-igw"
        }
      + tags_all = {
          + "ClearLedgerDeployment" = "cl-6145db"
          + "Name"                  = "cl-6145db-igw"
        }
      + vpc_id   = (known after apply)
    }

  # aws_kms_alias.key["audit"] will be created
  + resource "aws_kms_alias" "key" {
      + arn            = (known after apply)
      + id             = (known after apply)
      + name           = "alias/cl-6145db-audit"
      + name_prefix    = (known after apply)
      + region         = "us-east-1"
      + target_key_arn = (known after apply)
      + target_key_id  = (known after apply)
    }

  # aws_kms_alias.key["database"] will be created
  + resource "aws_kms_alias" "key" {
      + arn            = (known after apply)
      + id             = (known after apply)
      + name           = "alias/cl-6145db-database"
      + name_prefix    = (known after apply)
      + region         = "us-east-1"
      + target_key_arn = (known after apply)
      + target_key_id  = (known after apply)
    }

  # aws_kms_alias.key["messaging"] will be created
  + resource "aws_kms_alias" "key" {
      + arn            = (known after apply)
      + id             = (known after apply)
      + name           = "alias/cl-6145db-messaging"
      + name_prefix    = (known after apply)
      + region         = "us-east-1"
      + target_key_arn = (known after apply)
      + target_key_id  = (known after apply)
    }

  # aws_kms_alias.key["projection"] will be created
  + resource "aws_kms_alias" "key" {
      + arn            = (known after apply)
      + id             = (known after apply)
      + name           = "alias/cl-6145db-projection"
      + name_prefix    = (known after apply)
      + region         = "us-east-1"
      + target_key_arn = (known after apply)
      + target_key_id  = (known after apply)
    }

  # aws_kms_key.key["audit"] will be created
  + resource "aws_kms_key" "key" {
      + arn                                = (known after apply)
      + bypass_policy_lockout_safety_check = false
      + customer_master_key_spec           = "SYMMETRIC_DEFAULT"
      + deletion_window_in_days            = 10
      + description                        = "cl-6145db-audit"
      + enable_key_rotation                = true
      + id                                 = (known after apply)
      + is_enabled                         = true
      + key_id                             = (known after apply)
      + key_usage                          = "ENCRYPT_DECRYPT"
      + multi_region                       = (known after apply)
      + policy                             = jsonencode(
            {
              + Statement = [
                  + {
                      + Action    = "kms:*"
                      + Effect    = "Allow"
                      + Principal = {
                          + AWS = "arn:aws:iam::000000000000:root"
                        }
                      + Resource  = "*"
                      + Sid       = "RootAdministration"
                    },
                  + {
                      + Action    = [
                          + "kms:Decrypt",
                          + "kms:GenerateDataKey",
                          + "kms:DescribeKey",
                        ]
                      + Effect    = "Allow"
                      + Principal = {
                          + AWS = [
                              + "arn:aws:iam::000000000000:role/cl-6145db-archiver",
                            ]
                        }
                      + Resource  = "*"
                      + Sid       = "WorkloadUsage"
                    },
                  + {
                      + Action    = [
                          + "kms:DisableKey",
                          + "kms:ScheduleKeyDeletion",
                        ]
                      + Effect    = "Deny"
                      + Principal = {
                          + AWS = [
                              + "arn:aws:iam::000000000000:role/cl-6145db-archiver",
                              + "arn:aws:iam::000000000000:role/cl-6145db-ecs_execution",
                              + "arn:aws:iam::000000000000:role/cl-6145db-ecs_task",
                              + "arn:aws:iam::000000000000:role/cl-6145db-projector",
                              + "arn:aws:iam::000000000000:role/cl-6145db-relay",
                              + "arn:aws:iam::000000000000:role/cl-6145db-scheduler",
                            ]
                        }
                      + Resource  = "*"
                      + Sid       = "ProtectKeys"
                    },
                  + {
                      + Action    = [
                          + "kms:Decrypt",
                          + "kms:GenerateDataKey",
                        ]
                      + Effect    = "Deny"
                      + Principal = {
                          + AWS = [
                              + "arn:aws:iam::000000000000:role/cl-6145db-ecs_execution",
                              + "arn:aws:iam::000000000000:role/cl-6145db-ecs_task",
                              + "arn:aws:iam::000000000000:role/cl-6145db-projector",
                              + "arn:aws:iam::000000000000:role/cl-6145db-relay",
                              + "arn:aws:iam::000000000000:role/cl-6145db-scheduler",
                            ]
                        }
                      + Resource  = "*"
                      + Sid       = "IsolateKeys"
                    },
                ]
              + Version   = "2012-10-17"
            }
        )
      + region                             = "us-east-1"
      + rotation_period_in_days            = (known after apply)
      + tags                               = {
          + "ClearLedgerKeyUsage" = "audit"
          + "Name"                = "cl-6145db-audit"
        }
      + tags_all                           = {
          + "ClearLedgerDeployment" = "cl-6145db"
          + "ClearLedgerKeyUsage"   = "audit"
          + "Name"                  = "cl-6145db-audit"
        }
    }

  # aws_kms_key.key["database"] will be created
  + resource "aws_kms_key" "key" {
      + arn                                = (known after apply)
      + bypass_policy_lockout_safety_check = false
      + customer_master_key_spec           = "SYMMETRIC_DEFAULT"
      + deletion_window_in_days            = 10
      + description                        = "cl-6145db-database"
      + enable_key_rotation                = true
      + id                                 = (known after apply)
      + is_enabled                         = true
      + key_id                             = (known after apply)
      + key_usage                          = "ENCRYPT_DECRYPT"
      + multi_region                       = (known after apply)
      + policy                             = jsonencode(
            {
              + Statement = [
                  + {
                      + Action    = "kms:*"
                      + Effect    = "Allow"
                      + Principal = {
                          + AWS = "arn:aws:iam::000000000000:root"
                        }
                      + Resource  = "*"
                      + Sid       = "RootAdministration"
                    },
                  + {
                      + Action    = [
                          + "kms:Decrypt",
                          + "kms:GenerateDataKey",
                          + "kms:DescribeKey",
                        ]
                      + Effect    = "Allow"
                      + Principal = {
                          + AWS = [
                              + "arn:aws:iam::000000000000:role/cl-6145db-relay",
                              + "arn:aws:iam::000000000000:role/cl-6145db-archiver",
                            ]
                        }
                      + Resource  = "*"
                      + Sid       = "WorkloadUsage"
                    },
                  + {
                      + Action    = [
                          + "kms:DisableKey",
                          + "kms:ScheduleKeyDeletion",
                        ]
                      + Effect    = "Deny"
                      + Principal = {
                          + AWS = [
                              + "arn:aws:iam::000000000000:role/cl-6145db-archiver",
                              + "arn:aws:iam::000000000000:role/cl-6145db-ecs_execution",
                              + "arn:aws:iam::000000000000:role/cl-6145db-ecs_task",
                              + "arn:aws:iam::000000000000:role/cl-6145db-projector",
                              + "arn:aws:iam::000000000000:role/cl-6145db-relay",
                              + "arn:aws:iam::000000000000:role/cl-6145db-scheduler",
                            ]
                        }
                      + Resource  = "*"
                      + Sid       = "ProtectKeys"
                    },
                  + {
                      + Action    = [
                          + "kms:Decrypt",
                          + "kms:GenerateDataKey",
                        ]
                      + Effect    = "Deny"
                      + Principal = {
                          + AWS = [
                              + "arn:aws:iam::000000000000:role/cl-6145db-ecs_execution",
                              + "arn:aws:iam::000000000000:role/cl-6145db-ecs_task",
                              + "arn:aws:iam::000000000000:role/cl-6145db-projector",
                              + "arn:aws:iam::000000000000:role/cl-6145db-scheduler",
                            ]
                        }
                      + Resource  = "*"
                      + Sid       = "IsolateKeys"
                    },
                ]
              + Version   = "2012-10-17"
            }
        )
      + region                             = "us-east-1"
      + rotation_period_in_days            = (known after apply)
      + tags                               = {
          + "ClearLedgerKeyUsage" = "database"
          + "Name"                = "cl-6145db-database"
        }
      + tags_all                           = {
          + "ClearLedgerDeployment" = "cl-6145db"
          + "ClearLedgerKeyUsage"   = "database"
          + "Name"                  = "cl-6145db-database"
        }
    }

  # aws_kms_key.key["messaging"] will be created
  + resource "aws_kms_key" "key" {
      + arn                                = (known after apply)
      + bypass_policy_lockout_safety_check = false
      + customer_master_key_spec           = "SYMMETRIC_DEFAULT"
      + deletion_window_in_days            = 10
      + description                        = "cl-6145db-messaging"
      + enable_key_rotation                = true
      + id                                 = (known after apply)
      + is_enabled                         = true
      + key_id                             = (known after apply)
      + key_usage                          = "ENCRYPT_DECRYPT"
      + multi_region                       = (known after apply)
      + policy                             = jsonencode(
            {
              + Statement = [
                  + {
                      + Action    = "kms:*"
                      + Effect    = "Allow"
                      + Principal = {
                          + AWS = "arn:aws:iam::000000000000:root"
                        }
                      + Resource  = "*"
                      + Sid       = "RootAdministration"
                    },
                  + {
                      + Action    = [
                          + "kms:Decrypt",
                          + "kms:GenerateDataKey",
                          + "kms:DescribeKey",
                        ]
                      + Effect    = "Allow"
                      + Principal = {
                          + AWS = [
                              + "arn:aws:iam::000000000000:role/cl-6145db-ecs_task",
                              + "arn:aws:iam::000000000000:role/cl-6145db-projector",
                              + "arn:aws:iam::000000000000:role/cl-6145db-relay",
                            ]
                        }
                      + Resource  = "*"
                      + Sid       = "WorkloadUsage"
                    },
                  + {
                      + Action    = [
                          + "kms:DisableKey",
                          + "kms:ScheduleKeyDeletion",
                        ]
                      + Effect    = "Deny"
                      + Principal = {
                          + AWS = [
                              + "arn:aws:iam::000000000000:role/cl-6145db-archiver",
                              + "arn:aws:iam::000000000000:role/cl-6145db-ecs_execution",
                              + "arn:aws:iam::000000000000:role/cl-6145db-ecs_task",
                              + "arn:aws:iam::000000000000:role/cl-6145db-projector",
                              + "arn:aws:iam::000000000000:role/cl-6145db-relay",
                              + "arn:aws:iam::000000000000:role/cl-6145db-scheduler",
                            ]
                        }
                      + Resource  = "*"
                      + Sid       = "ProtectKeys"
                    },
                  + {
                      + Action    = [
                          + "kms:Decrypt",
                          + "kms:GenerateDataKey",
                        ]
                      + Effect    = "Deny"
                      + Principal = {
                          + AWS = [
                              + "arn:aws:iam::000000000000:role/cl-6145db-archiver",
                              + "arn:aws:iam::000000000000:role/cl-6145db-ecs_execution",
                              + "arn:aws:iam::000000000000:role/cl-6145db-scheduler",
                            ]
                        }
                      + Resource  = "*"
                      + Sid       = "IsolateKeys"
                    },
                ]
              + Version   = "2012-10-17"
            }
        )
      + region                             = "us-east-1"
      + rotation_period_in_days            = (known after apply)
      + tags                               = {
          + "ClearLedgerKeyUsage" = "messaging"
          + "Name"                = "cl-6145db-messaging"
        }
      + tags_all                           = {
          + "ClearLedgerDeployment" = "cl-6145db"
          + "ClearLedgerKeyUsage"   = "messaging"
          + "Name"                  = "cl-6145db-messaging"
        }
    }

  # aws_kms_key.key["projection"] will be created
  + resource "aws_kms_key" "key" {
      + arn                                = (known after apply)
      + bypass_policy_lockout_safety_check = false
      + customer_master_key_spec           = "SYMMETRIC_DEFAULT"
      + deletion_window_in_days            = 10
      + description                        = "cl-6145db-projection"
      + enable_key_rotation                = true
      + id                                 = (known after apply)
      + is_enabled                         = true
      + key_id                             = (known after apply)
      + key_usage                          = "ENCRYPT_DECRYPT"
      + multi_region                       = (known after apply)
      + policy                             = jsonencode(
            {
              + Statement = [
                  + {
                      + Action    = "kms:*"
                      + Effect    = "Allow"
                      + Principal = {
                          + AWS = "arn:aws:iam::000000000000:root"
                        }
                      + Resource  = "*"
                      + Sid       = "RootAdministration"
                    },
                  + {
                      + Action    = [
                          + "kms:Decrypt",
                          + "kms:GenerateDataKey",
                          + "kms:DescribeKey",
                        ]
                      + Effect    = "Allow"
                      + Principal = {
                          + AWS = [
                              + "arn:aws:iam::000000000000:role/cl-6145db-ecs_task",
                              + "arn:aws:iam::000000000000:role/cl-6145db-projector",
                            ]
                        }
                      + Resource  = "*"
                      + Sid       = "WorkloadUsage"
                    },
                  + {
                      + Action    = [
                          + "kms:DisableKey",
                          + "kms:ScheduleKeyDeletion",
                        ]
                      + Effect    = "Deny"
                      + Principal = {
                          + AWS = [
                              + "arn:aws:iam::000000000000:role/cl-6145db-archiver",
                              + "arn:aws:iam::000000000000:role/cl-6145db-ecs_execution",
                              + "arn:aws:iam::000000000000:role/cl-6145db-ecs_task",
                              + "arn:aws:iam::000000000000:role/cl-6145db-projector",
                              + "arn:aws:iam::000000000000:role/cl-6145db-relay",
                              + "arn:aws:iam::000000000000:role/cl-6145db-scheduler",
                            ]
                        }
                      + Resource  = "*"
                      + Sid       = "ProtectKeys"
                    },
                  + {
                      + Action    = [
                          + "kms:Decrypt",
                          + "kms:GenerateDataKey",
                        ]
                      + Effect    = "Deny"
                      + Principal = {
                          + AWS = [
                              + "arn:aws:iam::000000000000:role/cl-6145db-archiver",
                              + "arn:aws:iam::000000000000:role/cl-6145db-ecs_execution",
                              + "arn:aws:iam::000000000000:role/cl-6145db-relay",
                              + "arn:aws:iam::000000000000:role/cl-6145db-scheduler",
                            ]
                        }
                      + Resource  = "*"
                      + Sid       = "IsolateKeys"
                    },
                ]
              + Version   = "2012-10-17"
            }
        )
      + region                             = "us-east-1"
      + rotation_period_in_days            = (known after apply)
      + tags                               = {
          + "ClearLedgerKeyUsage" = "projection"
          + "Name"                = "cl-6145db-projection"
        }
      + tags_all                           = {
          + "ClearLedgerDeployment" = "cl-6145db"
          + "ClearLedgerKeyUsage"   = "projection"
          + "Name"                  = "cl-6145db-projection"
        }
    }

  # aws_lambda_event_source_mapping.projector will be created
  + resource "aws_lambda_event_source_mapping" "projector" {
      + arn                                = (known after apply)
      + batch_size                         = 5
      + enabled                            = true
      + event_source_arn                   = (known after apply)
      + function_arn                       = (known after apply)
      + function_name                      = (known after apply)
      + function_response_types            = [
          + "ReportBatchItemFailures",
        ]
      + id                                 = (known after apply)
      + last_modified                      = (known after apply)
      + last_processing_result             = (known after apply)
      + maximum_batching_window_in_seconds = 0
      + maximum_record_age_in_seconds      = (known after apply)
      + maximum_retry_attempts             = (known after apply)
      + parallelization_factor             = (known after apply)
      + region                             = "us-east-1"
      + state                              = (known after apply)
      + state_transition_reason            = (known after apply)
      + tags_all                           = {
          + "ClearLedgerDeployment" = "cl-6145db"
        }
      + uuid                               = (known after apply)

      + amazon_managed_kafka_event_source_config (known after apply)

      + self_managed_kafka_event_source_config (known after apply)
    }

  # aws_lambda_function.worker["archiver"] will be created
  + resource "aws_lambda_function" "worker" {
      + architectures                  = (known after apply)
      + arn                            = (known after apply)
      + code_sha256                    = (known after apply)
      + function_name                  = "cl-6145db-archiver"
      + id                             = (known after apply)
      + image_uri                      = "clearledger/archiver:1.0.0"
      + invoke_arn                     = (known after apply)
      + last_modified                  = (known after apply)
      + memory_size                    = 256
      + package_type                   = "Image"
      + publish                        = false
      + qualified_arn                  = (known after apply)
      + qualified_invoke_arn           = (known after apply)
      + region                         = "us-east-1"
      + reserved_concurrent_executions = -1
      + response_streaming_invoke_arn  = (known after apply)
      + role                           = (known after apply)
      + signing_job_arn                = (known after apply)
      + signing_profile_version_arn    = (known after apply)
      + skip_destroy                   = false
      + source_code_hash               = (known after apply)
      + source_code_size               = (known after apply)
      + tags_all                       = {
          + "ClearLedgerDeployment" = "cl-6145db"
        }
      + timeout                        = 30
      + version                        = (known after apply)

      + environment {
          + variables = (known after apply)
        }

      + ephemeral_storage (known after apply)

      + logging_config (known after apply)

      + tracing_config (known after apply)
    }

  # aws_lambda_function.worker["projector"] will be created
  + resource "aws_lambda_function" "worker" {
      + architectures                  = (known after apply)
      + arn                            = (known after apply)
      + code_sha256                    = (known after apply)
      + function_name                  = "cl-6145db-projector"
      + id                             = (known after apply)
      + image_uri                      = "clearledger/projector:1.0.0"
      + invoke_arn                     = (known after apply)
      + last_modified                  = (known after apply)
      + memory_size                    = 256
      + package_type                   = "Image"
      + publish                        = false
      + qualified_arn                  = (known after apply)
      + qualified_invoke_arn           = (known after apply)
      + region                         = "us-east-1"
      + reserved_concurrent_executions = -1
      + response_streaming_invoke_arn  = (known after apply)
      + role                           = (known after apply)
      + signing_job_arn                = (known after apply)
      + signing_profile_version_arn    = (known after apply)
      + skip_destroy                   = false
      + source_code_hash               = (known after apply)
      + source_code_size               = (known after apply)
      + tags_all                       = {
          + "ClearLedgerDeployment" = "cl-6145db"
        }
      + timeout                        = 30
      + version                        = (known after apply)

      + environment {
          + variables = (known after apply)
        }

      + ephemeral_storage (known after apply)

      + logging_config (known after apply)

      + tracing_config (known after apply)
    }

  # aws_lambda_function.worker["relay"] will be created
  + resource "aws_lambda_function" "worker" {
      + architectures                  = (known after apply)
      + arn                            = (known after apply)
      + code_sha256                    = (known after apply)
      + function_name                  = "cl-6145db-relay"
      + id                             = (known after apply)
      + image_uri                      = "clearledger/relay:1.0.0"
      + invoke_arn                     = (known after apply)
      + last_modified                  = (known after apply)
      + memory_size                    = 256
      + package_type                   = "Image"
      + publish                        = false
      + qualified_arn                  = (known after apply)
      + qualified_invoke_arn           = (known after apply)
      + region                         = "us-east-1"
      + reserved_concurrent_executions = -1
      + response_streaming_invoke_arn  = (known after apply)
      + role                           = (known after apply)
      + signing_job_arn                = (known after apply)
      + signing_profile_version_arn    = (known after apply)
      + skip_destroy                   = false
      + source_code_hash               = (known after apply)
      + source_code_size               = (known after apply)
      + tags_all                       = {
          + "ClearLedgerDeployment" = "cl-6145db"
        }
      + timeout                        = 30
      + version                        = (known after apply)

      + environment {
          + variables = (known after apply)
        }

      + ephemeral_storage (known after apply)

      + logging_config (known after apply)

      + tracing_config (known after apply)
    }

  # aws_lb.main will be created
  + resource "aws_lb" "main" {
      + arn                                                          = (known after apply)
      + arn_suffix                                                   = (known after apply)
      + client_keep_alive                                            = 3600
      + desync_mitigation_mode                                       = "defensive"
      + dns_name                                                     = (known after apply)
      + drop_invalid_header_fields                                   = false
      + enable_deletion_protection                                   = false
      + enable_http2                                                 = true
      + enable_prefix_for_ipv6_source_nat                            = (known after apply)
      + enable_tls_version_and_cipher_suite_headers                  = false
      + enable_waf_fail_open                                         = false
      + enable_xff_client_port                                       = false
      + enable_zonal_shift                                           = false
      + enforce_security_group_inbound_rules_on_private_link_traffic = (known after apply)
      + id                                                           = (known after apply)
      + idle_timeout                                                 = 60
      + internal                                                     = false
      + ip_address_type                                              = (known after apply)
      + load_balancer_type                                           = "application"
      + name                                                         = "cl-6145db-alb"
      + name_prefix                                                  = (known after apply)
      + preserve_host_header                                         = false
      + region                                                       = "us-east-1"
      + secondary_ips_auto_assigned_per_subnet                       = (known after apply)
      + security_groups                                              = (known after apply)
      + subnets                                                      = (known after apply)
      + tags_all                                                     = {
          + "ClearLedgerDeployment" = "cl-6145db"
        }
      + vpc_id                                                       = (known after apply)
      + xff_header_processing_mode                                   = "append"
      + zone_id                                                      = (known after apply)

      + subnet_mapping (known after apply)
    }

  # aws_lb_listener.main will be created
  + resource "aws_lb_listener" "main" {
      + arn                                                                   = (known after apply)
      + id                                                                    = (known after apply)
      + load_balancer_arn                                                     = (known after apply)
      + port                                                                  = 80
      + protocol                                                              = "HTTP"
      + region                                                                = "us-east-1"
      + routing_http_request_x_amzn_mtls_clientcert_header_name               = (known after apply)
      + routing_http_request_x_amzn_mtls_clientcert_issuer_header_name        = (known after apply)
      + routing_http_request_x_amzn_mtls_clientcert_leaf_header_name          = (known after apply)
      + routing_http_request_x_amzn_mtls_clientcert_serial_number_header_name = (known after apply)
      + routing_http_request_x_amzn_mtls_clientcert_subject_header_name       = (known after apply)
      + routing_http_request_x_amzn_mtls_clientcert_validity_header_name      = (known after apply)
      + routing_http_request_x_amzn_tls_cipher_suite_header_name              = (known after apply)
      + routing_http_request_x_amzn_tls_version_header_name                   = (known after apply)
      + routing_http_response_access_control_allow_credentials_header_value   = (known after apply)
      + routing_http_response_access_control_allow_headers_header_value       = (known after apply)
      + routing_http_response_access_control_allow_methods_header_value       = (known after apply)
      + routing_http_response_access_control_allow_origin_header_value        = (known after apply)
      + routing_http_response_access_control_expose_headers_header_value      = (known after apply)
      + routing_http_response_access_control_max_age_header_value             = (known after apply)
      + routing_http_response_content_security_policy_header_value            = (known after apply)
      + routing_http_response_server_enabled                                  = (known after apply)
      + routing_http_response_strict_transport_security_header_value          = (known after apply)
      + routing_http_response_x_content_type_options_header_value             = (known after apply)
      + routing_http_response_x_frame_options_header_value                    = (known after apply)
      + ssl_policy                                                            = (known after apply)
      + tags_all                                                              = {
          + "ClearLedgerDeployment" = "cl-6145db"
        }
      + tcp_idle_timeout_seconds                                              = (known after apply)

      + default_action {
          + order            = (known after apply)
          + target_group_arn = (known after apply)
          + type             = "forward"
        }

      + mutual_authentication (known after apply)
    }

  # aws_lb_target_group.main will be created
  + resource "aws_lb_target_group" "main" {
      + arn                                = (known after apply)
      + arn_suffix                         = (known after apply)
      + connection_termination             = (known after apply)
      + deregistration_delay               = "5"
      + id                                 = (known after apply)
      + ip_address_type                    = (known after apply)
      + lambda_multi_value_headers_enabled = false
      + load_balancer_arns                 = (known after apply)
      + load_balancing_algorithm_type      = (known after apply)
      + load_balancing_anomaly_mitigation  = (known after apply)
      + load_balancing_cross_zone_enabled  = (known after apply)
      + name                               = "cl-6145db-api"
      + name_prefix                        = (known after apply)
      + port                               = 8080
      + preserve_client_ip                 = (known after apply)
      + protocol                           = "HTTP"
      + protocol_version                   = (known after apply)
      + proxy_protocol_v2                  = false
      + region                             = "us-east-1"
      + slow_start                         = 0
      + tags_all                           = {
          + "ClearLedgerDeployment" = "cl-6145db"
        }
      + target_type                        = "ip"
      + vpc_id                             = (known after apply)

      + health_check {
          + enabled             = true
          + healthy_threshold   = 2
          + interval            = 5
          + matcher             = "200"
          + path                = "/health/ready"
          + port                = "traffic-port"
          + protocol            = "HTTP"
          + timeout             = 2
          + unhealthy_threshold = 3
        }

      + stickiness (known after apply)

      + target_failover (known after apply)

      + target_group_health (known after apply)

      + target_health_state (known after apply)
    }

  # aws_route_table.private will be created
  + resource "aws_route_table" "private" {
      + arn              = (known after apply)
      + id               = (known after apply)
      + owner_id         = (known after apply)
      + propagating_vgws = (known after apply)
      + region           = "us-east-1"
      + route            = []
      + tags             = {
          + "Name" = "cl-6145db-private"
        }
      + tags_all         = {
          + "ClearLedgerDeployment" = "cl-6145db"
          + "Name"                  = "cl-6145db-private"
        }
      + vpc_id           = (known after apply)
    }

  # aws_route_table.public will be created
  + resource "aws_route_table" "public" {
      + arn              = (known after apply)
      + id               = (known after apply)
      + owner_id         = (known after apply)
      + propagating_vgws = (known after apply)
      + region           = "us-east-1"
      + route            = [
          + {
              + cidr_block                 = "0.0.0.0/0"
              + gateway_id                 = (known after apply)
                # (12 unchanged attributes hidden)
            },
        ]
      + tags             = {
          + "Name" = "cl-6145db-public"
        }
      + tags_all         = {
          + "ClearLedgerDeployment" = "cl-6145db"
          + "Name"                  = "cl-6145db-public"
        }
      + vpc_id           = (known after apply)
    }

  # aws_route_table_association.private[0] will be created
  + resource "aws_route_table_association" "private" {
      + id             = (known after apply)
      + region         = "us-east-1"
      + route_table_id = (known after apply)
      + subnet_id      = (known after apply)
    }

  # aws_route_table_association.private[1] will be created
  + resource "aws_route_table_association" "private" {
      + id             = (known after apply)
      + region         = "us-east-1"
      + route_table_id = (known after apply)
      + subnet_id      = (known after apply)
    }

  # aws_route_table_association.public[0] will be created
  + resource "aws_route_table_association" "public" {
      + id             = (known after apply)
      + region         = "us-east-1"
      + route_table_id = (known after apply)
      + subnet_id      = (known after apply)
    }

  # aws_route_table_association.public[1] will be created
  + resource "aws_route_table_association" "public" {
      + id             = (known after apply)
      + region         = "us-east-1"
      + route_table_id = (known after apply)
      + subnet_id      = (known after apply)
    }

  # aws_s3_bucket.audit will be created
  + resource "aws_s3_bucket" "audit" {
      + acceleration_status         = (known after apply)
      + acl                         = (known after apply)
      + arn                         = (known after apply)
      + bucket                      = "cl-6145db-audit"
      + bucket_domain_name          = (known after apply)
      + bucket_namespace            = (known after apply)
      + bucket_prefix               = (known after apply)
      + bucket_region               = (known after apply)
      + bucket_regional_domain_name = (known after apply)
      + force_destroy               = true
      + hosted_zone_id              = (known after apply)
      + id                          = (known after apply)
      + object_lock_enabled         = (known after apply)
      + policy                      = (known after apply)
      + region                      = "us-east-1"
      + request_payer               = (known after apply)
      + tags_all                    = {
          + "ClearLedgerDeployment" = "cl-6145db"
        }
      + website_domain              = (known after apply)
      + website_endpoint            = (known after apply)

      + cors_rule (known after apply)

      + grant (known after apply)

      + lifecycle_rule (known after apply)

      + logging (known after apply)

      + object_lock_configuration (known after apply)

      + replication_configuration (known after apply)

      + server_side_encryption_configuration (known after apply)

      + versioning (known after apply)

      + website (known after apply)
    }

  # aws_s3_bucket_policy.audit will be created
  + resource "aws_s3_bucket_policy" "audit" {
      + bucket = (known after apply)
      + id     = (known after apply)
      + policy = (known after apply)
      + region = "us-east-1"
    }

  # aws_s3_bucket_public_access_block.audit will be created
  + resource "aws_s3_bucket_public_access_block" "audit" {
      + block_public_acls       = true
      + block_public_policy     = true
      + bucket                  = (known after apply)
      + id                      = (known after apply)
      + ignore_public_acls      = true
      + region                  = "us-east-1"
      + restrict_public_buckets = true
    }

  # aws_s3_bucket_server_side_encryption_configuration.audit will be created
  + resource "aws_s3_bucket_server_side_encryption_configuration" "audit" {
      + bucket = (known after apply)
      + id     = (known after apply)
      + region = "us-east-1"

      + rule {
          + blocked_encryption_types = (known after apply)
          + bucket_key_enabled       = (known after apply)

          + apply_server_side_encryption_by_default {
              + kms_master_key_id = (known after apply)
              + sse_algorithm     = "aws:kms"
            }
        }
    }

  # aws_s3_bucket_versioning.audit will be created
  + resource "aws_s3_bucket_versioning" "audit" {
      + bucket = (known after apply)
      + id     = (known after apply)
      + region = "us-east-1"

      + versioning_configuration {
          + mfa_delete = (known after apply)
          + status     = "Enabled"
        }
    }

  # aws_scheduler_schedule.worker["archiver"] will be created
  + resource "aws_scheduler_schedule" "worker" {
      + action_after_completion      = (known after apply)
      + arn                          = (known after apply)
      + group_name                   = (known after apply)
      + id                           = (known after apply)
      + name                         = "cl-6145db-archiver"
      + name_prefix                  = (known after apply)
      + region                       = "us-east-1"
      + schedule_expression          = "rate(5 minutes)"
      + schedule_expression_timezone = "UTC"
      + state                        = "ENABLED"

      + flexible_time_window {
          + mode = "OFF"
        }

      + target {
          + arn      = (known after apply)
          + input    = jsonencode({})
          + role_arn = (known after apply)
        }
    }

  # aws_scheduler_schedule.worker["relay"] will be created
  + resource "aws_scheduler_schedule" "worker" {
      + action_after_completion      = (known after apply)
      + arn                          = (known after apply)
      + group_name                   = (known after apply)
      + id                           = (known after apply)
      + name                         = "cl-6145db-relay"
      + name_prefix                  = (known after apply)
      + region                       = "us-east-1"
      + schedule_expression          = "rate(1 minute)"
      + schedule_expression_timezone = "UTC"
      + state                        = "ENABLED"

      + flexible_time_window {
          + mode = "OFF"
        }

      + target {
          + arn      = (known after apply)
          + input    = jsonencode({})
          + role_arn = (known after apply)
        }
    }

  # aws_security_group.alb will be created
  + resource "aws_security_group" "alb" {
      + arn                    = (known after apply)
      + description            = "Managed by Terraform"
      + egress                 = [
          + {
              + cidr_blocks      = [
                  + "10.42.0.0/16",
                ]
              + from_port        = 8080
              + ipv6_cidr_blocks = []
              + prefix_list_ids  = []
              + protocol         = "tcp"
              + security_groups  = []
              + self             = false
              + to_port          = 8080
                # (1 unchanged attribute hidden)
            },
        ]
      + id                     = (known after apply)
      + ingress                = [
          + {
              + cidr_blocks      = [
                  + "0.0.0.0/0",
                ]
              + from_port        = 80
              + ipv6_cidr_blocks = []
              + prefix_list_ids  = []
              + protocol         = "tcp"
              + security_groups  = []
              + self             = false
              + to_port          = 80
                # (1 unchanged attribute hidden)
            },
        ]
      + name                   = "cl-6145db-alb"
      + name_prefix            = (known after apply)
      + owner_id               = (known after apply)
      + region                 = "us-east-1"
      + revoke_rules_on_delete = false
      + tags_all               = {
          + "ClearLedgerDeployment" = "cl-6145db"
        }
      + vpc_id                 = (known after apply)
    }

  # aws_security_group.ecs will be created
  + resource "aws_security_group" "ecs" {
      + arn                    = (known after apply)
      + description            = "Managed by Terraform"
      + egress                 = [
          + {
              + cidr_blocks      = [
                  + "0.0.0.0/0",
                ]
              + from_port        = 0
              + ipv6_cidr_blocks = []
              + prefix_list_ids  = []
              + protocol         = "-1"
              + security_groups  = []
              + self             = false
              + to_port          = 0
                # (1 unchanged attribute hidden)
            },
        ]
      + id                     = (known after apply)
      + ingress                = [
          + {
              + cidr_blocks      = []
              + from_port        = 8080
              + ipv6_cidr_blocks = []
              + prefix_list_ids  = []
              + protocol         = "tcp"
              + security_groups  = (known after apply)
              + self             = false
              + to_port          = 8080
                # (1 unchanged attribute hidden)
            },
        ]
      + name                   = "cl-6145db-ecs"
      + name_prefix            = (known after apply)
      + owner_id               = (known after apply)
      + region                 = "us-east-1"
      + revoke_rules_on_delete = false
      + tags_all               = {
          + "ClearLedgerDeployment" = "cl-6145db"
        }
      + vpc_id                 = (known after apply)
    }

  # aws_security_group.store["rds"] will be created
  + resource "aws_security_group" "store" {
      + arn                    = (known after apply)
      + description            = "Managed by Terraform"
      + egress                 = []
      + id                     = (known after apply)
      + ingress                = [
          + {
              + cidr_blocks      = [
                  + "10.42.0.0/16",
                ]
              + from_port        = 5432
              + ipv6_cidr_blocks = []
              + prefix_list_ids  = []
              + protocol         = "tcp"
              + security_groups  = []
              + self             = false
              + to_port          = 5432
                # (1 unchanged attribute hidden)
            },
        ]
      + name                   = "cl-6145db-rds"
      + name_prefix            = (known after apply)
      + owner_id               = (known after apply)
      + region                 = "us-east-1"
      + revoke_rules_on_delete = false
      + tags_all               = {
          + "ClearLedgerDeployment" = "cl-6145db"
        }
      + vpc_id                 = (known after apply)
    }

  # aws_security_group.store["valkey"] will be created
  + resource "aws_security_group" "store" {
      + arn                    = (known after apply)
      + description            = "Managed by Terraform"
      + egress                 = []
      + id                     = (known after apply)
      + ingress                = [
          + {
              + cidr_blocks      = [
                  + "10.42.0.0/16",
                ]
              + from_port        = 6379
              + ipv6_cidr_blocks = []
              + prefix_list_ids  = []
              + protocol         = "tcp"
              + security_groups  = []
              + self             = false
              + to_port          = 6379
                # (1 unchanged attribute hidden)
            },
        ]
      + name                   = "cl-6145db-valkey"
      + name_prefix            = (known after apply)
      + owner_id               = (known after apply)
      + region                 = "us-east-1"
      + revoke_rules_on_delete = false
      + tags_all               = {
          + "ClearLedgerDeployment" = "cl-6145db"
        }
      + vpc_id                 = (known after apply)
    }

  # aws_sqs_queue.dlq will be created
  + resource "aws_sqs_queue" "dlq" {
      + arn                               = (known after apply)
      + content_based_deduplication       = false
      + deduplication_scope               = (known after apply)
      + delay_seconds                     = 0
      + fifo_queue                        = false
      + fifo_throughput_limit             = (known after apply)
      + id                                = (known after apply)
      + kms_data_key_reuse_period_seconds = (known after apply)
      + kms_master_key_id                 = (known after apply)
      + max_message_size                  = 262144
      + message_retention_seconds         = 1209600
      + name                              = "cl-6145db-dlq"
      + name_prefix                       = (known after apply)
      + policy                            = (known after apply)
      + receive_wait_time_seconds         = 0
      + redrive_allow_policy              = (known after apply)
      + redrive_policy                    = (known after apply)
      + region                            = "us-east-1"
      + sqs_managed_sse_enabled           = (known after apply)
      + tags_all                          = {
          + "ClearLedgerDeployment" = "cl-6145db"
        }
      + url                               = (known after apply)
      + visibility_timeout_seconds        = 30
    }

  # aws_sqs_queue.main will be created
  + resource "aws_sqs_queue" "main" {
      + arn                               = (known after apply)
      + content_based_deduplication       = false
      + deduplication_scope               = (known after apply)
      + delay_seconds                     = 0
      + fifo_queue                        = false
      + fifo_throughput_limit             = (known after apply)
      + id                                = (known after apply)
      + kms_data_key_reuse_period_seconds = (known after apply)
      + kms_master_key_id                 = (known after apply)
      + max_message_size                  = 262144
      + message_retention_seconds         = 172800
      + name                              = "cl-6145db-events"
      + name_prefix                       = (known after apply)
      + policy                            = (known after apply)
      + receive_wait_time_seconds         = 2
      + redrive_allow_policy              = (known after apply)
      + redrive_policy                    = (known after apply)
      + region                            = "us-east-1"
      + sqs_managed_sse_enabled           = (known after apply)
      + tags_all                          = {
          + "ClearLedgerDeployment" = "cl-6145db"
        }
      + url                               = (known after apply)
      + visibility_timeout_seconds        = 3
    }

  # aws_sqs_queue_policy.dlq will be created
  + resource "aws_sqs_queue_policy" "dlq" {
      + id        = (known after apply)
      + policy    = (known after apply)
      + queue_url = (known after apply)
      + region    = "us-east-1"
    }

  # aws_sqs_queue_policy.main will be created
  + resource "aws_sqs_queue_policy" "main" {
      + id        = (known after apply)
      + policy    = (known after apply)
      + queue_url = (known after apply)
      + region    = "us-east-1"
    }

  # aws_subnet.private[0] will be created
  + resource "aws_subnet" "private" {
      + arn                                            = (known after apply)
      + assign_ipv6_address_on_creation                = false
      + availability_zone                              = "us-east-1a"
      + availability_zone_id                           = (known after apply)
      + cidr_block                                     = "10.42.10.0/24"
      + enable_dns64                                   = false
      + enable_resource_name_dns_a_record_on_launch    = false
      + enable_resource_name_dns_aaaa_record_on_launch = false
      + id                                             = (known after apply)
      + ipv6_cidr_block                                = (known after apply)
      + ipv6_cidr_block_association_id                 = (known after apply)
      + ipv6_native                                    = false
      + map_public_ip_on_launch                        = false
      + owner_id                                       = (known after apply)
      + private_dns_hostname_type_on_launch            = (known after apply)
      + region                                         = "us-east-1"
      + tags                                           = {
          + "Name" = "cl-6145db-private-0"
        }
      + tags_all                                       = {
          + "ClearLedgerDeployment" = "cl-6145db"
          + "Name"                  = "cl-6145db-private-0"
        }
      + vpc_id                                         = (known after apply)
    }

  # aws_subnet.private[1] will be created
  + resource "aws_subnet" "private" {
      + arn                                            = (known after apply)
      + assign_ipv6_address_on_creation                = false
      + availability_zone                              = "us-east-1b"
      + availability_zone_id                           = (known after apply)
      + cidr_block                                     = "10.42.11.0/24"
      + enable_dns64                                   = false
      + enable_resource_name_dns_a_record_on_launch    = false
      + enable_resource_name_dns_aaaa_record_on_launch = false
      + id                                             = (known after apply)
      + ipv6_cidr_block                                = (known after apply)
      + ipv6_cidr_block_association_id                 = (known after apply)
      + ipv6_native                                    = false
      + map_public_ip_on_launch                        = false
      + owner_id                                       = (known after apply)
      + private_dns_hostname_type_on_launch            = (known after apply)
      + region                                         = "us-east-1"
      + tags                                           = {
          + "Name" = "cl-6145db-private-1"
        }
      + tags_all                                       = {
          + "ClearLedgerDeployment" = "cl-6145db"
          + "Name"                  = "cl-6145db-private-1"
        }
      + vpc_id                                         = (known after apply)
    }

  # aws_subnet.public[0] will be created
  + resource "aws_subnet" "public" {
      + arn                                            = (known after apply)
      + assign_ipv6_address_on_creation                = false
      + availability_zone                              = "us-east-1a"
      + availability_zone_id                           = (known after apply)
      + cidr_block                                     = "10.42.0.0/24"
      + enable_dns64                                   = false
      + enable_resource_name_dns_a_record_on_launch    = false
      + enable_resource_name_dns_aaaa_record_on_launch = false
      + id                                             = (known after apply)
      + ipv6_cidr_block                                = (known after apply)
      + ipv6_cidr_block_association_id                 = (known after apply)
      + ipv6_native                                    = false
      + map_public_ip_on_launch                        = true
      + owner_id                                       = (known after apply)
      + private_dns_hostname_type_on_launch            = (known after apply)
      + region                                         = "us-east-1"
      + tags                                           = {
          + "Name" = "cl-6145db-public-0"
        }
      + tags_all                                       = {
          + "ClearLedgerDeployment" = "cl-6145db"
          + "Name"                  = "cl-6145db-public-0"
        }
      + vpc_id                                         = (known after apply)
    }

  # aws_subnet.public[1] will be created
  + resource "aws_subnet" "public" {
      + arn                                            = (known after apply)
      + assign_ipv6_address_on_creation                = false
      + availability_zone                              = "us-east-1b"
      + availability_zone_id                           = (known after apply)
      + cidr_block                                     = "10.42.1.0/24"
      + enable_dns64                                   = false
      + enable_resource_name_dns_a_record_on_launch    = false
      + enable_resource_name_dns_aaaa_record_on_launch = false
      + id                                             = (known after apply)
      + ipv6_cidr_block                                = (known after apply)
      + ipv6_cidr_block_association_id                 = (known after apply)
      + ipv6_native                                    = false
      + map_public_ip_on_launch                        = true
      + owner_id                                       = (known after apply)
      + private_dns_hostname_type_on_launch            = (known after apply)
      + region                                         = "us-east-1"
      + tags                                           = {
          + "Name" = "cl-6145db-public-1"
        }
      + tags_all                                       = {
          + "ClearLedgerDeployment" = "cl-6145db"
          + "Name"                  = "cl-6145db-public-1"
        }
      + vpc_id                                         = (known after apply)
    }

  # aws_vpc.main will be created
  + resource "aws_vpc" "main" {
      + arn                                  = (known after apply)
      + cidr_block                           = "10.42.0.0/16"
      + default_network_acl_id               = (known after apply)
      + default_route_table_id               = (known after apply)
      + default_security_group_id            = (known after apply)
      + dhcp_options_id                      = (known after apply)
      + enable_dns_hostnames                 = true
      + enable_dns_support                   = true
      + enable_network_address_usage_metrics = (known after apply)
      + id                                   = (known after apply)
      + instance_tenancy                     = "default"
      + ipv6_association_id                  = (known after apply)
      + ipv6_cidr_block                      = (known after apply)
      + ipv6_cidr_block_network_border_group = (known after apply)
      + main_route_table_id                  = (known after apply)
      + owner_id                             = (known after apply)
      + region                               = "us-east-1"
      + tags                                 = {
          + "Name" = "cl-6145db-vpc"
        }
      + tags_all                             = {
          + "ClearLedgerDeployment" = "cl-6145db"
          + "Name"                  = "cl-6145db-vpc"
        }
    }

Plan: 71 to add, 0 to change, 0 to destroy.

Changes to Outputs:
  + manifest = (sensitive value)

Warning: Argument is deprecated

  with aws_dynamodb_table.main,
  on main.tf line 192, in resource "aws_dynamodb_table" "main":
 192: resource "aws_dynamodb_table" "main" {

hash_key is deprecated. Use key_schema instead.

(and 3 more similar warnings elsewhere)
aws_iam_role.role["ecs_execution"]: Creating...
aws_cloudwatch_log_group.log["api"]: Creating...
aws_cloudwatch_log_group.log["archiver"]: Creating...
aws_iam_role.role["projector"]: Creating...
aws_vpc.main: Creating...
aws_ecs_cluster.main: Creating...
aws_cloudwatch_log_group.log["relay"]: Creating...
aws_s3_bucket.audit: Creating...
aws_cloudwatch_log_group.log["projector"]: Creating...
aws_cognito_user_pool.main: Creating...
aws_iam_role.role["ecs_execution"]: Creation complete after 0s [id=cl-6145db-ecs_execution]
aws_cloudwatch_log_group.log["archiver"]: Creation complete after 0s [id=/clearledger/cl-6145db/audit-archiver]
aws_cloudwatch_log_group.log["api"]: Creation complete after 0s [id=/clearledger/cl-6145db/api]
aws_cloudwatch_log_group.log["relay"]: Creation complete after 0s [id=/clearledger/cl-6145db/outbox-relay]
aws_cloudwatch_log_group.log["projector"]: Creation complete after 0s [id=/clearledger/cl-6145db/projector]
aws_iam_role.role["projector"]: Creation complete after 0s [id=cl-6145db-projector]
aws_iam_role.role["ecs_task"]: Creating...
aws_iam_role.role["relay"]: Creating...
aws_iam_role.role["scheduler"]: Creating...
aws_vpc.main: Creation complete after 0s [id=vpc-98dfc635]
aws_iam_role.role["archiver"]: Creating...
aws_iam_role.role["ecs_task"]: Creation complete after 0s [id=cl-6145db-ecs_task]
aws_subnet.public[1]: Creating...
aws_lb_target_group.main: Creating...
aws_iam_role.role["relay"]: Creation complete after 0s [id=cl-6145db-relay]
aws_security_group.alb: Creating...
aws_s3_bucket.audit: Creation complete after 0s [id=cl-6145db-audit]
aws_iam_role.role["scheduler"]: Creation complete after 0s [id=cl-6145db-scheduler]
aws_route_table.private: Creating...
aws_iam_role.role["archiver"]: Creation complete after 0s [id=cl-6145db-archiver]
aws_subnet.public[0]: Creating...
aws_subnet.private[0]: Creating...
aws_internet_gateway.main: Creating...
aws_subnet.private[1]: Creating...
aws_subnet.private[0]: Creation complete after 0s [id=subnet-a8397224]
aws_lb_target_group.main: Creation complete after 0s [id=arn:aws:elasticloadbalancing:us-east-1:000000000000:targetgroup/cl-6145db-api/6432243bf6004f7e]
aws_internet_gateway.main: Creation complete after 0s [id=igw-0b0abdaa]
aws_subnet.private[1]: Creation complete after 0s [id=subnet-6f18f927]
aws_s3_bucket_versioning.audit: Creating...
aws_security_group.store["rds"]: Creating...
aws_s3_bucket_public_access_block.audit: Creating...
aws_security_group.store["valkey"]: Creating...
aws_s3_bucket_public_access_block.audit: Creation complete after 0s [id=cl-6145db-audit]
aws_kms_key.key["audit"]: Creating...
aws_route_table.private: Creation complete after 0s [id=rtb-25396caa]
aws_route_table.public: Creating...
aws_security_group.alb: Creation complete after 0s [id=sg-bf13ab6194d27fc46]
aws_kms_key.key["projection"]: Creating...
aws_security_group.store["valkey"]: Creation complete after 0s [id=sg-726665542b0d66e1c]
aws_security_group.store["rds"]: Creation complete after 0s [id=sg-04cd76a8a6fa1cafa]
aws_kms_key.key["database"]: Creating...
aws_kms_key.key["messaging"]: Creating...
aws_cognito_user_pool.main: Creation complete after 1s [id=us-east-1_2e2de73c7]
aws_route_table.public: Creation complete after 1s [id=rtb-40495247]
aws_s3_bucket_policy.audit: Creating...
aws_db_subnet_group.main: Creating...
aws_db_subnet_group.main: Creation complete after 0s [id=cl-6145db-database]
aws_s3_bucket_policy.audit: Creation complete after 0s [id=cl-6145db-audit]
aws_route_table_association.private[0]: Creating...
aws_elasticache_subnet_group.main: Creating...
aws_route_table_association.private[0]: Creation complete after 0s [id=rtbassoc-f7e69f99]
aws_elasticache_subnet_group.main: Creation complete after 0s [id=cl-6145db-cache]
aws_route_table_association.private[1]: Creating...
aws_security_group.ecs: Creating...
aws_route_table_association.private[1]: Creation complete after 0s [id=rtbassoc-70a1b907]
aws_cognito_resource_server.main: Creating...
aws_cognito_resource_server.main: Creation complete after 0s [id=us-east-1_2e2de73c7|clearledger]
aws_elasticache_replication_group.main: Creating...
aws_security_group.ecs: Creation complete after 0s [id=sg-542866443bf6deca3]
aws_cognito_user_pool_client.client["admin"]: Creating...
aws_cognito_user_pool_client.client["admin"]: Creation complete after 0s [id=27ebcb5f3e39408aa6e7f960c6]
aws_cognito_user_pool_client.client["read"]: Creating...
aws_cognito_user_pool_client.client["read"]: Creation complete after 0s [id=232f34468ba44be0a14c01035c]
aws_cognito_user_pool_client.client["write"]: Creating...
aws_cognito_user_pool_client.client["write"]: Creation complete after 0s [id=1debc1567b484687a0af817b44]
aws_s3_bucket_versioning.audit: Creation complete after 1s [id=cl-6145db-audit]
aws_ecs_cluster.main: Still creating... [10s elapsed]
aws_ecs_cluster.main: Creation complete after 10s [id=arn:aws:ecs:us-east-1:000000000000:cluster/cl-6145db-cluster]
aws_subnet.public[1]: Still creating... [10s elapsed]
aws_subnet.public[0]: Still creating... [10s elapsed]
aws_subnet.public[1]: Creation complete after 10s [id=subnet-5bb1f7c6]
aws_subnet.public[0]: Creation complete after 10s [id=subnet-9a4467f2]
aws_route_table_association.public[0]: Creating...
aws_route_table_association.public[1]: Creating...
aws_lb.main: Creating...
aws_route_table_association.public[0]: Creation complete after 0s [id=rtbassoc-9242a996]
aws_route_table_association.public[1]: Creation complete after 0s [id=rtbassoc-8a3f58a5]
aws_kms_key.key["audit"]: Still creating... [10s elapsed]
aws_kms_key.key["projection"]: Still creating... [10s elapsed]
aws_kms_key.key["database"]: Still creating... [10s elapsed]
aws_kms_key.key["messaging"]: Still creating... [10s elapsed]
aws_elasticache_replication_group.main: Still creating... [10s elapsed]
aws_kms_key.key["audit"]: Creation complete after 12s [id=5c92942e-94db-49f2-835a-208eb3bf1372]
aws_s3_bucket_server_side_encryption_configuration.audit: Creating...
aws_s3_bucket_server_side_encryption_configuration.audit: Creation complete after 0s [id=cl-6145db-audit]
aws_kms_key.key["projection"]: Creation complete after 12s [id=5577ff29-10b4-40b2-a13c-8ad3b7f87775]
aws_dynamodb_table.main: Creating...
aws_kms_key.key["database"]: Creation complete after 13s [id=d8ffcb3c-294c-4a66-a0b8-9989459ccd46]
aws_kms_key.key["messaging"]: Creation complete after 13s [id=719b053d-f2f9-4be3-8b3e-130e6fc27dd1]
aws_kms_alias.key["projection"]: Creating...
aws_kms_alias.key["messaging"]: Creating...
aws_kms_alias.key["audit"]: Creating...
aws_sqs_queue.dlq: Creating...
aws_kms_alias.key["database"]: Creating...
aws_db_instance.main: Creating...
aws_kms_alias.key["audit"]: Creation complete after 0s [id=alias/cl-6145db-audit]
aws_kms_alias.key["database"]: Creation complete after 0s [id=alias/cl-6145db-database]
aws_kms_alias.key["messaging"]: Creation complete after 0s [id=alias/cl-6145db-messaging]
aws_kms_alias.key["projection"]: Creation complete after 0s [id=alias/cl-6145db-projection]
aws_dynamodb_table.main: Creation complete after 6s [id=cl-6145db-projections]
aws_lb.main: Still creating... [10s elapsed]
aws_elasticache_replication_group.main: Still creating... [20s elapsed]
aws_sqs_queue.dlq: Still creating... [10s elapsed]
aws_db_instance.main: Still creating... [10s elapsed]
aws_lb.main: Still creating... [20s elapsed]
aws_elasticache_replication_group.main: Still creating... [30s elapsed]
aws_elasticache_replication_group.main: Creation complete after 30s [id=cl-6145db-cache]
aws_sqs_queue.dlq: Still creating... [20s elapsed]
aws_db_instance.main: Still creating... [20s elapsed]
aws_sqs_queue.dlq: Creation complete after 25s [id=http://aws:4566/000000000000/cl-6145db-dlq]
aws_sqs_queue_policy.dlq: Creating...
aws_sqs_queue.main: Creating...
aws_lb.main: Still creating... [30s elapsed]
aws_db_instance.main: Still creating... [30s elapsed]
aws_sqs_queue_policy.dlq: Still creating... [10s elapsed]
aws_sqs_queue.main: Still creating... [10s elapsed]
aws_lb.main: Still creating... [40s elapsed]
aws_db_instance.main: Still creating... [40s elapsed]
aws_sqs_queue.main: Still creating... [20s elapsed]
aws_sqs_queue_policy.dlq: Still creating... [20s elapsed]
aws_lb.main: Still creating... [50s elapsed]
aws_db_instance.main: Still creating... [50s elapsed]
aws_sqs_queue_policy.dlq: Creation complete after 25s [id=http://aws:4566/000000000000/cl-6145db-dlq]
aws_sqs_queue.main: Creation complete after 25s [id=http://aws:4566/000000000000/cl-6145db-events]
aws_sqs_queue_policy.main: Creating...
aws_iam_role_policy.canonical["ecs_task"]: Creating...
aws_iam_role_policy.canonical["ecs_execution"]: Creating...
aws_iam_role_policy.canonical["relay"]: Creating...
aws_iam_role_policy.canonical["scheduler"]: Creating...
aws_iam_role_policy.canonical["archiver"]: Creating...
aws_iam_role_policy.canonical["projector"]: Creating...
aws_iam_role_policy.canonical["ecs_execution"]: Creation complete after 0s [id=cl-6145db-ecs_execution:cl-6145db-canonical]
aws_iam_role_policy.canonical["ecs_task"]: Creation complete after 0s [id=cl-6145db-ecs_task:cl-6145db-canonical]
aws_iam_role_policy.canonical["scheduler"]: Creation complete after 0s [id=cl-6145db-scheduler:cl-6145db-canonical]
aws_iam_role_policy.canonical["projector"]: Creation complete after 0s [id=cl-6145db-projector:cl-6145db-canonical]
aws_iam_role_policy.canonical["relay"]: Creation complete after 0s [id=cl-6145db-relay:cl-6145db-canonical]
aws_iam_role_policy.canonical["archiver"]: Creation complete after 0s [id=cl-6145db-archiver:cl-6145db-canonical]
aws_lb.main: Still creating... [1m0s elapsed]
aws_lb.main: Creation complete after 1m0s [id=arn:aws:elasticloadbalancing:us-east-1:000000000000:loadbalancer/app/cl-6145db-alb/028ec156f2c342c8]
aws_lb_listener.main: Creating...
aws_lb_listener.main: Creation complete after 0s [id=arn:aws:elasticloadbalancing:us-east-1:000000000000:listener/app/cl-6145db-alb/028ec156f2c342c8/4a3fb553f1c14c1b]
aws_db_instance.main: Still creating... [1m0s elapsed]
aws_sqs_queue_policy.main: Still creating... [10s elapsed]
aws_db_instance.main: Still creating... [1m10s elapsed]
aws_sqs_queue_policy.main: Still creating... [20s elapsed]
aws_sqs_queue_policy.main: Creation complete after 25s [id=http://aws:4566/000000000000/cl-6145db-events]
aws_db_instance.main: Still creating... [1m20s elapsed]
aws_db_instance.main: Creation complete after 1m22s [id=db-B5204B4F91AC47849B5999E2]
aws_lambda_function.worker["projector"]: Creating...
aws_lambda_function.worker["archiver"]: Creating...
aws_ecs_task_definition.api: Creating...
aws_lambda_function.worker["relay"]: Creating...
aws_ecs_task_definition.api: Creation complete after 0s [id=cl-6145db-api]
aws_ecs_service.api: Creating...
aws_ecs_service.api: Creation complete after 0s [id=arn:aws:ecs:us-east-1:000000000000:service/cl-6145db-cluster/cl-6145db-api]
aws_lambda_function.worker["archiver"]: Creation complete after 5s [id=cl-6145db-archiver]
aws_lambda_function.worker["projector"]: Creation complete after 5s [id=cl-6145db-projector]
aws_lambda_function.worker["relay"]: Creation complete after 5s [id=cl-6145db-relay]
aws_scheduler_schedule.worker["relay"]: Creating...
aws_lambda_event_source_mapping.projector: Creating...
aws_scheduler_schedule.worker["archiver"]: Creating...
aws_scheduler_schedule.worker["relay"]: Creation complete after 0s [id=default/cl-6145db-relay]
aws_scheduler_schedule.worker["archiver"]: Creation complete after 0s [id=default/cl-6145db-archiver]
aws_lambda_event_source_mapping.projector: Creation complete after 1s [id=bc29ec88-d4b6-4b31-b57f-f2cc31310998]

Warning: Argument is deprecated

  with aws_dynamodb_table.main,
  on main.tf line 192, in resource "aws_dynamodb_table" "main":
 192: resource "aws_dynamodb_table" "main" {

hash_key is deprecated. Use key_schema instead.

(and one more similar warning elsewhere)

Apply complete! Resources: 71 added, 0 changed, 0 destroyed.

Outputs:

manifest = <sensitive>
Initializing the backend...
Initializing provider plugins...
- Reusing previous version of hashicorp/aws from the dependency lock file
- Using previously-installed hashicorp/aws v6.51.0

Terraform has been successfully initialized!
aws_ecs_cluster.main: Refreshing state... [id=arn:aws:ecs:us-east-1:000000000000:cluster/cl-6145db-cluster]
aws_cloudwatch_log_group.log["projector"]: Refreshing state... [id=/clearledger/cl-6145db/projector]
aws_iam_role.role["relay"]: Refreshing state... [id=cl-6145db-relay]
aws_cloudwatch_log_group.log["archiver"]: Refreshing state... [id=/clearledger/cl-6145db/audit-archiver]
aws_iam_role.role["ecs_task"]: Refreshing state... [id=cl-6145db-ecs_task]
aws_vpc.main: Refreshing state... [id=vpc-98dfc635]
aws_cloudwatch_log_group.log["api"]: Refreshing state... [id=/clearledger/cl-6145db/api]
aws_cognito_user_pool.main: Refreshing state... [id=us-east-1_2e2de73c7]
aws_s3_bucket.audit: Refreshing state... [id=cl-6145db-audit]
aws_cloudwatch_log_group.log["relay"]: Refreshing state... [id=/clearledger/cl-6145db/outbox-relay]
aws_iam_role.role["archiver"]: Refreshing state... [id=cl-6145db-archiver]
aws_iam_role.role["projector"]: Refreshing state... [id=cl-6145db-projector]
aws_iam_role.role["scheduler"]: Refreshing state... [id=cl-6145db-scheduler]
aws_iam_role.role["ecs_execution"]: Refreshing state... [id=cl-6145db-ecs_execution]
aws_lb_target_group.main: Refreshing state... [id=arn:aws:elasticloadbalancing:us-east-1:000000000000:targetgroup/cl-6145db-api/6432243bf6004f7e]
aws_security_group.store["rds"]: Refreshing state... [id=sg-04cd76a8a6fa1cafa]
aws_cognito_resource_server.main: Refreshing state... [id=us-east-1_2e2de73c7|clearledger]
aws_security_group.alb: Refreshing state... [id=sg-bf13ab6194d27fc46]
aws_security_group.store["valkey"]: Refreshing state... [id=sg-726665542b0d66e1c]
aws_subnet.public[0]: Refreshing state... [id=subnet-9a4467f2]
aws_subnet.public[1]: Refreshing state... [id=subnet-5bb1f7c6]
aws_subnet.private[0]: Refreshing state... [id=subnet-a8397224]
aws_subnet.private[1]: Refreshing state... [id=subnet-6f18f927]
aws_internet_gateway.main: Refreshing state... [id=igw-0b0abdaa]
aws_route_table.private: Refreshing state... [id=rtb-25396caa]
aws_kms_key.key["messaging"]: Refreshing state... [id=719b053d-f2f9-4be3-8b3e-130e6fc27dd1]
aws_kms_key.key["projection"]: Refreshing state... [id=5577ff29-10b4-40b2-a13c-8ad3b7f87775]
aws_kms_key.key["audit"]: Refreshing state... [id=5c92942e-94db-49f2-835a-208eb3bf1372]
aws_kms_key.key["database"]: Refreshing state... [id=d8ffcb3c-294c-4a66-a0b8-9989459ccd46]
aws_s3_bucket_public_access_block.audit: Refreshing state... [id=cl-6145db-audit]
aws_s3_bucket_versioning.audit: Refreshing state... [id=cl-6145db-audit]
aws_cognito_user_pool_client.client["read"]: Refreshing state... [id=232f34468ba44be0a14c01035c]
aws_cognito_user_pool_client.client["admin"]: Refreshing state... [id=27ebcb5f3e39408aa6e7f960c6]
aws_cognito_user_pool_client.client["write"]: Refreshing state... [id=1debc1567b484687a0af817b44]
aws_s3_bucket_policy.audit: Refreshing state... [id=cl-6145db-audit]
aws_security_group.ecs: Refreshing state... [id=sg-542866443bf6deca3]
aws_lb.main: Refreshing state... [id=arn:aws:elasticloadbalancing:us-east-1:000000000000:loadbalancer/app/cl-6145db-alb/028ec156f2c342c8]
aws_route_table_association.private[0]: Refreshing state... [id=rtbassoc-f7e69f99]
aws_route_table.public: Refreshing state... [id=rtb-40495247]
aws_route_table_association.private[1]: Refreshing state... [id=rtbassoc-70a1b907]
aws_elasticache_subnet_group.main: Refreshing state... [id=cl-6145db-cache]
aws_sqs_queue.dlq: Refreshing state... [id=http://aws:4566/000000000000/cl-6145db-dlq]
aws_db_subnet_group.main: Refreshing state... [id=cl-6145db-database]
aws_s3_bucket_server_side_encryption_configuration.audit: Refreshing state... [id=cl-6145db-audit]
aws_kms_alias.key["messaging"]: Refreshing state... [id=alias/cl-6145db-messaging]
aws_dynamodb_table.main: Refreshing state... [id=cl-6145db-projections]
aws_kms_alias.key["database"]: Refreshing state... [id=alias/cl-6145db-database]
aws_kms_alias.key["audit"]: Refreshing state... [id=alias/cl-6145db-audit]
aws_elasticache_replication_group.main: Refreshing state... [id=cl-6145db-cache]
aws_kms_alias.key["projection"]: Refreshing state... [id=alias/cl-6145db-projection]
aws_route_table_association.public[0]: Refreshing state... [id=rtbassoc-9242a996]
aws_route_table_association.public[1]: Refreshing state... [id=rtbassoc-8a3f58a5]
aws_lb_listener.main: Refreshing state... [id=arn:aws:elasticloadbalancing:us-east-1:000000000000:listener/app/cl-6145db-alb/028ec156f2c342c8/4a3fb553f1c14c1b]
aws_sqs_queue.main: Refreshing state... [id=http://aws:4566/000000000000/cl-6145db-events]
aws_sqs_queue_policy.dlq: Refreshing state... [id=http://aws:4566/000000000000/cl-6145db-dlq]
aws_db_instance.main: Refreshing state... [id=db-B5204B4F91AC47849B5999E2]
aws_sqs_queue_policy.main: Refreshing state... [id=http://aws:4566/000000000000/cl-6145db-events]
aws_iam_role_policy.canonical["archiver"]: Refreshing state... [id=cl-6145db-archiver:cl-6145db-canonical]
aws_iam_role_policy.canonical["ecs_execution"]: Refreshing state... [id=cl-6145db-ecs_execution:cl-6145db-canonical]
aws_iam_role_policy.canonical["relay"]: Refreshing state... [id=cl-6145db-relay:cl-6145db-canonical]
aws_iam_role_policy.canonical["projector"]: Refreshing state... [id=cl-6145db-projector:cl-6145db-canonical]
aws_iam_role_policy.canonical["ecs_task"]: Refreshing state... [id=cl-6145db-ecs_task:cl-6145db-canonical]
aws_iam_role_policy.canonical["scheduler"]: Refreshing state... [id=cl-6145db-scheduler:cl-6145db-canonical]
aws_ecs_task_definition.api: Refreshing state... [id=cl-6145db-api]
aws_lambda_function.worker["relay"]: Refreshing state... [id=cl-6145db-relay]
aws_lambda_function.worker["archiver"]: Refreshing state... [id=cl-6145db-archiver]
aws_lambda_function.worker["projector"]: Refreshing state... [id=cl-6145db-projector]
aws_ecs_service.api: Refreshing state... [id=arn:aws:ecs:us-east-1:000000000000:service/cl-6145db-cluster/cl-6145db-api]
aws_scheduler_schedule.worker["relay"]: Refreshing state... [id=default/cl-6145db-relay]
aws_scheduler_schedule.worker["archiver"]: Refreshing state... [id=default/cl-6145db-archiver]
aws_lambda_event_source_mapping.projector: Refreshing state... [id=bc29ec88-d4b6-4b31-b57f-f2cc31310998]

Terraform used the selected providers to generate the following execution
plan. Resource actions are indicated with the following symbols:
  ~ update in-place

Terraform will perform the following actions:

  # aws_ecs_task_definition.api will be updated in-place
  ~ resource "aws_ecs_task_definition" "api" {
        id                       = "cl-6145db-api"
        tags                     = {}
      ~ tags_all                 = {
          + "ClearLedgerDeployment" = "cl-6145db"
        }
        # (17 unchanged attributes hidden)
    }

  # aws_elasticache_replication_group.main will be updated in-place
  ~ resource "aws_elasticache_replication_group" "main" {
        id                             = "cl-6145db-cache"
      ~ security_group_ids             = [
          + "sg-726665542b0d66e1c",
        ]
        tags                           = {}
        # (36 unchanged attributes hidden)

        # (1 unchanged block hidden)
    }

  # aws_lambda_event_source_mapping.projector will be updated in-place
  ~ resource "aws_lambda_event_source_mapping" "projector" {
        id                                 = "bc29ec88-d4b6-4b31-b57f-f2cc31310998"
        tags                               = {}
      ~ tags_all                           = {
          + "ClearLedgerDeployment" = "cl-6145db"
        }
        # (24 unchanged attributes hidden)
    }

  # aws_security_group.alb will be updated in-place
  ~ resource "aws_security_group" "alb" {
      ~ egress                 = [
          - {
              - cidr_blocks      = [
                  - "0.0.0.0/0",
                ]
              - from_port        = 0
              - ipv6_cidr_blocks = []
              - prefix_list_ids  = []
              - protocol         = "-1"
              - security_groups  = []
              - self             = false
              - to_port          = 0
                # (1 unchanged attribute hidden)
            },
          - {
              - cidr_blocks      = [
                  - "10.42.0.0/16",
                ]
              - from_port        = 8080
              - ipv6_cidr_blocks = []
              - prefix_list_ids  = []
              - protocol         = "tcp"
              - security_groups  = []
              - self             = false
              - to_port          = 8080
                # (1 unchanged attribute hidden)
            },
          + {
              + cidr_blocks      = [
                  + "10.42.0.0/16",
                ]
              + from_port        = 8080
              + ipv6_cidr_blocks = []
              + prefix_list_ids  = []
              + protocol         = "tcp"
              + security_groups  = []
              + self             = false
              + to_port          = 8080
            },
        ]
        id                     = "sg-bf13ab6194d27fc46"
        name                   = "cl-6145db-alb"
        tags                   = {}
        # (9 unchanged attributes hidden)
    }

  # aws_security_group.store["rds"] will be updated in-place
  ~ resource "aws_security_group" "store" {
      ~ egress                 = [
          - {
              - cidr_blocks      = [
                  - "0.0.0.0/0",
                ]
              - from_port        = 0
              - ipv6_cidr_blocks = []
              - prefix_list_ids  = []
              - protocol         = "-1"
              - security_groups  = []
              - self             = false
              - to_port          = 0
                # (1 unchanged attribute hidden)
            },
        ]
        id                     = "sg-04cd76a8a6fa1cafa"
        name                   = "cl-6145db-rds"
        tags                   = {}
        # (9 unchanged attributes hidden)
    }

  # aws_security_group.store["valkey"] will be updated in-place
  ~ resource "aws_security_group" "store" {
      ~ egress                 = [
          - {
              - cidr_blocks      = [
                  - "0.0.0.0/0",
                ]
              - from_port        = 0
              - ipv6_cidr_blocks = []
              - prefix_list_ids  = []
              - protocol         = "-1"
              - security_groups  = []
              - self             = false
              - to_port          = 0
                # (1 unchanged attribute hidden)
            },
        ]
        id                     = "sg-726665542b0d66e1c"
        name                   = "cl-6145db-valkey"
        tags                   = {}
        # (9 unchanged attributes hidden)
    }

Plan: 0 to add, 6 to change, 0 to destroy.

Warning: Argument is deprecated

  with aws_dynamodb_table.main,
  on main.tf line 192, in resource "aws_dynamodb_table" "main":
 192: resource "aws_dynamodb_table" "main" {

range_key is deprecated. Use key_schema instead.

(and 3 more similar warnings elsewhere)
aws_security_group.store["valkey"]: Modifying... [id=sg-726665542b0d66e1c]
aws_security_group.store["rds"]: Modifying... [id=sg-04cd76a8a6fa1cafa]
aws_security_group.alb: Modifying... [id=sg-bf13ab6194d27fc46]
aws_security_group.alb: Modifications complete after 0s [id=sg-bf13ab6194d27fc46]
aws_security_group.store["rds"]: Modifications complete after 0s [id=sg-04cd76a8a6fa1cafa]
aws_security_group.store["valkey"]: Modifications complete after 0s [id=sg-726665542b0d66e1c]
aws_elasticache_replication_group.main: Modifying... [id=cl-6145db-cache]
aws_elasticache_replication_group.main: Modifications complete after 0s [id=cl-6145db-cache]
aws_lambda_event_source_mapping.projector: Modifying... [id=bc29ec88-d4b6-4b31-b57f-f2cc31310998]
aws_ecs_task_definition.api: Modifying... [id=cl-6145db-api]
aws_lambda_event_source_mapping.projector: Modifications complete after 0s [id=bc29ec88-d4b6-4b31-b57f-f2cc31310998]
aws_ecs_task_definition.api: Modifications complete after 0s [id=cl-6145db-api]

Apply complete! Resources: 0 added, 6 changed, 0 destroyed.

Outputs:

manifest = <sensitive>
Initializing the backend...
Initializing provider plugins...
- Reusing previous version of hashicorp/aws from the dependency lock file
- Using previously-installed hashicorp/aws v6.51.0

Terraform has been successfully initialized!
aws_cloudwatch_log_group.log["projector"]: Refreshing state... [id=/clearledger/cl-6145db/projector]
aws_cloudwatch_log_group.log["api"]: Refreshing state... [id=/clearledger/cl-6145db/api]
aws_ecs_cluster.main: Refreshing state... [id=arn:aws:ecs:us-east-1:000000000000:cluster/cl-6145db-cluster]
aws_cloudwatch_log_group.log["archiver"]: Refreshing state... [id=/clearledger/cl-6145db/audit-archiver]
aws_vpc.main: Refreshing state... [id=vpc-98dfc635]
aws_iam_role.role["ecs_execution"]: Refreshing state... [id=cl-6145db-ecs_execution]
aws_iam_role.role["scheduler"]: Refreshing state... [id=cl-6145db-scheduler]
aws_cloudwatch_log_group.log["relay"]: Refreshing state... [id=/clearledger/cl-6145db/outbox-relay]
aws_s3_bucket.audit: Refreshing state... [id=cl-6145db-audit]
aws_cognito_user_pool.main: Refreshing state... [id=us-east-1_2e2de73c7]
aws_iam_role.role["relay"]: Refreshing state... [id=cl-6145db-relay]
aws_iam_role.role["projector"]: Refreshing state... [id=cl-6145db-projector]
aws_iam_role.role["ecs_task"]: Refreshing state... [id=cl-6145db-ecs_task]
aws_iam_role.role["archiver"]: Refreshing state... [id=cl-6145db-archiver]
aws_cognito_resource_server.main: Refreshing state... [id=us-east-1_2e2de73c7|clearledger]
aws_subnet.private[1]: Refreshing state... [id=subnet-6f18f927]
aws_subnet.private[0]: Refreshing state... [id=subnet-a8397224]
aws_security_group.store["rds"]: Refreshing state... [id=sg-04cd76a8a6fa1cafa]
aws_lb_target_group.main: Refreshing state... [id=arn:aws:elasticloadbalancing:us-east-1:000000000000:targetgroup/cl-6145db-api/6432243bf6004f7e]
aws_security_group.store["valkey"]: Refreshing state... [id=sg-726665542b0d66e1c]
aws_internet_gateway.main: Refreshing state... [id=igw-0b0abdaa]
aws_route_table.private: Refreshing state... [id=rtb-25396caa]
aws_subnet.public[0]: Refreshing state... [id=subnet-9a4467f2]
aws_subnet.public[1]: Refreshing state... [id=subnet-5bb1f7c6]
aws_cognito_user_pool_client.client["read"]: Refreshing state... [id=232f34468ba44be0a14c01035c]
aws_security_group.alb: Refreshing state... [id=sg-bf13ab6194d27fc46]
aws_cognito_user_pool_client.client["write"]: Refreshing state... [id=1debc1567b484687a0af817b44]
aws_cognito_user_pool_client.client["admin"]: Refreshing state... [id=27ebcb5f3e39408aa6e7f960c6]
aws_kms_key.key["database"]: Refreshing state... [id=d8ffcb3c-294c-4a66-a0b8-9989459ccd46]
aws_kms_key.key["messaging"]: Refreshing state... [id=719b053d-f2f9-4be3-8b3e-130e6fc27dd1]
aws_kms_key.key["projection"]: Refreshing state... [id=5577ff29-10b4-40b2-a13c-8ad3b7f87775]
aws_kms_key.key["audit"]: Refreshing state... [id=5c92942e-94db-49f2-835a-208eb3bf1372]
aws_s3_bucket_versioning.audit: Refreshing state... [id=cl-6145db-audit]
aws_s3_bucket_public_access_block.audit: Refreshing state... [id=cl-6145db-audit]
aws_db_subnet_group.main: Refreshing state... [id=cl-6145db-database]
aws_elasticache_subnet_group.main: Refreshing state... [id=cl-6145db-cache]
aws_route_table_association.private[0]: Refreshing state... [id=rtbassoc-f7e69f99]
aws_route_table_association.private[1]: Refreshing state... [id=rtbassoc-70a1b907]
aws_s3_bucket_policy.audit: Refreshing state... [id=cl-6145db-audit]
aws_route_table.public: Refreshing state... [id=rtb-40495247]
aws_lb.main: Refreshing state... [id=arn:aws:elasticloadbalancing:us-east-1:000000000000:loadbalancer/app/cl-6145db-alb/028ec156f2c342c8]
aws_security_group.ecs: Refreshing state... [id=sg-542866443bf6deca3]
aws_kms_alias.key["messaging"]: Refreshing state... [id=alias/cl-6145db-messaging]
aws_kms_alias.key["projection"]: Refreshing state... [id=alias/cl-6145db-projection]
aws_dynamodb_table.main: Refreshing state... [id=cl-6145db-projections]
aws_kms_alias.key["audit"]: Refreshing state... [id=alias/cl-6145db-audit]
aws_kms_alias.key["database"]: Refreshing state... [id=alias/cl-6145db-database]
aws_s3_bucket_server_side_encryption_configuration.audit: Refreshing state... [id=cl-6145db-audit]
aws_sqs_queue.dlq: Refreshing state... [id=http://aws:4566/000000000000/cl-6145db-dlq]
aws_route_table_association.public[0]: Refreshing state... [id=rtbassoc-9242a996]
aws_elasticache_replication_group.main: Refreshing state... [id=cl-6145db-cache]
aws_db_instance.main: Refreshing state... [id=db-B5204B4F91AC47849B5999E2]
aws_route_table_association.public[1]: Refreshing state... [id=rtbassoc-8a3f58a5]
aws_lb_listener.main: Refreshing state... [id=arn:aws:elasticloadbalancing:us-east-1:000000000000:listener/app/cl-6145db-alb/028ec156f2c342c8/4a3fb553f1c14c1b]
aws_sqs_queue_policy.dlq: Refreshing state... [id=http://aws:4566/000000000000/cl-6145db-dlq]
aws_sqs_queue.main: Refreshing state... [id=http://aws:4566/000000000000/cl-6145db-events]
aws_sqs_queue_policy.main: Refreshing state... [id=http://aws:4566/000000000000/cl-6145db-events]
aws_iam_role_policy.canonical["ecs_execution"]: Refreshing state... [id=cl-6145db-ecs_execution:cl-6145db-canonical]
aws_iam_role_policy.canonical["archiver"]: Refreshing state... [id=cl-6145db-archiver:cl-6145db-canonical]
aws_iam_role_policy.canonical["scheduler"]: Refreshing state... [id=cl-6145db-scheduler:cl-6145db-canonical]
aws_iam_role_policy.canonical["projector"]: Refreshing state... [id=cl-6145db-projector:cl-6145db-canonical]
aws_iam_role_policy.canonical["ecs_task"]: Refreshing state... [id=cl-6145db-ecs_task:cl-6145db-canonical]
aws_iam_role_policy.canonical["relay"]: Refreshing state... [id=cl-6145db-relay:cl-6145db-canonical]
aws_ecs_task_definition.api: Refreshing state... [id=cl-6145db-api]
aws_lambda_function.worker["archiver"]: Refreshing state... [id=cl-6145db-archiver]
aws_lambda_function.worker["relay"]: Refreshing state... [id=cl-6145db-relay]
aws_lambda_function.worker["projector"]: Refreshing state... [id=cl-6145db-projector]
aws_ecs_service.api: Refreshing state... [id=arn:aws:ecs:us-east-1:000000000000:service/cl-6145db-cluster/cl-6145db-api]
aws_scheduler_schedule.worker["relay"]: Refreshing state... [id=default/cl-6145db-relay]
aws_scheduler_schedule.worker["archiver"]: Refreshing state... [id=default/cl-6145db-archiver]
aws_lambda_event_source_mapping.projector: Refreshing state... [id=bc29ec88-d4b6-4b31-b57f-f2cc31310998]

Terraform used the selected providers to generate the following execution
plan. Resource actions are indicated with the following symbols:
  ~ update in-place

Terraform will perform the following actions:

  # aws_ecs_task_definition.api will be updated in-place
  ~ resource "aws_ecs_task_definition" "api" {
        id                       = "cl-6145db-api"
        tags                     = {}
      ~ tags_all                 = {
          + "ClearLedgerDeployment" = "cl-6145db"
        }
        # (17 unchanged attributes hidden)
    }

  # aws_elasticache_replication_group.main will be updated in-place
  ~ resource "aws_elasticache_replication_group" "main" {
        id                             = "cl-6145db-cache"
      ~ security_group_ids             = [
          + "sg-726665542b0d66e1c",
        ]
        tags                           = {}
        # (36 unchanged attributes hidden)

        # (1 unchanged block hidden)
    }

  # aws_lambda_event_source_mapping.projector will be updated in-place
  ~ resource "aws_lambda_event_source_mapping" "projector" {
        id                                 = "bc29ec88-d4b6-4b31-b57f-f2cc31310998"
        tags                               = {}
      ~ tags_all                           = {
          + "ClearLedgerDeployment" = "cl-6145db"
        }
        # (24 unchanged attributes hidden)
    }

  # aws_lambda_function.worker["projector"] will be updated in-place
  ~ resource "aws_lambda_function" "worker" {
        id                             = "cl-6145db-projector"
        tags                           = {}
        # (31 unchanged attributes hidden)

      ~ image_config {
          ~ command           = [
              - "drift",
            ]
          ~ entry_point       = [
              - "drift",
            ]
            # (1 unchanged attribute hidden)
        }

        # (4 unchanged blocks hidden)
    }

Plan: 0 to add, 4 to change, 0 to destroy.

Warning: Argument is deprecated

  with aws_dynamodb_table.main,
  on main.tf line 192, in resource "aws_dynamodb_table" "main":
 192: resource "aws_dynamodb_table" "main" {

range_key is deprecated. Use key_schema instead.

(and 3 more similar warnings elsewhere)
aws_elasticache_replication_group.main: Modifying... [id=cl-6145db-cache]
aws_elasticache_replication_group.main: Modifications complete after 0s [id=cl-6145db-cache]
aws_lambda_function.worker["projector"]: Modifying... [id=cl-6145db-projector]
aws_ecs_task_definition.api: Modifying... [id=cl-6145db-api]
aws_ecs_task_definition.api: Modifications complete after 0s [id=cl-6145db-api]
aws_lambda_function.worker["projector"]: Modifications complete after 5s [id=cl-6145db-projector]
aws_lambda_event_source_mapping.projector: Modifying... [id=bc29ec88-d4b6-4b31-b57f-f2cc31310998]
aws_lambda_event_source_mapping.projector: Modifications complete after 0s [id=bc29ec88-d4b6-4b31-b57f-f2cc31310998]

Apply complete! Resources: 0 added, 4 changed, 0 destroyed.

Outputs:

manifest = <sensitive>
aws_cloudwatch_log_group.log["api"]: Refreshing state... [id=/clearledger/cl-6145db/api]
aws_cloudwatch_log_group.log["relay"]: Refreshing state... [id=/clearledger/cl-6145db/outbox-relay]
aws_iam_role.role["projector"]: Refreshing state... [id=cl-6145db-projector]
aws_cognito_user_pool.main: Refreshing state... [id=us-east-1_2e2de73c7]
aws_vpc.main: Refreshing state... [id=vpc-98dfc635]
aws_iam_role.role["scheduler"]: Refreshing state... [id=cl-6145db-scheduler]
aws_iam_role.role["ecs_task"]: Refreshing state... [id=cl-6145db-ecs_task]
aws_iam_role.role["ecs_execution"]: Refreshing state... [id=cl-6145db-ecs_execution]
aws_iam_role.role["archiver"]: Refreshing state... [id=cl-6145db-archiver]
aws_iam_role.role["relay"]: Refreshing state... [id=cl-6145db-relay]
aws_cloudwatch_log_group.log["projector"]: Refreshing state... [id=/clearledger/cl-6145db/projector]
aws_ecs_cluster.main: Refreshing state... [id=arn:aws:ecs:us-east-1:000000000000:cluster/cl-6145db-cluster]
aws_cloudwatch_log_group.log["archiver"]: Refreshing state... [id=/clearledger/cl-6145db/audit-archiver]
aws_s3_bucket.audit: Refreshing state... [id=cl-6145db-audit]
aws_route_table.private: Refreshing state... [id=rtb-25396caa]
aws_security_group.alb: Refreshing state... [id=sg-bf13ab6194d27fc46]
aws_cognito_resource_server.main: Refreshing state... [id=us-east-1_2e2de73c7|clearledger]
aws_subnet.public[1]: Refreshing state... [id=subnet-5bb1f7c6]
aws_subnet.public[0]: Refreshing state... [id=subnet-9a4467f2]
aws_security_group.store["rds"]: Refreshing state... [id=sg-04cd76a8a6fa1cafa]
aws_security_group.store["valkey"]: Refreshing state... [id=sg-726665542b0d66e1c]
aws_lb_target_group.main: Refreshing state... [id=arn:aws:elasticloadbalancing:us-east-1:000000000000:targetgroup/cl-6145db-api/6432243bf6004f7e]
aws_internet_gateway.main: Refreshing state... [id=igw-0b0abdaa]
aws_subnet.private[1]: Refreshing state... [id=subnet-6f18f927]
aws_kms_key.key["projection"]: Refreshing state... [id=5577ff29-10b4-40b2-a13c-8ad3b7f87775]
aws_subnet.private[0]: Refreshing state... [id=subnet-a8397224]
aws_kms_key.key["database"]: Refreshing state... [id=d8ffcb3c-294c-4a66-a0b8-9989459ccd46]
aws_kms_key.key["audit"]: Refreshing state... [id=5c92942e-94db-49f2-835a-208eb3bf1372]
aws_kms_key.key["messaging"]: Refreshing state... [id=719b053d-f2f9-4be3-8b3e-130e6fc27dd1]
aws_cognito_user_pool_client.client["read"]: Refreshing state... [id=232f34468ba44be0a14c01035c]
aws_security_group.ecs: Refreshing state... [id=sg-542866443bf6deca3]
aws_cognito_user_pool_client.client["write"]: Refreshing state... [id=1debc1567b484687a0af817b44]
aws_cognito_user_pool_client.client["admin"]: Refreshing state... [id=27ebcb5f3e39408aa6e7f960c6]
aws_lb.main: Refreshing state... [id=arn:aws:elasticloadbalancing:us-east-1:000000000000:loadbalancer/app/cl-6145db-alb/028ec156f2c342c8]
aws_elasticache_subnet_group.main: Refreshing state... [id=cl-6145db-cache]
aws_route_table.public: Refreshing state... [id=rtb-40495247]
aws_db_subnet_group.main: Refreshing state... [id=cl-6145db-database]
aws_route_table_association.private[1]: Refreshing state... [id=rtbassoc-70a1b907]
aws_route_table_association.private[0]: Refreshing state... [id=rtbassoc-f7e69f99]
aws_s3_bucket_versioning.audit: Refreshing state... [id=cl-6145db-audit]
aws_s3_bucket_public_access_block.audit: Refreshing state... [id=cl-6145db-audit]
aws_s3_bucket_server_side_encryption_configuration.audit: Refreshing state... [id=cl-6145db-audit]
aws_dynamodb_table.main: Refreshing state... [id=cl-6145db-projections]
aws_sqs_queue.dlq: Refreshing state... [id=http://aws:4566/000000000000/cl-6145db-dlq]
aws_kms_alias.key["audit"]: Refreshing state... [id=alias/cl-6145db-audit]
aws_kms_alias.key["database"]: Refreshing state... [id=alias/cl-6145db-database]
aws_kms_alias.key["messaging"]: Refreshing state... [id=alias/cl-6145db-messaging]
aws_kms_alias.key["projection"]: Refreshing state... [id=alias/cl-6145db-projection]
aws_elasticache_replication_group.main: Refreshing state... [id=cl-6145db-cache]
aws_s3_bucket_policy.audit: Refreshing state... [id=cl-6145db-audit]
aws_db_instance.main: Refreshing state... [id=db-B5204B4F91AC47849B5999E2]
aws_route_table_association.public[1]: Refreshing state... [id=rtbassoc-8a3f58a5]
aws_route_table_association.public[0]: Refreshing state... [id=rtbassoc-9242a996]
aws_sqs_queue.main: Refreshing state... [id=http://aws:4566/000000000000/cl-6145db-events]
aws_sqs_queue_policy.dlq: Refreshing state... [id=http://aws:4566/000000000000/cl-6145db-dlq]
aws_lb_listener.main: Refreshing state... [id=arn:aws:elasticloadbalancing:us-east-1:000000000000:listener/app/cl-6145db-alb/028ec156f2c342c8/4a3fb553f1c14c1b]
aws_sqs_queue_policy.main: Refreshing state... [id=http://aws:4566/000000000000/cl-6145db-events]
aws_iam_role_policy.canonical["ecs_task"]: Refreshing state... [id=cl-6145db-ecs_task:cl-6145db-canonical]
aws_iam_role_policy.canonical["projector"]: Refreshing state... [id=cl-6145db-projector:cl-6145db-canonical]
aws_iam_role_policy.canonical["scheduler"]: Refreshing state... [id=cl-6145db-scheduler:cl-6145db-canonical]
aws_iam_role_policy.canonical["archiver"]: Refreshing state... [id=cl-6145db-archiver:cl-6145db-canonical]
aws_iam_role_policy.canonical["relay"]: Refreshing state... [id=cl-6145db-relay:cl-6145db-canonical]
aws_iam_role_policy.canonical["ecs_execution"]: Refreshing state... [id=cl-6145db-ecs_execution:cl-6145db-canonical]
aws_ecs_task_definition.api: Refreshing state... [id=cl-6145db-api]
aws_lambda_function.worker["archiver"]: Refreshing state... [id=cl-6145db-archiver]
aws_lambda_function.worker["projector"]: Refreshing state... [id=cl-6145db-projector]
aws_lambda_function.worker["relay"]: Refreshing state... [id=cl-6145db-relay]
aws_ecs_service.api: Refreshing state... [id=arn:aws:ecs:us-east-1:000000000000:service/cl-6145db-cluster/cl-6145db-api]
aws_scheduler_schedule.worker["relay"]: Refreshing state... [id=default/cl-6145db-relay]
aws_lambda_event_source_mapping.projector: Refreshing state... [id=bc29ec88-d4b6-4b31-b57f-f2cc31310998]
aws_scheduler_schedule.worker["archiver"]: Refreshing state... [id=default/cl-6145db-archiver]

Terraform used the selected providers to generate the following execution
plan. Resource actions are indicated with the following symbols:
  ~ update in-place

Terraform will perform the following actions:

  # aws_ecs_task_definition.api will be updated in-place
  ~ resource "aws_ecs_task_definition" "api" {
        id                       = "cl-6145db-api"
        tags                     = {}
      ~ tags_all                 = {
          + "ClearLedgerDeployment" = "cl-6145db"
        }
        # (17 unchanged attributes hidden)
    }

  # aws_elasticache_replication_group.main will be updated in-place
  ~ resource "aws_elasticache_replication_group" "main" {
        id                             = "cl-6145db-cache"
      ~ security_group_ids             = [
          + "sg-726665542b0d66e1c",
        ]
        tags                           = {}
        # (36 unchanged attributes hidden)

        # (1 unchanged block hidden)
    }

  # aws_lambda_event_source_mapping.projector will be updated in-place
  ~ resource "aws_lambda_event_source_mapping" "projector" {
        id                                 = "bc29ec88-d4b6-4b31-b57f-f2cc31310998"
        tags                               = {}
      ~ tags_all                           = {
          + "ClearLedgerDeployment" = "cl-6145db"
        }
        # (24 unchanged attributes hidden)
    }

  # aws_lambda_function.worker["projector"] will be updated in-place
  ~ resource "aws_lambda_function" "worker" {
        id                             = "cl-6145db-projector"
        tags                           = {}
        # (31 unchanged attributes hidden)

      ~ image_config {
          ~ command           = [
              - "drift",
            ]
          ~ entry_point       = [
              - "drift",
            ]
            # (1 unchanged attribute hidden)
        }

        # (4 unchanged blocks hidden)
    }

Plan: 0 to add, 4 to change, 0 to destroy.

Warning: Argument is deprecated

  with aws_dynamodb_table.main,
  on main.tf line 192, in resource "aws_dynamodb_table" "main":
 192: resource "aws_dynamodb_table" "main" {

range_key is deprecated. Use key_schema instead.

(and 3 more similar warnings elsewhere)
Initializing the backend...
Initializing provider plugins...
- Reusing previous version of hashicorp/aws from the dependency lock file
- Using previously-installed hashicorp/aws v6.51.0

Terraform has been successfully initialized!
aws_cloudwatch_log_group.log["api"]: Refreshing state... [id=/clearledger/cl-6145db/api]
aws_cloudwatch_log_group.log["archiver"]: Refreshing state... [id=/clearledger/cl-6145db/audit-archiver]
aws_cloudwatch_log_group.log["relay"]: Refreshing state... [id=/clearledger/cl-6145db/outbox-relay]
aws_iam_role.role["ecs_task"]: Refreshing state... [id=cl-6145db-ecs_task]
aws_iam_role.role["relay"]: Refreshing state... [id=cl-6145db-relay]
aws_ecs_cluster.main: Refreshing state... [id=arn:aws:ecs:us-east-1:000000000000:cluster/cl-6145db-cluster]
aws_cognito_user_pool.main: Refreshing state... [id=us-east-1_2e2de73c7]
aws_s3_bucket.audit: Refreshing state... [id=cl-6145db-audit]
aws_vpc.main: Refreshing state... [id=vpc-98dfc635]
aws_cloudwatch_log_group.log["projector"]: Refreshing state... [id=/clearledger/cl-6145db/projector]
aws_iam_role.role["archiver"]: Refreshing state... [id=cl-6145db-archiver]
aws_iam_role.role["ecs_execution"]: Refreshing state... [id=cl-6145db-ecs_execution]
aws_iam_role.role["projector"]: Refreshing state... [id=cl-6145db-projector]
aws_iam_role.role["scheduler"]: Refreshing state... [id=cl-6145db-scheduler]
aws_cognito_resource_server.main: Refreshing state... [id=us-east-1_2e2de73c7|clearledger]
aws_security_group.store["valkey"]: Refreshing state... [id=sg-726665542b0d66e1c]
aws_subnet.private[0]: Refreshing state... [id=subnet-a8397224]
aws_route_table.private: Refreshing state... [id=rtb-25396caa]
aws_subnet.private[1]: Refreshing state... [id=subnet-6f18f927]
aws_subnet.public[1]: Refreshing state... [id=subnet-5bb1f7c6]
aws_security_group.store["rds"]: Refreshing state... [id=sg-04cd76a8a6fa1cafa]
aws_subnet.public[0]: Refreshing state... [id=subnet-9a4467f2]
aws_cognito_user_pool_client.client["admin"]: Refreshing state... [id=27ebcb5f3e39408aa6e7f960c6]
aws_security_group.alb: Refreshing state... [id=sg-bf13ab6194d27fc46]
aws_cognito_user_pool_client.client["read"]: Refreshing state... [id=232f34468ba44be0a14c01035c]
aws_kms_key.key["messaging"]: Refreshing state... [id=719b053d-f2f9-4be3-8b3e-130e6fc27dd1]
aws_internet_gateway.main: Refreshing state... [id=igw-0b0abdaa]
aws_kms_key.key["projection"]: Refreshing state... [id=5577ff29-10b4-40b2-a13c-8ad3b7f87775]
aws_kms_key.key["database"]: Refreshing state... [id=d8ffcb3c-294c-4a66-a0b8-9989459ccd46]
aws_cognito_user_pool_client.client["write"]: Refreshing state... [id=1debc1567b484687a0af817b44]
aws_kms_key.key["audit"]: Refreshing state... [id=5c92942e-94db-49f2-835a-208eb3bf1372]
aws_lb_target_group.main: Refreshing state... [id=arn:aws:elasticloadbalancing:us-east-1:000000000000:targetgroup/cl-6145db-api/6432243bf6004f7e]
aws_s3_bucket_public_access_block.audit: Refreshing state... [id=cl-6145db-audit]
aws_s3_bucket_versioning.audit: Refreshing state... [id=cl-6145db-audit]
aws_db_subnet_group.main: Refreshing state... [id=cl-6145db-database]
aws_route_table_association.private[1]: Refreshing state... [id=rtbassoc-70a1b907]
aws_elasticache_subnet_group.main: Refreshing state... [id=cl-6145db-cache]
aws_route_table_association.private[0]: Refreshing state... [id=rtbassoc-f7e69f99]
aws_security_group.ecs: Refreshing state... [id=sg-542866443bf6deca3]
aws_lb.main: Refreshing state... [id=arn:aws:elasticloadbalancing:us-east-1:000000000000:loadbalancer/app/cl-6145db-alb/028ec156f2c342c8]
aws_s3_bucket_policy.audit: Refreshing state... [id=cl-6145db-audit]
aws_route_table.public: Refreshing state... [id=rtb-40495247]
aws_sqs_queue.dlq: Refreshing state... [id=http://aws:4566/000000000000/cl-6145db-dlq]
aws_s3_bucket_server_side_encryption_configuration.audit: Refreshing state... [id=cl-6145db-audit]
aws_kms_alias.key["audit"]: Refreshing state... [id=alias/cl-6145db-audit]
aws_kms_alias.key["projection"]: Refreshing state... [id=alias/cl-6145db-projection]
aws_dynamodb_table.main: Refreshing state... [id=cl-6145db-projections]
aws_kms_alias.key["messaging"]: Refreshing state... [id=alias/cl-6145db-messaging]
aws_kms_alias.key["database"]: Refreshing state... [id=alias/cl-6145db-database]
aws_route_table_association.public[0]: Refreshing state... [id=rtbassoc-9242a996]
aws_elasticache_replication_group.main: Refreshing state... [id=cl-6145db-cache]
aws_route_table_association.public[1]: Refreshing state... [id=rtbassoc-8a3f58a5]
aws_db_instance.main: Refreshing state... [id=db-B5204B4F91AC47849B5999E2]
aws_sqs_queue_policy.dlq: Refreshing state... [id=http://aws:4566/000000000000/cl-6145db-dlq]
aws_sqs_queue.main: Refreshing state... [id=http://aws:4566/000000000000/cl-6145db-events]
aws_lb_listener.main: Refreshing state... [id=arn:aws:elasticloadbalancing:us-east-1:000000000000:listener/app/cl-6145db-alb/028ec156f2c342c8/4a3fb553f1c14c1b]
aws_sqs_queue_policy.main: Refreshing state... [id=http://aws:4566/000000000000/cl-6145db-events]
aws_iam_role_policy.canonical["ecs_task"]: Refreshing state... [id=cl-6145db-ecs_task:cl-6145db-canonical]
aws_iam_role_policy.canonical["archiver"]: Refreshing state... [id=cl-6145db-archiver:cl-6145db-canonical]
aws_iam_role_policy.canonical["scheduler"]: Refreshing state... [id=cl-6145db-scheduler:cl-6145db-canonical]
aws_iam_role_policy.canonical["ecs_execution"]: Refreshing state... [id=cl-6145db-ecs_execution:cl-6145db-canonical]
aws_iam_role_policy.canonical["projector"]: Refreshing state... [id=cl-6145db-projector:cl-6145db-canonical]
aws_iam_role_policy.canonical["relay"]: Refreshing state... [id=cl-6145db-relay:cl-6145db-canonical]
aws_ecs_task_definition.api: Refreshing state... [id=cl-6145db-api]
aws_lambda_function.worker["relay"]: Refreshing state... [id=cl-6145db-relay]
aws_lambda_function.worker["projector"]: Refreshing state... [id=cl-6145db-projector]
aws_ecs_service.api: Refreshing state... [id=arn:aws:ecs:us-east-1:000000000000:service/cl-6145db-cluster/cl-6145db-api]
aws_lambda_function.worker["archiver"]: Refreshing state... [id=cl-6145db-archiver]
aws_lambda_event_source_mapping.projector: Refreshing state... [id=bc29ec88-d4b6-4b31-b57f-f2cc31310998]
aws_scheduler_schedule.worker["relay"]: Refreshing state... [id=default/cl-6145db-relay]
aws_scheduler_schedule.worker["archiver"]: Refreshing state... [id=default/cl-6145db-archiver]

Terraform used the selected providers to generate the following execution
plan. Resource actions are indicated with the following symbols:
  ~ update in-place

Terraform will perform the following actions:

  # aws_ecs_task_definition.api will be updated in-place
  ~ resource "aws_ecs_task_definition" "api" {
      # Warning: this attribute value will be marked as sensitive and will not
      # display in UI output after applying this change. The value is unchanged.
      ~ container_definitions    = (sensitive value)
        id                       = "cl-6145db-api"
        tags                     = {}
      ~ tags_all                 = {
          + "ClearLedgerDeployment" = "cl-6145db"
        }
        # (16 unchanged attributes hidden)
    }

  # aws_elasticache_replication_group.main will be updated in-place
  ~ resource "aws_elasticache_replication_group" "main" {
        id                             = "cl-6145db-cache"
      ~ security_group_ids             = [
          + "sg-726665542b0d66e1c",
        ]
        tags                           = {}
        # (36 unchanged attributes hidden)

        # (1 unchanged block hidden)
    }

  # aws_lambda_event_source_mapping.projector will be updated in-place
  ~ resource "aws_lambda_event_source_mapping" "projector" {
        id                                 = "bc29ec88-d4b6-4b31-b57f-f2cc31310998"
        tags                               = {}
      ~ tags_all                           = {
          + "ClearLedgerDeployment" = "cl-6145db"
        }
        # (24 unchanged attributes hidden)
    }

  # aws_lambda_function.worker["archiver"] will be updated in-place
  ~ resource "aws_lambda_function" "worker" {
        id                             = "cl-6145db-archiver"
        tags                           = {}
        # (31 unchanged attributes hidden)

      ~ environment {
          ~ variables = {
              # Warning: this attribute value will be marked as sensitive and will not
              # display in UI output after applying this change. The value is unchanged.
              ~ "DATABASE_URL"          = (sensitive value)
                # (8 unchanged elements hidden)
            }
        }

        # (4 unchanged blocks hidden)
    }

  # aws_lambda_function.worker["projector"] will be updated in-place
  ~ resource "aws_lambda_function" "worker" {
        id                             = "cl-6145db-projector"
        tags                           = {}
        # (31 unchanged attributes hidden)

      ~ image_config {
          ~ command           = [
              - "drift",
            ]
          ~ entry_point       = [
              - "drift",
            ]
            # (1 unchanged attribute hidden)
        }

        # (4 unchanged blocks hidden)
    }

  # aws_lambda_function.worker["relay"] will be updated in-place
  ~ resource "aws_lambda_function" "worker" {
        id                             = "cl-6145db-relay"
        tags                           = {}
        # (31 unchanged attributes hidden)

      ~ environment {
          ~ variables = {
              # Warning: this attribute value will be marked as sensitive and will not
              # display in UI output after applying this change. The value is unchanged.
              ~ "DATABASE_URL"          = (sensitive value)
                # (8 unchanged elements hidden)
            }
        }

        # (4 unchanged blocks hidden)
    }

Plan: 0 to add, 6 to change, 0 to destroy.

Warning: Argument is deprecated

  with aws_dynamodb_table.main,
  on main.tf line 192, in resource "aws_dynamodb_table" "main":
 192: resource "aws_dynamodb_table" "main" {

range_key is deprecated. Use key_schema instead.

(and 3 more similar warnings elsewhere)
aws_elasticache_replication_group.main: Modifying... [id=cl-6145db-cache]
aws_elasticache_replication_group.main: Modifications complete after 0s [id=cl-6145db-cache]
aws_ecs_task_definition.api: Modifying... [id=cl-6145db-api]
aws_lambda_function.worker["projector"]: Modifying... [id=cl-6145db-projector]
aws_lambda_function.worker["relay"]: Modifying... [id=cl-6145db-relay]
aws_lambda_function.worker["relay"]: Modifications complete after 0s [id=cl-6145db-relay]
aws_lambda_function.worker["archiver"]: Modifying... [id=cl-6145db-archiver]
aws_lambda_function.worker["archiver"]: Modifications complete after 0s [id=cl-6145db-archiver]
aws_ecs_task_definition.api: Modifications complete after 0s [id=cl-6145db-api]
aws_lambda_function.worker["projector"]: Modifications complete after 5s [id=cl-6145db-projector]
aws_lambda_event_source_mapping.projector: Modifying... [id=bc29ec88-d4b6-4b31-b57f-f2cc31310998]
aws_lambda_event_source_mapping.projector: Modifications complete after 0s [id=bc29ec88-d4b6-4b31-b57f-f2cc31310998]

Apply complete! Resources: 0 added, 6 changed, 0 destroyed.

Outputs:

manifest = <sensitive>
