aws_cloudwatch_log_group.workload["relay"]: Refreshing state... [id=/clearledger/cl-32eb22/outbox-relay]
aws_cloudwatch_log_group.workload["archiver"]: Refreshing state... [id=/clearledger/cl-32eb22/audit-archiver]
aws_cognito_user_pool.main: Refreshing state... [id=us-east-1_9c04c9469]
aws_vpc.main: Refreshing state... [id=vpc-1cf64edf]
aws_iam_role.workload["ecs_task"]: Refreshing state... [id=cl-32eb22-ecs_task]
aws_s3_bucket.audit: Refreshing state... [id=cl-32eb22-audit]
aws_cloudwatch_log_group.workload["api"]: Refreshing state... [id=/clearledger/cl-32eb22/api]
aws_cloudwatch_log_group.workload["projector"]: Refreshing state... [id=/clearledger/cl-32eb22/projector]
aws_iam_role.workload["relay"]: Refreshing state... [id=cl-32eb22-relay]
aws_iam_role.workload["archiver"]: Refreshing state... [id=cl-32eb22-archiver]
aws_iam_role.workload["scheduler"]: Refreshing state... [id=cl-32eb22-scheduler]
aws_iam_role.workload["ecs_execution"]: Refreshing state... [id=cl-32eb22-ecs_execution]
aws_ecs_cluster.api: Refreshing state... [id=arn:aws:ecs:us-east-1:000000000000:cluster/cl-32eb22-cluster]
aws_iam_role.workload["projector"]: Refreshing state... [id=cl-32eb22-projector]
aws_cognito_resource_server.main: Refreshing state... [id=us-east-1_9c04c9469|clearledger]
aws_route_table.private: Refreshing state... [id=rtb-af3d6435]
aws_security_group.rds: Refreshing state... [id=sg-a805a037bef1012f2]
aws_lb_target_group.api: Refreshing state... [id=arn:aws:elasticloadbalancing:us-east-1:000000000000:targetgroup/cl-32eb22-api/3d29c4413234447e]
aws_internet_gateway.main: Refreshing state... [id=igw-738d1bbc]
aws_security_group.alb: Refreshing state... [id=sg-09fb8c30d95fb2ac3]
aws_subnet.public[1]: Refreshing state... [id=subnet-a69e9133]
aws_subnet.public[0]: Refreshing state... [id=subnet-0c1d11e8]
aws_subnet.private[0]: Refreshing state... [id=subnet-cee97d80]
aws_security_group.valkey: Refreshing state... [id=sg-a6e04a91e24b066ec]
aws_subnet.private[1]: Refreshing state... [id=subnet-2bfcd887]
aws_cognito_user_pool_client.scope["read"]: Refreshing state... [id=40d4957a07354bd695ac546c83]
aws_cognito_user_pool_client.scope["admin"]: Refreshing state... [id=94ca2e89469e4359abc2600f1c]
aws_route_table.public: Refreshing state... [id=rtb-c774b4b1]
aws_cognito_user_pool_client.scope["write"]: Refreshing state... [id=0b48283bd1fc42d98400ca5b7f]
aws_kms_key.store["database"]: Refreshing state... [id=c4f54840-78fa-4c3e-81d2-45625515fc2c]
aws_kms_key.store["messaging"]: Refreshing state... [id=cb5366d2-acee-4c9f-8173-b0099c02f660]
aws_kms_key.store["projection"]: Refreshing state... [id=5a939a52-572d-4dbe-bce2-db0b6e2b6b66]
aws_kms_key.store["audit"]: Refreshing state... [id=abbbac08-ad34-4305-bc98-6f694d1d171a]
aws_s3_bucket_public_access_block.audit: Refreshing state... [id=cl-32eb22-audit]
aws_s3_bucket_policy.audit: Refreshing state... [id=cl-32eb22-audit]
aws_s3_bucket_versioning.audit: Refreshing state... [id=cl-32eb22-audit]
aws_security_group.ecs: Refreshing state... [id=sg-b34e6172f410f3c84]
aws_route_table_association.private[0]: Refreshing state... [id=rtbassoc-824771e8]
aws_lb.api: Refreshing state... [id=arn:aws:elasticloadbalancing:us-east-1:000000000000:loadbalancer/app/cl-32eb22-alb/763889a6ce90493b]
aws_elasticache_subnet_group.main: Refreshing state... [id=cl-32eb22-cache]
aws_db_subnet_group.main: Refreshing state... [id=cl-32eb22-database]
aws_route_table_association.private[1]: Refreshing state... [id=rtbassoc-9eac4d71]
aws_route_table_association.public[0]: Refreshing state... [id=rtbassoc-95255df0]
aws_kms_alias.store["messaging"]: Refreshing state... [id=alias/cl-32eb22-messaging]
aws_route_table_association.public[1]: Refreshing state... [id=rtbassoc-72680bc4]
aws_dynamodb_table.projection: Refreshing state... [id=cl-32eb22-projections]
aws_kms_alias.store["projection"]: Refreshing state... [id=alias/cl-32eb22-projection]
aws_kms_alias.store["database"]: Refreshing state... [id=alias/cl-32eb22-database]
aws_kms_alias.store["audit"]: Refreshing state... [id=alias/cl-32eb22-audit]
aws_sqs_queue.dlq: Refreshing state... [id=http://aws:4566/000000000000/cl-32eb22-dlq]
aws_s3_bucket_server_side_encryption_configuration.audit: Refreshing state... [id=cl-32eb22-audit]
aws_iam_role_policy.canonical["archiver"]: Refreshing state... [id=cl-32eb22-archiver:cl-32eb22-archiver-canonical]
aws_iam_role_policy.canonical["ecs_execution"]: Refreshing state... [id=cl-32eb22-ecs_execution:cl-32eb22-ecs_execution-canonical]
aws_iam_role_policy.canonical["ecs_task"]: Refreshing state... [id=cl-32eb22-ecs_task:cl-32eb22-ecs_task-canonical]
aws_iam_role_policy.canonical["projector"]: Refreshing state... [id=cl-32eb22-projector:cl-32eb22-projector-canonical]
aws_iam_role_policy.canonical["scheduler"]: Refreshing state... [id=cl-32eb22-scheduler:cl-32eb22-scheduler-canonical]
aws_iam_role_policy.canonical["relay"]: Refreshing state... [id=cl-32eb22-relay:cl-32eb22-relay-canonical]
aws_elasticache_replication_group.main: Refreshing state... [id=cl-32eb22-cache]
aws_db_instance.main: Refreshing state... [id=db-300832C25FD2486DBA37DFC8]
aws_lb_listener.api: Refreshing state... [id=arn:aws:elasticloadbalancing:us-east-1:000000000000:listener/app/cl-32eb22-alb/763889a6ce90493b/a8f8db681866441e]
aws_sqs_queue.main: Refreshing state... [id=http://aws:4566/000000000000/cl-32eb22-events]
aws_ecs_task_definition.api: Refreshing state... [id=cl-32eb22-api]
aws_lambda_function.worker["relay"]: Refreshing state... [id=cl-32eb22-relay]
aws_lambda_function.worker["archiver"]: Refreshing state... [id=cl-32eb22-archiver]
aws_lambda_function.worker["projector"]: Refreshing state... [id=cl-32eb22-projector]
aws_ecs_service.api: Refreshing state... [id=arn:aws:ecs:us-east-1:000000000000:service/cl-32eb22-cluster/cl-32eb22-api]
aws_scheduler_schedule.worker["archiver"]: Refreshing state... [id=default/cl-32eb22-archiver]
aws_scheduler_schedule.worker["relay"]: Refreshing state... [id=default/cl-32eb22-relay]
aws_lambda_event_source_mapping.projector: Refreshing state... [id=16bab4b9-1c2c-49b4-9a56-b80eca9ef47f]

Terraform used the selected providers to generate the following execution
plan. Resource actions are indicated with the following symbols:
  - destroy

Terraform will perform the following actions:

  # aws_cloudwatch_log_group.workload["api"] will be destroyed
  - resource "aws_cloudwatch_log_group" "workload" {
      - arn                         = "arn:aws:logs:us-east-1:000000000000:log-group:/clearledger/cl-32eb22/api" -> null
      - deletion_protection_enabled = false -> null
      - id                          = "/clearledger/cl-32eb22/api" -> null
      - name                        = "/clearledger/cl-32eb22/api" -> null
      - region                      = "us-east-1" -> null
      - retention_in_days           = 14 -> null
      - skip_destroy                = false -> null
      - tags                        = {} -> null
      - tags_all                    = {
          - "ClearLedgerDeployment" = "cl-32eb22"
        } -> null
        # (3 unchanged attributes hidden)
    }

  # aws_cloudwatch_log_group.workload["archiver"] will be destroyed
  - resource "aws_cloudwatch_log_group" "workload" {
      - arn                         = "arn:aws:logs:us-east-1:000000000000:log-group:/clearledger/cl-32eb22/audit-archiver" -> null
      - deletion_protection_enabled = false -> null
      - id                          = "/clearledger/cl-32eb22/audit-archiver" -> null
      - name                        = "/clearledger/cl-32eb22/audit-archiver" -> null
      - region                      = "us-east-1" -> null
      - retention_in_days           = 14 -> null
      - skip_destroy                = false -> null
      - tags                        = {} -> null
      - tags_all                    = {
          - "ClearLedgerDeployment" = "cl-32eb22"
        } -> null
        # (3 unchanged attributes hidden)
    }

  # aws_cloudwatch_log_group.workload["projector"] will be destroyed
  - resource "aws_cloudwatch_log_group" "workload" {
      - arn                         = "arn:aws:logs:us-east-1:000000000000:log-group:/clearledger/cl-32eb22/projector" -> null
      - deletion_protection_enabled = false -> null
      - id                          = "/clearledger/cl-32eb22/projector" -> null
      - name                        = "/clearledger/cl-32eb22/projector" -> null
      - region                      = "us-east-1" -> null
      - retention_in_days           = 14 -> null
      - skip_destroy                = false -> null
      - tags                        = {} -> null
      - tags_all                    = {
          - "ClearLedgerDeployment" = "cl-32eb22"
        } -> null
        # (3 unchanged attributes hidden)
    }

  # aws_cloudwatch_log_group.workload["relay"] will be destroyed
  - resource "aws_cloudwatch_log_group" "workload" {
      - arn                         = "arn:aws:logs:us-east-1:000000000000:log-group:/clearledger/cl-32eb22/outbox-relay" -> null
      - deletion_protection_enabled = false -> null
      - id                          = "/clearledger/cl-32eb22/outbox-relay" -> null
      - name                        = "/clearledger/cl-32eb22/outbox-relay" -> null
      - region                      = "us-east-1" -> null
      - retention_in_days           = 14 -> null
      - skip_destroy                = false -> null
      - tags                        = {} -> null
      - tags_all                    = {
          - "ClearLedgerDeployment" = "cl-32eb22"
        } -> null
        # (3 unchanged attributes hidden)
    }

  # aws_cognito_resource_server.main will be destroyed
  - resource "aws_cognito_resource_server" "main" {
      - id                = "us-east-1_9c04c9469|clearledger" -> null
      - identifier        = "clearledger" -> null
      - name              = "cl-32eb22-scopes" -> null
      - region            = "us-east-1" -> null
      - scope_identifiers = [
          - "clearledger/write",
          - "clearledger/read",
          - "clearledger/admin",
        ] -> null
      - user_pool_id      = "us-east-1_9c04c9469" -> null

      - scope {
          - scope_description = "ClearLedger admin" -> null
          - scope_name        = "admin" -> null
        }
      - scope {
          - scope_description = "ClearLedger read" -> null
          - scope_name        = "read" -> null
        }
      - scope {
          - scope_description = "ClearLedger write" -> null
          - scope_name        = "write" -> null
        }
    }

  # aws_cognito_user_pool.main will be destroyed
  - resource "aws_cognito_user_pool" "main" {
      - alias_attributes           = [] -> null
      - arn                        = "arn:aws:cognito-idp:us-east-1:000000000000:userpool/us-east-1_9c04c9469" -> null
      - auto_verified_attributes   = [] -> null
      - creation_date              = "2026-10-10T20:13:25Z" -> null
      - deletion_protection        = "INACTIVE" -> null
      - endpoint                   = "cognito-idp.us-east-1.amazonaws.com/us-east-1_9c04c9469" -> null
      - estimated_number_of_users  = 0 -> null
      - id                         = "us-east-1_9c04c9469" -> null
      - last_modified_date         = "2026-10-10T20:13:25Z" -> null
      - mfa_configuration          = "OFF" -> null
      - name                       = "cl-32eb22-auth" -> null
      - region                     = "us-east-1" -> null
      - tags                       = {} -> null
      - tags_all                   = {
          - "ClearLedgerDeployment" = "cl-32eb22"
        } -> null
      - user_pool_tier             = "ESSENTIALS" -> null
      - username_attributes        = [] -> null
        # (6 unchanged attributes hidden)

      - admin_create_user_config {
          - allow_admin_create_user_only = false -> null
        }

      - email_configuration {
          - email_sending_account  = "COGNITO_DEFAULT" -> null
            # (4 unchanged attributes hidden)
        }

      - sms_configuration {}

      - username_configuration {
          - case_sensitive = false -> null
        }

      - verification_message_template {
            # (6 unchanged attributes hidden)
        }
    }

  # aws_cognito_user_pool_client.scope["admin"] will be destroyed
  - resource "aws_cognito_user_pool_client" "scope" {
      - access_token_validity                = 0 -> null
      - allowed_oauth_flows                  = [
          - "client_credentials",
        ] -> null
      - allowed_oauth_flows_user_pool_client = true -> null
      - allowed_oauth_scopes                 = [
          - "clearledger/admin",
        ] -> null
      - callback_urls                        = [] -> null
      - client_secret                        = (sensitive value) -> null
      - enable_token_revocation              = true -> null
      - explicit_auth_flows                  = [] -> null
      - generate_secret                      = true -> null
      - id                                   = "94ca2e89469e4359abc2600f1c" -> null
      - id_token_validity                    = 0 -> null
      - logout_urls                          = [] -> null
      - name                                 = "cl-32eb22-admin" -> null
      - read_attributes                      = [] -> null
      - refresh_token_validity               = 0 -> null
      - region                               = "us-east-1" -> null
      - supported_identity_providers         = [
          - "COGNITO",
        ] -> null
      - user_pool_id                         = "us-east-1_9c04c9469" -> null
      - write_attributes                     = [] -> null
        # (2 unchanged attributes hidden)
    }

  # aws_cognito_user_pool_client.scope["read"] will be destroyed
  - resource "aws_cognito_user_pool_client" "scope" {
      - access_token_validity                = 0 -> null
      - allowed_oauth_flows                  = [
          - "client_credentials",
        ] -> null
      - allowed_oauth_flows_user_pool_client = true -> null
      - allowed_oauth_scopes                 = [
          - "clearledger/read",
        ] -> null
      - callback_urls                        = [] -> null
      - client_secret                        = (sensitive value) -> null
      - enable_token_revocation              = true -> null
      - explicit_auth_flows                  = [] -> null
      - generate_secret                      = true -> null
      - id                                   = "40d4957a07354bd695ac546c83" -> null
      - id_token_validity                    = 0 -> null
      - logout_urls                          = [] -> null
      - name                                 = "cl-32eb22-read" -> null
      - read_attributes                      = [] -> null
      - refresh_token_validity               = 0 -> null
      - region                               = "us-east-1" -> null
      - supported_identity_providers         = [
          - "COGNITO",
        ] -> null
      - user_pool_id                         = "us-east-1_9c04c9469" -> null
      - write_attributes                     = [] -> null
        # (2 unchanged attributes hidden)
    }

  # aws_cognito_user_pool_client.scope["write"] will be destroyed
  - resource "aws_cognito_user_pool_client" "scope" {
      - access_token_validity                = 0 -> null
      - allowed_oauth_flows                  = [
          - "client_credentials",
        ] -> null
      - allowed_oauth_flows_user_pool_client = true -> null
      - allowed_oauth_scopes                 = [
          - "clearledger/write",
        ] -> null
      - callback_urls                        = [] -> null
      - client_secret                        = (sensitive value) -> null
      - enable_token_revocation              = true -> null
      - explicit_auth_flows                  = [] -> null
      - generate_secret                      = true -> null
      - id                                   = "0b48283bd1fc42d98400ca5b7f" -> null
      - id_token_validity                    = 0 -> null
      - logout_urls                          = [] -> null
      - name                                 = "cl-32eb22-write" -> null
      - read_attributes                      = [] -> null
      - refresh_token_validity               = 0 -> null
      - region                               = "us-east-1" -> null
      - supported_identity_providers         = [
          - "COGNITO",
        ] -> null
      - user_pool_id                         = "us-east-1_9c04c9469" -> null
      - write_attributes                     = [] -> null
        # (2 unchanged attributes hidden)
    }

  # aws_db_instance.main will be destroyed
  - resource "aws_db_instance" "main" {
      - address                               = "aws" -> null
      - allocated_storage                     = 20 -> null
      - apply_immediately                     = true -> null
      - arn                                   = "arn:aws:rds:us-east-1:000000000000:db:cl-32eb22-database" -> null
      - auto_minor_version_upgrade            = true -> null
      - availability_zone                     = "us-east-1b" -> null
      - backup_retention_period               = 0 -> null
      - backup_window                         = "04:00-06:00" -> null
      - copy_tags_to_snapshot                 = false -> null
      - customer_owned_ip_enabled             = false -> null
      - db_name                               = "clearledger" -> null
      - db_subnet_group_name                  = "cl-32eb22-database" -> null
      - dedicated_log_volume                  = false -> null
      - delete_automated_backups              = true -> null
      - deletion_protection                   = false -> null
      - domain_dns_ips                        = [] -> null
      - enabled_cloudwatch_logs_exports       = [] -> null
      - endpoint                              = "aws:7001" -> null
      - engine                                = "postgres" -> null
      - engine_version                        = "16.3" -> null
      - engine_version_actual                 = "16.3" -> null
      - iam_database_authentication_enabled   = false -> null
      - id                                    = "db-300832C25FD2486DBA37DFC8" -> null
      - identifier                            = "cl-32eb22-database" -> null
      - instance_class                        = "db.t4g.micro" -> null
      - iops                                  = 0 -> null
      - kms_key_id                            = "arn:aws:kms:us-east-1:000000000000:key/c4f54840-78fa-4c3e-81d2-45625515fc2c" -> null
      - listener_endpoint                     = [] -> null
      - maintenance_window                    = "mon:00:00-mon:03:00" -> null
      - master_user_secret                    = [] -> null
      - max_allocated_storage                 = 0 -> null
      - monitoring_interval                   = 0 -> null
      - multi_az                              = false -> null
      - option_group_name                     = "default:postgres-16" -> null
      - parameter_group_name                  = "default.postgres16" -> null
      - password                              = (sensitive value) -> null
      - performance_insights_enabled          = false -> null
      - performance_insights_retention_period = 0 -> null
      - port                                  = 7001 -> null
      - publicly_accessible                   = false -> null
      - region                                = "us-east-1" -> null
      - replicas                              = [] -> null
      - resource_id                           = "db-300832C25FD2486DBA37DFC8" -> null
      - skip_final_snapshot                   = true -> null
      - status                                = "available" -> null
      - storage_encrypted                     = true -> null
      - storage_throughput                    = 0 -> null
      - storage_type                          = "gp2" -> null
      - tags                                  = {} -> null
      - tags_all                              = {
          - "ClearLedgerDeployment" = "cl-32eb22"
        } -> null
      - username                              = "clearledger" -> null
      - vpc_security_group_ids                = [
          - "sg-a805a037bef1012f2",
        ] -> null
        # (23 unchanged attributes hidden)
    }

  # aws_db_subnet_group.main will be destroyed
  - resource "aws_db_subnet_group" "main" {
      - arn                     = "arn:aws:rds:us-east-1:000000000000:subgrp:cl-32eb22-database" -> null
      - description             = "Managed by Terraform" -> null
      - id                      = "cl-32eb22-database" -> null
      - name                    = "cl-32eb22-database" -> null
      - region                  = "us-east-1" -> null
      - subnet_ids              = [
          - "subnet-2bfcd887",
          - "subnet-cee97d80",
        ] -> null
      - supported_network_types = [] -> null
      - tags                    = {} -> null
      - tags_all                = {
          - "ClearLedgerDeployment" = "cl-32eb22"
        } -> null
      - vpc_id                  = "vpc-1cf64edf" -> null
        # (1 unchanged attribute hidden)
    }

  # aws_dynamodb_table.projection will be destroyed
  - resource "aws_dynamodb_table" "projection" {
      - arn                         = "arn:aws:dynamodb:us-east-1:000000000000:table/cl-32eb22-projections" -> null
      - billing_mode                = "PAY_PER_REQUEST" -> null
      - deletion_protection_enabled = false -> null
      - hash_key                    = "PK" -> null
      - id                          = "cl-32eb22-projections" -> null
      - name                        = "cl-32eb22-projections" -> null
      - range_key                   = "SK" -> null
      - read_capacity               = 0 -> null
      - region                      = "us-east-1" -> null
      - stream_enabled              = false -> null
      - table_class                 = "STANDARD" -> null
      - tags                        = {} -> null
      - tags_all                    = {
          - "ClearLedgerDeployment" = "cl-32eb22"
        } -> null
      - write_capacity              = 0 -> null
        # (3 unchanged attributes hidden)

      - attribute {
          - name = "GSI1PK" -> null
          - type = "S" -> null
        }
      - attribute {
          - name = "GSI1SK" -> null
          - type = "S" -> null
        }
      - attribute {
          - name = "PK" -> null
          - type = "S" -> null
        }
      - attribute {
          - name = "SK" -> null
          - type = "S" -> null
        }

      - global_secondary_index {
          - hash_key           = "GSI1PK" -> null
          - name               = "AccountIndex" -> null
          - non_key_attributes = [] -> null
          - projection_type    = "ALL" -> null
          - range_key          = "GSI1SK" -> null
          - read_capacity      = 0 -> null
          - write_capacity     = 0 -> null

          - key_schema {
              - attribute_name = "GSI1PK" -> null
              - key_type       = "HASH" -> null
            }
          - key_schema {
              - attribute_name = "GSI1SK" -> null
              - key_type       = "RANGE" -> null
            }
        }

      - point_in_time_recovery {
          - enabled                 = true -> null
          - recovery_period_in_days = 35 -> null
        }

      - server_side_encryption {
          - enabled     = true -> null
          - kms_key_arn = "arn:aws:kms:us-east-1:000000000000:key/5a939a52-572d-4dbe-bce2-db0b6e2b6b66" -> null
        }

      - ttl {
          - enabled        = false -> null
            # (1 unchanged attribute hidden)
        }
    }

  # aws_ecs_cluster.api will be destroyed
  - resource "aws_ecs_cluster" "api" {
      - arn      = "arn:aws:ecs:us-east-1:000000000000:cluster/cl-32eb22-cluster" -> null
      - id       = "arn:aws:ecs:us-east-1:000000000000:cluster/cl-32eb22-cluster" -> null
      - name     = "cl-32eb22-cluster" -> null
      - region   = "us-east-1" -> null
      - tags     = {} -> null
      - tags_all = {
          - "ClearLedgerDeployment" = "cl-32eb22"
        } -> null

      - setting {
          - name  = "containerInsights" -> null
          - value = "enabled" -> null
        }
    }

  # aws_ecs_service.api will be destroyed
  - resource "aws_ecs_service" "api" {
      - arn                                = "arn:aws:ecs:us-east-1:000000000000:service/cl-32eb22-cluster/cl-32eb22-api" -> null
      - availability_zone_rebalancing      = "ENABLED" -> null
      - cluster                            = "arn:aws:ecs:us-east-1:000000000000:cluster/cl-32eb22-cluster" -> null
      - deployment_maximum_percent         = 200 -> null
      - deployment_minimum_healthy_percent = 100 -> null
      - desired_count                      = 2 -> null
      - enable_ecs_managed_tags            = false -> null
      - enable_execute_command             = false -> null
      - health_check_grace_period_seconds  = 0 -> null
      - id                                 = "arn:aws:ecs:us-east-1:000000000000:service/cl-32eb22-cluster/cl-32eb22-api" -> null
      - launch_type                        = "FARGATE" -> null
      - name                               = "cl-32eb22-api" -> null
      - region                             = "us-east-1" -> null
      - scheduling_strategy                = "REPLICA" -> null
      - tags                               = {} -> null
      - tags_all                           = {
          - "ClearLedgerDeployment" = "cl-32eb22"
        } -> null
      - task_definition                    = "arn:aws:ecs:us-east-1:000000000000:task-definition/cl-32eb22-api:3" -> null
      - triggers                           = {} -> null
      - wait_for_steady_state              = false -> null
        # (2 unchanged attributes hidden)

      - deployment_controller {
          - type = "ECS" -> null
        }

      - load_balancer {
          - container_name   = "api" -> null
          - container_port   = 8080 -> null
          - target_group_arn = "arn:aws:elasticloadbalancing:us-east-1:000000000000:targetgroup/cl-32eb22-api/3d29c4413234447e" -> null
            # (1 unchanged attribute hidden)
        }

      - network_configuration {
          - assign_public_ip = false -> null
          - security_groups  = [
              - "sg-b34e6172f410f3c84",
            ] -> null
          - subnets          = [
              - "subnet-2bfcd887",
              - "subnet-cee97d80",
            ] -> null
        }
    }

  # aws_ecs_task_definition.api will be destroyed
  - resource "aws_ecs_task_definition" "api" {
      - arn                      = "arn:aws:ecs:us-east-1:000000000000:task-definition/cl-32eb22-api:3" -> null
      - arn_without_revision     = "arn:aws:ecs:us-east-1:000000000000:task-definition/cl-32eb22-api" -> null
      - container_definitions    = (sensitive value) -> null
      - cpu                      = "256" -> null
      - enable_fault_injection   = false -> null
      - execution_role_arn       = "arn:aws:iam::000000000000:role/cl-32eb22-ecs_execution" -> null
      - family                   = "cl-32eb22-api" -> null
      - id                       = "cl-32eb22-api" -> null
      - memory                   = "512" -> null
      - network_mode             = "awsvpc" -> null
      - region                   = "us-east-1" -> null
      - requires_compatibilities = [
          - "FARGATE",
        ] -> null
      - revision                 = 3 -> null
      - skip_destroy             = false -> null
      - tags                     = {} -> null
      - tags_all                 = {} -> null
      - task_role_arn            = "arn:aws:iam::000000000000:role/cl-32eb22-ecs_task" -> null
      - track_latest             = false -> null
        # (2 unchanged attributes hidden)
    }

  # aws_elasticache_replication_group.main will be destroyed
  - resource "aws_elasticache_replication_group" "main" {
      - apply_immediately              = true -> null
      - arn                            = "arn:aws:elasticache:us-east-1:000000000000:replicationgroup:cl-32eb22-cache" -> null
      - at_rest_encryption_enabled     = "false" -> null
      - auto_minor_version_upgrade     = "true" -> null
      - automatic_failover_enabled     = false -> null
      - cluster_enabled                = false -> null
      - cluster_mode                   = "disabled" -> null
      - configuration_endpoint_address = "aws" -> null
      - data_tiering_enabled           = false -> null
      - description                    = "cl-32eb22 private cache" -> null
      - engine                         = "valkey" -> null
      - engine_version                 = "8.0" -> null
      - engine_version_actual          = "8.0.0" -> null
      - id                             = "cl-32eb22-cache" -> null
      - member_clusters                = [
          - "cl-32eb22-cache-001",
        ] -> null
      - multi_az_enabled               = false -> null
      - node_type                      = "cache.t4g.micro" -> null
      - num_cache_clusters             = 1 -> null
      - num_node_groups                = 1 -> null
      - port                           = 6379 -> null
      - region                         = "us-east-1" -> null
      - replicas_per_node_group        = 0 -> null
      - replication_group_id           = "cl-32eb22-cache" -> null
      - security_group_ids             = [] -> null
      - security_group_names           = [] -> null
      - snapshot_retention_limit       = 0 -> null
      - snapshot_window                = "00:00-01:00" -> null
      - subnet_group_name              = "cl-32eb22-cache" -> null
      - tags                           = {} -> null
      - tags_all                       = {
          - "ClearLedgerDeployment" = "cl-32eb22"
        } -> null
      - transit_encryption_enabled     = false -> null
      - user_group_ids                 = [] -> null
        # (7 unchanged attributes hidden)

      - node_group_configuration {
          - node_group_id              = "0001" -> null
          - replica_availability_zones = [] -> null
          - replica_count              = 0 -> null
          - replica_outpost_arns       = [] -> null
            # (3 unchanged attributes hidden)
        }
    }

  # aws_elasticache_subnet_group.main will be destroyed
  - resource "aws_elasticache_subnet_group" "main" {
      - arn         = "arn:aws:elasticache:us-east-1:000000000000:subnetgroup:cl-32eb22-cache" -> null
      - description = "Managed by Terraform" -> null
      - id          = "cl-32eb22-cache" -> null
      - name        = "cl-32eb22-cache" -> null
      - region      = "us-east-1" -> null
      - subnet_ids  = [
          - "subnet-2bfcd887",
          - "subnet-cee97d80",
        ] -> null
      - tags        = {} -> null
      - tags_all    = {
          - "ClearLedgerDeployment" = "cl-32eb22"
        } -> null
      - vpc_id      = "vpc-1cf64edf" -> null
    }

  # aws_iam_role.workload["archiver"] will be destroyed
  - resource "aws_iam_role" "workload" {
      - arn                   = "arn:aws:iam::000000000000:role/cl-32eb22-archiver" -> null
      - assume_role_policy    = jsonencode(
            {
              - Statement = [
                  - {
                      - Action    = "sts:AssumeRole"
                      - Effect    = "Allow"
                      - Principal = {
                          - Service = "lambda.amazonaws.com"
                        }
                    },
                ]
              - Version   = "2012-10-17"
            }
        ) -> null
      - create_date           = "2026-10-10T20:13:25Z" -> null
      - force_detach_policies = false -> null
      - id                    = "cl-32eb22-archiver" -> null
      - managed_policy_arns   = [] -> null
      - max_session_duration  = 3600 -> null
      - name                  = "cl-32eb22-archiver" -> null
      - path                  = "/" -> null
      - tags                  = {
          - "ClearLedgerRole" = "archiver"
        } -> null
      - tags_all              = {
          - "ClearLedgerDeployment" = "cl-32eb22"
          - "ClearLedgerRole"       = "archiver"
        } -> null
      - unique_id             = "AROAFRQP7534FWVJN8TB" -> null
        # (3 unchanged attributes hidden)

      - inline_policy {
          - name   = "cl-32eb22-archiver-canonical" -> null
          - policy = jsonencode(
                {
                  - Statement = [
                      - {
                          - Action   = [
                              - "s3:PutObject",
                              - "s3:GetObject",
                              - "s3:AbortMultipartUpload",
                            ]
                          - Effect   = "Allow"
                          - Resource = [
                              - "arn:aws:s3:::cl-32eb22-audit/ledger-audit/*",
                            ]
                        },
                      - {
                          - Action   = [
                              - "s3:ListBucket",
                              - "s3:GetBucketLocation",
                            ]
                          - Effect   = "Allow"
                          - Resource = [
                              - "arn:aws:s3:::cl-32eb22-audit",
                            ]
                        },
                      - {
                          - Action   = [
                              - "s3:DeleteObject",
                              - "s3:DeleteObjectVersion",
                            ]
                          - Effect   = "Deny"
                          - Resource = [
                              - "arn:aws:s3:::cl-32eb22-audit",
                              - "arn:aws:s3:::cl-32eb22-audit/*",
                            ]
                        },
                      - {
                          - Action   = [
                              - "sqs:SendMessage",
                              - "sqs:ReceiveMessage",
                              - "sqs:DeleteMessage",
                            ]
                          - Effect   = "Deny"
                          - Resource = [
                              - "arn:aws:sqs:us-east-1:000000000000:cl-32eb22-events",
                              - "arn:aws:sqs:us-east-1:000000000000:cl-32eb22-dlq",
                            ]
                        },
                      - {
                          - Action   = [
                              - "dynamodb:GetItem",
                              - "dynamodb:PutItem",
                              - "dynamodb:UpdateItem",
                              - "dynamodb:DeleteItem",
                              - "dynamodb:Query",
                            ]
                          - Effect   = "Deny"
                          - Resource = [
                              - "arn:aws:dynamodb:us-east-1:000000000000:table/cl-32eb22-projections",
                              - "arn:aws:dynamodb:us-east-1:000000000000:table/cl-32eb22-projections/index/AccountIndex",
                            ]
                        },
                      - {
                          - Action   = [
                              - "logs:CreateLogStream",
                              - "logs:PutLogEvents",
                              - "logs:DescribeLogStreams",
                            ]
                          - Effect   = "Allow"
                          - Resource = [
                              - "arn:aws:logs:us-east-1:000000000000:log-group:/clearledger/cl-32eb22/audit-archiver:*",
                            ]
                        },
                      - {
                          - Action   = [
                              - "logs:CreateLogStream",
                              - "logs:PutLogEvents",
                            ]
                          - Effect   = "Deny"
                          - Resource = [
                              - "arn:aws:logs:us-east-1:000000000000:log-group:/clearledger/cl-32eb22/api:*",
                              - "arn:aws:logs:us-east-1:000000000000:log-group:/clearledger/cl-32eb22/projector:*",
                              - "arn:aws:logs:us-east-1:000000000000:log-group:/clearledger/cl-32eb22/outbox-relay:*",
                            ]
                        },
                      - {
                          - Action   = [
                              - "kms:DisableKey",
                              - "kms:ScheduleKeyDeletion",
                            ]
                          - Effect   = "Deny"
                          - Resource = [
                              - "arn:aws:kms:us-east-1:000000000000:key/abbbac08-ad34-4305-bc98-6f694d1d171a",
                              - "arn:aws:kms:us-east-1:000000000000:key/c4f54840-78fa-4c3e-81d2-45625515fc2c",
                              - "arn:aws:kms:us-east-1:000000000000:key/cb5366d2-acee-4c9f-8173-b0099c02f660",
                              - "arn:aws:kms:us-east-1:000000000000:key/5a939a52-572d-4dbe-bce2-db0b6e2b6b66",
                            ]
                        },
                      - {
                          - Action   = [
                              - "kms:Decrypt",
                              - "kms:GenerateDataKey",
                            ]
                          - Effect   = "Deny"
                          - Resource = [
                              - "arn:aws:kms:us-east-1:000000000000:key/cb5366d2-acee-4c9f-8173-b0099c02f660",
                              - "arn:aws:kms:us-east-1:000000000000:key/5a939a52-572d-4dbe-bce2-db0b6e2b6b66",
                            ]
                        },
                      - {
                          - Action   = [
                              - "kms:Decrypt",
                              - "kms:GenerateDataKey",
                              - "kms:DescribeKey",
                            ]
                          - Effect   = "Allow"
                          - Resource = [
                              - "arn:aws:kms:us-east-1:000000000000:key/abbbac08-ad34-4305-bc98-6f694d1d171a",
                              - "arn:aws:kms:us-east-1:000000000000:key/c4f54840-78fa-4c3e-81d2-45625515fc2c",
                            ]
                        },
                    ]
                  - Version   = "2012-10-17"
                }
            ) -> null
        }
    }

  # aws_iam_role.workload["ecs_execution"] will be destroyed
  - resource "aws_iam_role" "workload" {
      - arn                   = "arn:aws:iam::000000000000:role/cl-32eb22-ecs_execution" -> null
      - assume_role_policy    = jsonencode(
            {
              - Statement = [
                  - {
                      - Action    = "sts:AssumeRole"
                      - Effect    = "Allow"
                      - Principal = {
                          - Service = "ecs-tasks.amazonaws.com"
                        }
                    },
                ]
              - Version   = "2012-10-17"
            }
        ) -> null
      - create_date           = "2026-10-10T20:13:25Z" -> null
      - force_detach_policies = false -> null
      - id                    = "cl-32eb22-ecs_execution" -> null
      - managed_policy_arns   = [] -> null
      - max_session_duration  = 3600 -> null
      - name                  = "cl-32eb22-ecs_execution" -> null
      - path                  = "/" -> null
      - tags                  = {
          - "ClearLedgerRole" = "ecs_execution"
        } -> null
      - tags_all              = {
          - "ClearLedgerDeployment" = "cl-32eb22"
          - "ClearLedgerRole"       = "ecs_execution"
        } -> null
      - unique_id             = "AROAY9IQPL9GQJ978ZGA" -> null
        # (3 unchanged attributes hidden)

      - inline_policy {
          - name   = "cl-32eb22-ecs_execution-canonical" -> null
          - policy = jsonencode(
                {
                  - Statement = [
                      - {
                          - Action   = [
                              - "sqs:SendMessage",
                              - "sqs:ReceiveMessage",
                              - "sqs:DeleteMessage",
                            ]
                          - Effect   = "Deny"
                          - Resource = [
                              - "arn:aws:sqs:us-east-1:000000000000:cl-32eb22-events",
                              - "arn:aws:sqs:us-east-1:000000000000:cl-32eb22-dlq",
                            ]
                        },
                      - {
                          - Action   = [
                              - "dynamodb:GetItem",
                              - "dynamodb:PutItem",
                              - "dynamodb:UpdateItem",
                              - "dynamodb:DeleteItem",
                              - "dynamodb:Query",
                            ]
                          - Effect   = "Deny"
                          - Resource = [
                              - "arn:aws:dynamodb:us-east-1:000000000000:table/cl-32eb22-projections",
                              - "arn:aws:dynamodb:us-east-1:000000000000:table/cl-32eb22-projections/index/AccountIndex",
                            ]
                        },
                      - {
                          - Action   = [
                              - "s3:GetObject",
                              - "s3:PutObject",
                              - "s3:DeleteObject",
                              - "s3:ListBucket",
                            ]
                          - Effect   = "Deny"
                          - Resource = [
                              - "arn:aws:s3:::cl-32eb22-audit",
                              - "arn:aws:s3:::cl-32eb22-audit/*",
                            ]
                        },
                      - {
                          - Action   = [
                              - "logs:CreateLogStream",
                              - "logs:PutLogEvents",
                              - "logs:DescribeLogStreams",
                            ]
                          - Effect   = "Allow"
                          - Resource = [
                              - "arn:aws:logs:us-east-1:000000000000:log-group:/clearledger/cl-32eb22/api:*",
                            ]
                        },
                      - {
                          - Action   = [
                              - "logs:CreateLogStream",
                              - "logs:PutLogEvents",
                            ]
                          - Effect   = "Deny"
                          - Resource = [
                              - "arn:aws:logs:us-east-1:000000000000:log-group:/clearledger/cl-32eb22/audit-archiver:*",
                              - "arn:aws:logs:us-east-1:000000000000:log-group:/clearledger/cl-32eb22/projector:*",
                              - "arn:aws:logs:us-east-1:000000000000:log-group:/clearledger/cl-32eb22/outbox-relay:*",
                            ]
                        },
                      - {
                          - Action   = [
                              - "kms:DisableKey",
                              - "kms:ScheduleKeyDeletion",
                            ]
                          - Effect   = "Deny"
                          - Resource = [
                              - "arn:aws:kms:us-east-1:000000000000:key/abbbac08-ad34-4305-bc98-6f694d1d171a",
                              - "arn:aws:kms:us-east-1:000000000000:key/c4f54840-78fa-4c3e-81d2-45625515fc2c",
                              - "arn:aws:kms:us-east-1:000000000000:key/cb5366d2-acee-4c9f-8173-b0099c02f660",
                              - "arn:aws:kms:us-east-1:000000000000:key/5a939a52-572d-4dbe-bce2-db0b6e2b6b66",
                            ]
                        },
                      - {
                          - Action   = [
                              - "kms:Decrypt",
                              - "kms:GenerateDataKey",
                            ]
                          - Effect   = "Deny"
                          - Resource = [
                              - "arn:aws:kms:us-east-1:000000000000:key/abbbac08-ad34-4305-bc98-6f694d1d171a",
                              - "arn:aws:kms:us-east-1:000000000000:key/c4f54840-78fa-4c3e-81d2-45625515fc2c",
                              - "arn:aws:kms:us-east-1:000000000000:key/cb5366d2-acee-4c9f-8173-b0099c02f660",
                              - "arn:aws:kms:us-east-1:000000000000:key/5a939a52-572d-4dbe-bce2-db0b6e2b6b66",
                            ]
                        },
                    ]
                  - Version   = "2012-10-17"
                }
            ) -> null
        }
    }

  # aws_iam_role.workload["ecs_task"] will be destroyed
  - resource "aws_iam_role" "workload" {
      - arn                   = "arn:aws:iam::000000000000:role/cl-32eb22-ecs_task" -> null
      - assume_role_policy    = jsonencode(
            {
              - Statement = [
                  - {
                      - Action    = "sts:AssumeRole"
                      - Effect    = "Allow"
                      - Principal = {
                          - Service = "ecs-tasks.amazonaws.com"
                        }
                    },
                ]
              - Version   = "2012-10-17"
            }
        ) -> null
      - create_date           = "2026-10-10T20:13:25Z" -> null
      - force_detach_policies = false -> null
      - id                    = "cl-32eb22-ecs_task" -> null
      - managed_policy_arns   = [] -> null
      - max_session_duration  = 3600 -> null
      - name                  = "cl-32eb22-ecs_task" -> null
      - path                  = "/" -> null
      - tags                  = {
          - "ClearLedgerRole" = "ecs_task"
        } -> null
      - tags_all              = {
          - "ClearLedgerDeployment" = "cl-32eb22"
          - "ClearLedgerRole"       = "ecs_task"
        } -> null
      - unique_id             = "AROA1YI5VYKNPXVPITYJ" -> null
        # (3 unchanged attributes hidden)

      - inline_policy {
          - name   = "cl-32eb22-ecs_task-canonical" -> null
          - policy = jsonencode(
                {
                  - Statement = [
                      - {
                          - Action   = [
                              - "sqs:SendMessage",
                              - "sqs:GetQueueAttributes",
                              - "sqs:GetQueueUrl",
                            ]
                          - Effect   = "Allow"
                          - Resource = [
                              - "arn:aws:sqs:us-east-1:000000000000:cl-32eb22-events",
                            ]
                        },
                      - {
                          - Action   = [
                              - "dynamodb:GetItem",
                              - "dynamodb:Query",
                              - "dynamodb:DescribeTable",
                            ]
                          - Effect   = "Allow"
                          - Resource = [
                              - "arn:aws:dynamodb:us-east-1:000000000000:table/cl-32eb22-projections",
                              - "arn:aws:dynamodb:us-east-1:000000000000:table/cl-32eb22-projections/index/AccountIndex",
                            ]
                        },
                      - {
                          - Action   = [
                              - "sqs:ReceiveMessage",
                              - "sqs:DeleteMessage",
                            ]
                          - Effect   = "Deny"
                          - Resource = [
                              - "arn:aws:sqs:us-east-1:000000000000:cl-32eb22-events",
                            ]
                        },
                      - {
                          - Action   = [
                              - "sqs:SendMessage",
                              - "sqs:ReceiveMessage",
                              - "sqs:DeleteMessage",
                            ]
                          - Effect   = "Deny"
                          - Resource = [
                              - "arn:aws:sqs:us-east-1:000000000000:cl-32eb22-dlq",
                            ]
                        },
                      - {
                          - Action   = [
                              - "dynamodb:PutItem",
                              - "dynamodb:UpdateItem",
                              - "dynamodb:DeleteItem",
                              - "dynamodb:DeleteTable",
                            ]
                          - Effect   = "Deny"
                          - Resource = [
                              - "arn:aws:dynamodb:us-east-1:000000000000:table/cl-32eb22-projections",
                            ]
                        },
                      - {
                          - Action   = [
                              - "s3:GetObject",
                              - "s3:PutObject",
                              - "s3:DeleteObject",
                              - "s3:ListBucket",
                            ]
                          - Effect   = "Deny"
                          - Resource = [
                              - "arn:aws:s3:::cl-32eb22-audit",
                              - "arn:aws:s3:::cl-32eb22-audit/*",
                            ]
                        },
                      - {
                          - Action   = [
                              - "logs:CreateLogStream",
                              - "logs:PutLogEvents",
                              - "logs:DescribeLogStreams",
                            ]
                          - Effect   = "Allow"
                          - Resource = [
                              - "arn:aws:logs:us-east-1:000000000000:log-group:/clearledger/cl-32eb22/api:*",
                            ]
                        },
                      - {
                          - Action   = [
                              - "logs:CreateLogStream",
                              - "logs:PutLogEvents",
                            ]
                          - Effect   = "Deny"
                          - Resource = [
                              - "arn:aws:logs:us-east-1:000000000000:log-group:/clearledger/cl-32eb22/audit-archiver:*",
                              - "arn:aws:logs:us-east-1:000000000000:log-group:/clearledger/cl-32eb22/projector:*",
                              - "arn:aws:logs:us-east-1:000000000000:log-group:/clearledger/cl-32eb22/outbox-relay:*",
                            ]
                        },
                      - {
                          - Action   = [
                              - "kms:DisableKey",
                              - "kms:ScheduleKeyDeletion",
                            ]
                          - Effect   = "Deny"
                          - Resource = [
                              - "arn:aws:kms:us-east-1:000000000000:key/abbbac08-ad34-4305-bc98-6f694d1d171a",
                              - "arn:aws:kms:us-east-1:000000000000:key/c4f54840-78fa-4c3e-81d2-45625515fc2c",
                              - "arn:aws:kms:us-east-1:000000000000:key/cb5366d2-acee-4c9f-8173-b0099c02f660",
                              - "arn:aws:kms:us-east-1:000000000000:key/5a939a52-572d-4dbe-bce2-db0b6e2b6b66",
                            ]
                        },
                      - {
                          - Action   = [
                              - "kms:Decrypt",
                              - "kms:GenerateDataKey",
                            ]
                          - Effect   = "Deny"
                          - Resource = [
                              - "arn:aws:kms:us-east-1:000000000000:key/abbbac08-ad34-4305-bc98-6f694d1d171a",
                              - "arn:aws:kms:us-east-1:000000000000:key/c4f54840-78fa-4c3e-81d2-45625515fc2c",
                            ]
                        },
                      - {
                          - Action   = [
                              - "kms:Decrypt",
                              - "kms:GenerateDataKey",
                              - "kms:DescribeKey",
                            ]
                          - Effect   = "Allow"
                          - Resource = [
                              - "arn:aws:kms:us-east-1:000000000000:key/cb5366d2-acee-4c9f-8173-b0099c02f660",
                              - "arn:aws:kms:us-east-1:000000000000:key/5a939a52-572d-4dbe-bce2-db0b6e2b6b66",
                            ]
                        },
                    ]
                  - Version   = "2012-10-17"
                }
            ) -> null
        }
    }

  # aws_iam_role.workload["projector"] will be destroyed
  - resource "aws_iam_role" "workload" {
      - arn                   = "arn:aws:iam::000000000000:role/cl-32eb22-projector" -> null
      - assume_role_policy    = jsonencode(
            {
              - Statement = [
                  - {
                      - Action    = "sts:AssumeRole"
                      - Effect    = "Allow"
                      - Principal = {
                          - Service = "lambda.amazonaws.com"
                        }
                    },
                ]
              - Version   = "2012-10-17"
            }
        ) -> null
      - create_date           = "2026-10-10T20:13:25Z" -> null
      - force_detach_policies = false -> null
      - id                    = "cl-32eb22-projector" -> null
      - managed_policy_arns   = [] -> null
      - max_session_duration  = 3600 -> null
      - name                  = "cl-32eb22-projector" -> null
      - path                  = "/" -> null
      - tags                  = {
          - "ClearLedgerRole" = "projector"
        } -> null
      - tags_all              = {
          - "ClearLedgerDeployment" = "cl-32eb22"
          - "ClearLedgerRole"       = "projector"
        } -> null
      - unique_id             = "AROAK7YOA7ESH4VI4IOD" -> null
        # (3 unchanged attributes hidden)

      - inline_policy {
          - name   = "cl-32eb22-projector-canonical" -> null
          - policy = jsonencode(
                {
                  - Statement = [
                      - {
                          - Action   = [
                              - "sqs:ReceiveMessage",
                              - "sqs:DeleteMessage",
                              - "sqs:GetQueueAttributes",
                              - "sqs:ChangeMessageVisibility",
                            ]
                          - Effect   = "Allow"
                          - Resource = [
                              - "arn:aws:sqs:us-east-1:000000000000:cl-32eb22-events",
                            ]
                        },
                      - {
                          - Action   = [
                              - "sqs:SendMessage",
                            ]
                          - Effect   = "Allow"
                          - Resource = [
                              - "arn:aws:sqs:us-east-1:000000000000:cl-32eb22-dlq",
                            ]
                        },
                      - {
                          - Action   = [
                              - "dynamodb:GetItem",
                              - "dynamodb:PutItem",
                              - "dynamodb:UpdateItem",
                              - "dynamodb:Query",
                            ]
                          - Effect   = "Allow"
                          - Resource = [
                              - "arn:aws:dynamodb:us-east-1:000000000000:table/cl-32eb22-projections",
                              - "arn:aws:dynamodb:us-east-1:000000000000:table/cl-32eb22-projections/index/AccountIndex",
                            ]
                        },
                      - {
                          - Action   = [
                              - "sqs:SendMessage",
                            ]
                          - Effect   = "Deny"
                          - Resource = [
                              - "arn:aws:sqs:us-east-1:000000000000:cl-32eb22-events",
                            ]
                        },
                      - {
                          - Action   = [
                              - "sqs:ReceiveMessage",
                              - "sqs:DeleteMessage",
                            ]
                          - Effect   = "Deny"
                          - Resource = [
                              - "arn:aws:sqs:us-east-1:000000000000:cl-32eb22-dlq",
                            ]
                        },
                      - {
                          - Action   = [
                              - "dynamodb:DeleteItem",
                              - "dynamodb:DeleteTable",
                            ]
                          - Effect   = "Deny"
                          - Resource = [
                              - "arn:aws:dynamodb:us-east-1:000000000000:table/cl-32eb22-projections",
                            ]
                        },
                      - {
                          - Action   = [
                              - "s3:GetObject",
                              - "s3:PutObject",
                              - "s3:DeleteObject",
                              - "s3:ListBucket",
                            ]
                          - Effect   = "Deny"
                          - Resource = [
                              - "arn:aws:s3:::cl-32eb22-audit",
                              - "arn:aws:s3:::cl-32eb22-audit/*",
                            ]
                        },
                      - {
                          - Action   = [
                              - "logs:CreateLogStream",
                              - "logs:PutLogEvents",
                              - "logs:DescribeLogStreams",
                            ]
                          - Effect   = "Allow"
                          - Resource = [
                              - "arn:aws:logs:us-east-1:000000000000:log-group:/clearledger/cl-32eb22/projector:*",
                            ]
                        },
                      - {
                          - Action   = [
                              - "logs:CreateLogStream",
                              - "logs:PutLogEvents",
                            ]
                          - Effect   = "Deny"
                          - Resource = [
                              - "arn:aws:logs:us-east-1:000000000000:log-group:/clearledger/cl-32eb22/api:*",
                              - "arn:aws:logs:us-east-1:000000000000:log-group:/clearledger/cl-32eb22/audit-archiver:*",
                              - "arn:aws:logs:us-east-1:000000000000:log-group:/clearledger/cl-32eb22/outbox-relay:*",
                            ]
                        },
                      - {
                          - Action   = [
                              - "kms:DisableKey",
                              - "kms:ScheduleKeyDeletion",
                            ]
                          - Effect   = "Deny"
                          - Resource = [
                              - "arn:aws:kms:us-east-1:000000000000:key/abbbac08-ad34-4305-bc98-6f694d1d171a",
                              - "arn:aws:kms:us-east-1:000000000000:key/c4f54840-78fa-4c3e-81d2-45625515fc2c",
                              - "arn:aws:kms:us-east-1:000000000000:key/cb5366d2-acee-4c9f-8173-b0099c02f660",
                              - "arn:aws:kms:us-east-1:000000000000:key/5a939a52-572d-4dbe-bce2-db0b6e2b6b66",
                            ]
                        },
                      - {
                          - Action   = [
                              - "kms:Decrypt",
                              - "kms:GenerateDataKey",
                            ]
                          - Effect   = "Deny"
                          - Resource = [
                              - "arn:aws:kms:us-east-1:000000000000:key/abbbac08-ad34-4305-bc98-6f694d1d171a",
                              - "arn:aws:kms:us-east-1:000000000000:key/c4f54840-78fa-4c3e-81d2-45625515fc2c",
                            ]
                        },
                      - {
                          - Action   = [
                              - "kms:Decrypt",
                              - "kms:GenerateDataKey",
                              - "kms:DescribeKey",
                            ]
                          - Effect   = "Allow"
                          - Resource = [
                              - "arn:aws:kms:us-east-1:000000000000:key/cb5366d2-acee-4c9f-8173-b0099c02f660",
                              - "arn:aws:kms:us-east-1:000000000000:key/5a939a52-572d-4dbe-bce2-db0b6e2b6b66",
                            ]
                        },
                    ]
                  - Version   = "2012-10-17"
                }
            ) -> null
        }
    }

  # aws_iam_role.workload["relay"] will be destroyed
  - resource "aws_iam_role" "workload" {
      - arn                   = "arn:aws:iam::000000000000:role/cl-32eb22-relay" -> null
      - assume_role_policy    = jsonencode(
            {
              - Statement = [
                  - {
                      - Action    = "sts:AssumeRole"
                      - Effect    = "Allow"
                      - Principal = {
                          - Service = "lambda.amazonaws.com"
                        }
                    },
                ]
              - Version   = "2012-10-17"
            }
        ) -> null
      - create_date           = "2026-10-10T20:13:25Z" -> null
      - force_detach_policies = false -> null
      - id                    = "cl-32eb22-relay" -> null
      - managed_policy_arns   = [] -> null
      - max_session_duration  = 3600 -> null
      - name                  = "cl-32eb22-relay" -> null
      - path                  = "/" -> null
      - tags                  = {
          - "ClearLedgerRole" = "relay"
        } -> null
      - tags_all              = {
          - "ClearLedgerDeployment" = "cl-32eb22"
          - "ClearLedgerRole"       = "relay"
        } -> null
      - unique_id             = "AROA2EFRL8AFMSSM33R5" -> null
        # (3 unchanged attributes hidden)

      - inline_policy {
          - name   = "cl-32eb22-relay-canonical" -> null
          - policy = jsonencode(
                {
                  - Statement = [
                      - {
                          - Action   = [
                              - "sqs:SendMessage",
                              - "sqs:GetQueueAttributes",
                              - "sqs:GetQueueUrl",
                            ]
                          - Effect   = "Allow"
                          - Resource = [
                              - "arn:aws:sqs:us-east-1:000000000000:cl-32eb22-events",
                            ]
                        },
                      - {
                          - Action   = [
                              - "sqs:ReceiveMessage",
                              - "sqs:DeleteMessage",
                            ]
                          - Effect   = "Deny"
                          - Resource = [
                              - "arn:aws:sqs:us-east-1:000000000000:cl-32eb22-events",
                            ]
                        },
                      - {
                          - Action   = [
                              - "sqs:SendMessage",
                              - "sqs:ReceiveMessage",
                              - "sqs:DeleteMessage",
                            ]
                          - Effect   = "Deny"
                          - Resource = [
                              - "arn:aws:sqs:us-east-1:000000000000:cl-32eb22-dlq",
                            ]
                        },
                      - {
                          - Action   = [
                              - "dynamodb:GetItem",
                              - "dynamodb:PutItem",
                              - "dynamodb:UpdateItem",
                              - "dynamodb:DeleteItem",
                              - "dynamodb:Query",
                            ]
                          - Effect   = "Deny"
                          - Resource = [
                              - "arn:aws:dynamodb:us-east-1:000000000000:table/cl-32eb22-projections",
                              - "arn:aws:dynamodb:us-east-1:000000000000:table/cl-32eb22-projections/index/AccountIndex",
                            ]
                        },
                      - {
                          - Action   = [
                              - "s3:GetObject",
                              - "s3:PutObject",
                              - "s3:DeleteObject",
                              - "s3:ListBucket",
                            ]
                          - Effect   = "Deny"
                          - Resource = [
                              - "arn:aws:s3:::cl-32eb22-audit",
                              - "arn:aws:s3:::cl-32eb22-audit/*",
                            ]
                        },
                      - {
                          - Action   = [
                              - "logs:CreateLogStream",
                              - "logs:PutLogEvents",
                              - "logs:DescribeLogStreams",
                            ]
                          - Effect   = "Allow"
                          - Resource = [
                              - "arn:aws:logs:us-east-1:000000000000:log-group:/clearledger/cl-32eb22/outbox-relay:*",
                            ]
                        },
                      - {
                          - Action   = [
                              - "logs:CreateLogStream",
                              - "logs:PutLogEvents",
                            ]
                          - Effect   = "Deny"
                          - Resource = [
                              - "arn:aws:logs:us-east-1:000000000000:log-group:/clearledger/cl-32eb22/api:*",
                              - "arn:aws:logs:us-east-1:000000000000:log-group:/clearledger/cl-32eb22/audit-archiver:*",
                              - "arn:aws:logs:us-east-1:000000000000:log-group:/clearledger/cl-32eb22/projector:*",
                            ]
                        },
                      - {
                          - Action   = [
                              - "kms:DisableKey",
                              - "kms:ScheduleKeyDeletion",
                            ]
                          - Effect   = "Deny"
                          - Resource = [
                              - "arn:aws:kms:us-east-1:000000000000:key/abbbac08-ad34-4305-bc98-6f694d1d171a",
                              - "arn:aws:kms:us-east-1:000000000000:key/c4f54840-78fa-4c3e-81d2-45625515fc2c",
                              - "arn:aws:kms:us-east-1:000000000000:key/cb5366d2-acee-4c9f-8173-b0099c02f660",
                              - "arn:aws:kms:us-east-1:000000000000:key/5a939a52-572d-4dbe-bce2-db0b6e2b6b66",
                            ]
                        },
                      - {
                          - Action   = [
                              - "kms:Decrypt",
                              - "kms:GenerateDataKey",
                            ]
                          - Effect   = "Deny"
                          - Resource = [
                              - "arn:aws:kms:us-east-1:000000000000:key/abbbac08-ad34-4305-bc98-6f694d1d171a",
                              - "arn:aws:kms:us-east-1:000000000000:key/5a939a52-572d-4dbe-bce2-db0b6e2b6b66",
                            ]
                        },
                      - {
                          - Action   = [
                              - "kms:Decrypt",
                              - "kms:GenerateDataKey",
                              - "kms:DescribeKey",
                            ]
                          - Effect   = "Allow"
                          - Resource = [
                              - "arn:aws:kms:us-east-1:000000000000:key/c4f54840-78fa-4c3e-81d2-45625515fc2c",
                              - "arn:aws:kms:us-east-1:000000000000:key/cb5366d2-acee-4c9f-8173-b0099c02f660",
                            ]
                        },
                    ]
                  - Version   = "2012-10-17"
                }
            ) -> null
        }
    }

  # aws_iam_role.workload["scheduler"] will be destroyed
  - resource "aws_iam_role" "workload" {
      - arn                   = "arn:aws:iam::000000000000:role/cl-32eb22-scheduler" -> null
      - assume_role_policy    = jsonencode(
            {
              - Statement = [
                  - {
                      - Action    = "sts:AssumeRole"
                      - Effect    = "Allow"
                      - Principal = {
                          - Service = "scheduler.amazonaws.com"
                        }
                    },
                ]
              - Version   = "2012-10-17"
            }
        ) -> null
      - create_date           = "2026-10-10T20:13:25Z" -> null
      - force_detach_policies = false -> null
      - id                    = "cl-32eb22-scheduler" -> null
      - managed_policy_arns   = [] -> null
      - max_session_duration  = 3600 -> null
      - name                  = "cl-32eb22-scheduler" -> null
      - path                  = "/" -> null
      - tags                  = {
          - "ClearLedgerRole" = "scheduler"
        } -> null
      - tags_all              = {
          - "ClearLedgerDeployment" = "cl-32eb22"
          - "ClearLedgerRole"       = "scheduler"
        } -> null
      - unique_id             = "AROA8SSWROKBZGS3CPQC" -> null
        # (3 unchanged attributes hidden)

      - inline_policy {
          - name   = "cl-32eb22-scheduler-canonical" -> null
          - policy = jsonencode(
                {
                  - Statement = [
                      - {
                          - Action   = [
                              - "lambda:InvokeFunction",
                            ]
                          - Effect   = "Allow"
                          - Resource = [
                              - "arn:aws:lambda:us-east-1:000000000000:function:cl-32eb22-relay",
                              - "arn:aws:lambda:us-east-1:000000000000:function:cl-32eb22-archiver",
                            ]
                        },
                      - {
                          - Action   = [
                              - "lambda:InvokeFunction",
                            ]
                          - Effect   = "Deny"
                          - Resource = [
                              - "arn:aws:lambda:us-east-1:000000000000:function:cl-32eb22-projector",
                            ]
                        },
                      - {
                          - Action   = [
                              - "sqs:SendMessage",
                              - "sqs:ReceiveMessage",
                              - "sqs:DeleteMessage",
                            ]
                          - Effect   = "Deny"
                          - Resource = [
                              - "arn:aws:sqs:us-east-1:000000000000:cl-32eb22-events",
                              - "arn:aws:sqs:us-east-1:000000000000:cl-32eb22-dlq",
                            ]
                        },
                      - {
                          - Action   = [
                              - "dynamodb:GetItem",
                              - "dynamodb:PutItem",
                              - "dynamodb:UpdateItem",
                              - "dynamodb:DeleteItem",
                              - "dynamodb:Query",
                            ]
                          - Effect   = "Deny"
                          - Resource = [
                              - "arn:aws:dynamodb:us-east-1:000000000000:table/cl-32eb22-projections",
                              - "arn:aws:dynamodb:us-east-1:000000000000:table/cl-32eb22-projections/index/AccountIndex",
                            ]
                        },
                      - {
                          - Action   = [
                              - "s3:GetObject",
                              - "s3:PutObject",
                              - "s3:DeleteObject",
                              - "s3:ListBucket",
                            ]
                          - Effect   = "Deny"
                          - Resource = [
                              - "arn:aws:s3:::cl-32eb22-audit",
                              - "arn:aws:s3:::cl-32eb22-audit/*",
                            ]
                        },
                      - {
                          - Action   = [
                              - "logs:CreateLogStream",
                              - "logs:PutLogEvents",
                            ]
                          - Effect   = "Deny"
                          - Resource = [
                              - "arn:aws:logs:us-east-1:000000000000:log-group:/clearledger/cl-32eb22/api:*",
                              - "arn:aws:logs:us-east-1:000000000000:log-group:/clearledger/cl-32eb22/audit-archiver:*",
                              - "arn:aws:logs:us-east-1:000000000000:log-group:/clearledger/cl-32eb22/projector:*",
                              - "arn:aws:logs:us-east-1:000000000000:log-group:/clearledger/cl-32eb22/outbox-relay:*",
                            ]
                        },
                      - {
                          - Action   = [
                              - "kms:DisableKey",
                              - "kms:ScheduleKeyDeletion",
                            ]
                          - Effect   = "Deny"
                          - Resource = [
                              - "arn:aws:kms:us-east-1:000000000000:key/abbbac08-ad34-4305-bc98-6f694d1d171a",
                              - "arn:aws:kms:us-east-1:000000000000:key/c4f54840-78fa-4c3e-81d2-45625515fc2c",
                              - "arn:aws:kms:us-east-1:000000000000:key/cb5366d2-acee-4c9f-8173-b0099c02f660",
                              - "arn:aws:kms:us-east-1:000000000000:key/5a939a52-572d-4dbe-bce2-db0b6e2b6b66",
                            ]
                        },
                      - {
                          - Action   = [
                              - "kms:Decrypt",
                              - "kms:GenerateDataKey",
                            ]
                          - Effect   = "Deny"
                          - Resource = [
                              - "arn:aws:kms:us-east-1:000000000000:key/abbbac08-ad34-4305-bc98-6f694d1d171a",
                              - "arn:aws:kms:us-east-1:000000000000:key/c4f54840-78fa-4c3e-81d2-45625515fc2c",
                              - "arn:aws:kms:us-east-1:000000000000:key/cb5366d2-acee-4c9f-8173-b0099c02f660",
                              - "arn:aws:kms:us-east-1:000000000000:key/5a939a52-572d-4dbe-bce2-db0b6e2b6b66",
                            ]
                        },
                    ]
                  - Version   = "2012-10-17"
                }
            ) -> null
        }
    }

  # aws_iam_role_policy.canonical["archiver"] will be destroyed
  - resource "aws_iam_role_policy" "canonical" {
      - id          = "cl-32eb22-archiver:cl-32eb22-archiver-canonical" -> null
      - name        = "cl-32eb22-archiver-canonical" -> null
      - policy      = jsonencode(
            {
              - Statement = [
                  - {
                      - Action   = [
                          - "s3:PutObject",
                          - "s3:GetObject",
                          - "s3:AbortMultipartUpload",
                        ]
                      - Effect   = "Allow"
                      - Resource = [
                          - "arn:aws:s3:::cl-32eb22-audit/ledger-audit/*",
                        ]
                    },
                  - {
                      - Action   = [
                          - "s3:ListBucket",
                          - "s3:GetBucketLocation",
                        ]
                      - Effect   = "Allow"
                      - Resource = [
                          - "arn:aws:s3:::cl-32eb22-audit",
                        ]
                    },
                  - {
                      - Action   = [
                          - "s3:DeleteObject",
                          - "s3:DeleteObjectVersion",
                        ]
                      - Effect   = "Deny"
                      - Resource = [
                          - "arn:aws:s3:::cl-32eb22-audit",
                          - "arn:aws:s3:::cl-32eb22-audit/*",
                        ]
                    },
                  - {
                      - Action   = [
                          - "sqs:SendMessage",
                          - "sqs:ReceiveMessage",
                          - "sqs:DeleteMessage",
                        ]
                      - Effect   = "Deny"
                      - Resource = [
                          - "arn:aws:sqs:us-east-1:000000000000:cl-32eb22-events",
                          - "arn:aws:sqs:us-east-1:000000000000:cl-32eb22-dlq",
                        ]
                    },
                  - {
                      - Action   = [
                          - "dynamodb:GetItem",
                          - "dynamodb:PutItem",
                          - "dynamodb:UpdateItem",
                          - "dynamodb:DeleteItem",
                          - "dynamodb:Query",
                        ]
                      - Effect   = "Deny"
                      - Resource = [
                          - "arn:aws:dynamodb:us-east-1:000000000000:table/cl-32eb22-projections",
                          - "arn:aws:dynamodb:us-east-1:000000000000:table/cl-32eb22-projections/index/AccountIndex",
                        ]
                    },
                  - {
                      - Action   = [
                          - "logs:CreateLogStream",
                          - "logs:PutLogEvents",
                          - "logs:DescribeLogStreams",
                        ]
                      - Effect   = "Allow"
                      - Resource = [
                          - "arn:aws:logs:us-east-1:000000000000:log-group:/clearledger/cl-32eb22/audit-archiver:*",
                        ]
                    },
                  - {
                      - Action   = [
                          - "logs:CreateLogStream",
                          - "logs:PutLogEvents",
                        ]
                      - Effect   = "Deny"
                      - Resource = [
                          - "arn:aws:logs:us-east-1:000000000000:log-group:/clearledger/cl-32eb22/api:*",
                          - "arn:aws:logs:us-east-1:000000000000:log-group:/clearledger/cl-32eb22/projector:*",
                          - "arn:aws:logs:us-east-1:000000000000:log-group:/clearledger/cl-32eb22/outbox-relay:*",
                        ]
                    },
                  - {
                      - Action   = [
                          - "kms:DisableKey",
                          - "kms:ScheduleKeyDeletion",
                        ]
                      - Effect   = "Deny"
                      - Resource = [
                          - "arn:aws:kms:us-east-1:000000000000:key/abbbac08-ad34-4305-bc98-6f694d1d171a",
                          - "arn:aws:kms:us-east-1:000000000000:key/c4f54840-78fa-4c3e-81d2-45625515fc2c",
                          - "arn:aws:kms:us-east-1:000000000000:key/cb5366d2-acee-4c9f-8173-b0099c02f660",
                          - "arn:aws:kms:us-east-1:000000000000:key/5a939a52-572d-4dbe-bce2-db0b6e2b6b66",
                        ]
                    },
                  - {
                      - Action   = [
                          - "kms:Decrypt",
                          - "kms:GenerateDataKey",
                        ]
                      - Effect   = "Deny"
                      - Resource = [
                          - "arn:aws:kms:us-east-1:000000000000:key/cb5366d2-acee-4c9f-8173-b0099c02f660",
                          - "arn:aws:kms:us-east-1:000000000000:key/5a939a52-572d-4dbe-bce2-db0b6e2b6b66",
                        ]
                    },
                  - {
                      - Action   = [
                          - "kms:Decrypt",
                          - "kms:GenerateDataKey",
                          - "kms:DescribeKey",
                        ]
                      - Effect   = "Allow"
                      - Resource = [
                          - "arn:aws:kms:us-east-1:000000000000:key/abbbac08-ad34-4305-bc98-6f694d1d171a",
                          - "arn:aws:kms:us-east-1:000000000000:key/c4f54840-78fa-4c3e-81d2-45625515fc2c",
                        ]
                    },
                ]
              - Version   = "2012-10-17"
            }
        ) -> null
      - role        = "cl-32eb22-archiver" -> null
        # (1 unchanged attribute hidden)
    }

  # aws_iam_role_policy.canonical["ecs_execution"] will be destroyed
  - resource "aws_iam_role_policy" "canonical" {
      - id          = "cl-32eb22-ecs_execution:cl-32eb22-ecs_execution-canonical" -> null
      - name        = "cl-32eb22-ecs_execution-canonical" -> null
      - policy      = jsonencode(
            {
              - Statement = [
                  - {
                      - Action   = [
                          - "sqs:SendMessage",
                          - "sqs:ReceiveMessage",
                          - "sqs:DeleteMessage",
                        ]
                      - Effect   = "Deny"
                      - Resource = [
                          - "arn:aws:sqs:us-east-1:000000000000:cl-32eb22-events",
                          - "arn:aws:sqs:us-east-1:000000000000:cl-32eb22-dlq",
                        ]
                    },
                  - {
                      - Action   = [
                          - "dynamodb:GetItem",
                          - "dynamodb:PutItem",
                          - "dynamodb:UpdateItem",
                          - "dynamodb:DeleteItem",
                          - "dynamodb:Query",
                        ]
                      - Effect   = "Deny"
                      - Resource = [
                          - "arn:aws:dynamodb:us-east-1:000000000000:table/cl-32eb22-projections",
                          - "arn:aws:dynamodb:us-east-1:000000000000:table/cl-32eb22-projections/index/AccountIndex",
                        ]
                    },
                  - {
                      - Action   = [
                          - "s3:GetObject",
                          - "s3:PutObject",
                          - "s3:DeleteObject",
                          - "s3:ListBucket",
                        ]
                      - Effect   = "Deny"
                      - Resource = [
                          - "arn:aws:s3:::cl-32eb22-audit",
                          - "arn:aws:s3:::cl-32eb22-audit/*",
                        ]
                    },
                  - {
                      - Action   = [
                          - "logs:CreateLogStream",
                          - "logs:PutLogEvents",
                          - "logs:DescribeLogStreams",
                        ]
                      - Effect   = "Allow"
                      - Resource = [
                          - "arn:aws:logs:us-east-1:000000000000:log-group:/clearledger/cl-32eb22/api:*",
                        ]
                    },
                  - {
                      - Action   = [
                          - "logs:CreateLogStream",
                          - "logs:PutLogEvents",
                        ]
                      - Effect   = "Deny"
                      - Resource = [
                          - "arn:aws:logs:us-east-1:000000000000:log-group:/clearledger/cl-32eb22/audit-archiver:*",
                          - "arn:aws:logs:us-east-1:000000000000:log-group:/clearledger/cl-32eb22/projector:*",
                          - "arn:aws:logs:us-east-1:000000000000:log-group:/clearledger/cl-32eb22/outbox-relay:*",
                        ]
                    },
                  - {
                      - Action   = [
                          - "kms:DisableKey",
                          - "kms:ScheduleKeyDeletion",
                        ]
                      - Effect   = "Deny"
                      - Resource = [
                          - "arn:aws:kms:us-east-1:000000000000:key/abbbac08-ad34-4305-bc98-6f694d1d171a",
                          - "arn:aws:kms:us-east-1:000000000000:key/c4f54840-78fa-4c3e-81d2-45625515fc2c",
                          - "arn:aws:kms:us-east-1:000000000000:key/cb5366d2-acee-4c9f-8173-b0099c02f660",
                          - "arn:aws:kms:us-east-1:000000000000:key/5a939a52-572d-4dbe-bce2-db0b6e2b6b66",
                        ]
                    },
                  - {
                      - Action   = [
                          - "kms:Decrypt",
                          - "kms:GenerateDataKey",
                        ]
                      - Effect   = "Deny"
                      - Resource = [
                          - "arn:aws:kms:us-east-1:000000000000:key/abbbac08-ad34-4305-bc98-6f694d1d171a",
                          - "arn:aws:kms:us-east-1:000000000000:key/c4f54840-78fa-4c3e-81d2-45625515fc2c",
                          - "arn:aws:kms:us-east-1:000000000000:key/cb5366d2-acee-4c9f-8173-b0099c02f660",
                          - "arn:aws:kms:us-east-1:000000000000:key/5a939a52-572d-4dbe-bce2-db0b6e2b6b66",
                        ]
                    },
                ]
              - Version   = "2012-10-17"
            }
        ) -> null
      - role        = "cl-32eb22-ecs_execution" -> null
        # (1 unchanged attribute hidden)
    }

  # aws_iam_role_policy.canonical["ecs_task"] will be destroyed
  - resource "aws_iam_role_policy" "canonical" {
      - id          = "cl-32eb22-ecs_task:cl-32eb22-ecs_task-canonical" -> null
      - name        = "cl-32eb22-ecs_task-canonical" -> null
      - policy      = jsonencode(
            {
              - Statement = [
                  - {
                      - Action   = [
                          - "sqs:SendMessage",
                          - "sqs:GetQueueAttributes",
                          - "sqs:GetQueueUrl",
                        ]
                      - Effect   = "Allow"
                      - Resource = [
                          - "arn:aws:sqs:us-east-1:000000000000:cl-32eb22-events",
                        ]
                    },
                  - {
                      - Action   = [
                          - "dynamodb:GetItem",
                          - "dynamodb:Query",
                          - "dynamodb:DescribeTable",
                        ]
                      - Effect   = "Allow"
                      - Resource = [
                          - "arn:aws:dynamodb:us-east-1:000000000000:table/cl-32eb22-projections",
                          - "arn:aws:dynamodb:us-east-1:000000000000:table/cl-32eb22-projections/index/AccountIndex",
                        ]
                    },
                  - {
                      - Action   = [
                          - "sqs:ReceiveMessage",
                          - "sqs:DeleteMessage",
                        ]
                      - Effect   = "Deny"
                      - Resource = [
                          - "arn:aws:sqs:us-east-1:000000000000:cl-32eb22-events",
                        ]
                    },
                  - {
                      - Action   = [
                          - "sqs:SendMessage",
                          - "sqs:ReceiveMessage",
                          - "sqs:DeleteMessage",
                        ]
                      - Effect   = "Deny"
                      - Resource = [
                          - "arn:aws:sqs:us-east-1:000000000000:cl-32eb22-dlq",
                        ]
                    },
                  - {
                      - Action   = [
                          - "dynamodb:PutItem",
                          - "dynamodb:UpdateItem",
                          - "dynamodb:DeleteItem",
                          - "dynamodb:DeleteTable",
                        ]
                      - Effect   = "Deny"
                      - Resource = [
                          - "arn:aws:dynamodb:us-east-1:000000000000:table/cl-32eb22-projections",
                        ]
                    },
                  - {
                      - Action   = [
                          - "s3:GetObject",
                          - "s3:PutObject",
                          - "s3:DeleteObject",
                          - "s3:ListBucket",
                        ]
                      - Effect   = "Deny"
                      - Resource = [
                          - "arn:aws:s3:::cl-32eb22-audit",
                          - "arn:aws:s3:::cl-32eb22-audit/*",
                        ]
                    },
                  - {
                      - Action   = [
                          - "logs:CreateLogStream",
                          - "logs:PutLogEvents",
                          - "logs:DescribeLogStreams",
                        ]
                      - Effect   = "Allow"
                      - Resource = [
                          - "arn:aws:logs:us-east-1:000000000000:log-group:/clearledger/cl-32eb22/api:*",
                        ]
                    },
                  - {
                      - Action   = [
                          - "logs:CreateLogStream",
                          - "logs:PutLogEvents",
                        ]
                      - Effect   = "Deny"
                      - Resource = [
                          - "arn:aws:logs:us-east-1:000000000000:log-group:/clearledger/cl-32eb22/audit-archiver:*",
                          - "arn:aws:logs:us-east-1:000000000000:log-group:/clearledger/cl-32eb22/projector:*",
                          - "arn:aws:logs:us-east-1:000000000000:log-group:/clearledger/cl-32eb22/outbox-relay:*",
                        ]
                    },
                  - {
                      - Action   = [
                          - "kms:DisableKey",
                          - "kms:ScheduleKeyDeletion",
                        ]
                      - Effect   = "Deny"
                      - Resource = [
                          - "arn:aws:kms:us-east-1:000000000000:key/abbbac08-ad34-4305-bc98-6f694d1d171a",
                          - "arn:aws:kms:us-east-1:000000000000:key/c4f54840-78fa-4c3e-81d2-45625515fc2c",
                          - "arn:aws:kms:us-east-1:000000000000:key/cb5366d2-acee-4c9f-8173-b0099c02f660",
                          - "arn:aws:kms:us-east-1:000000000000:key/5a939a52-572d-4dbe-bce2-db0b6e2b6b66",
                        ]
                    },
                  - {
                      - Action   = [
                          - "kms:Decrypt",
                          - "kms:GenerateDataKey",
                        ]
                      - Effect   = "Deny"
                      - Resource = [
                          - "arn:aws:kms:us-east-1:000000000000:key/abbbac08-ad34-4305-bc98-6f694d1d171a",
                          - "arn:aws:kms:us-east-1:000000000000:key/c4f54840-78fa-4c3e-81d2-45625515fc2c",
                        ]
                    },
                  - {
                      - Action   = [
                          - "kms:Decrypt",
                          - "kms:GenerateDataKey",
                          - "kms:DescribeKey",
                        ]
                      - Effect   = "Allow"
                      - Resource = [
                          - "arn:aws:kms:us-east-1:000000000000:key/cb5366d2-acee-4c9f-8173-b0099c02f660",
                          - "arn:aws:kms:us-east-1:000000000000:key/5a939a52-572d-4dbe-bce2-db0b6e2b6b66",
                        ]
                    },
                ]
              - Version   = "2012-10-17"
            }
        ) -> null
      - role        = "cl-32eb22-ecs_task" -> null
        # (1 unchanged attribute hidden)
    }

  # aws_iam_role_policy.canonical["projector"] will be destroyed
  - resource "aws_iam_role_policy" "canonical" {
      - id          = "cl-32eb22-projector:cl-32eb22-projector-canonical" -> null
      - name        = "cl-32eb22-projector-canonical" -> null
      - policy      = jsonencode(
            {
              - Statement = [
                  - {
                      - Action   = [
                          - "sqs:ReceiveMessage",
                          - "sqs:DeleteMessage",
                          - "sqs:GetQueueAttributes",
                          - "sqs:ChangeMessageVisibility",
                        ]
                      - Effect   = "Allow"
                      - Resource = [
                          - "arn:aws:sqs:us-east-1:000000000000:cl-32eb22-events",
                        ]
                    },
                  - {
                      - Action   = [
                          - "sqs:SendMessage",
                        ]
                      - Effect   = "Allow"
                      - Resource = [
                          - "arn:aws:sqs:us-east-1:000000000000:cl-32eb22-dlq",
                        ]
                    },
                  - {
                      - Action   = [
                          - "dynamodb:GetItem",
                          - "dynamodb:PutItem",
                          - "dynamodb:UpdateItem",
                          - "dynamodb:Query",
                        ]
                      - Effect   = "Allow"
                      - Resource = [
                          - "arn:aws:dynamodb:us-east-1:000000000000:table/cl-32eb22-projections",
                          - "arn:aws:dynamodb:us-east-1:000000000000:table/cl-32eb22-projections/index/AccountIndex",
                        ]
                    },
                  - {
                      - Action   = [
                          - "sqs:SendMessage",
                        ]
                      - Effect   = "Deny"
                      - Resource = [
                          - "arn:aws:sqs:us-east-1:000000000000:cl-32eb22-events",
                        ]
                    },
                  - {
                      - Action   = [
                          - "sqs:ReceiveMessage",
                          - "sqs:DeleteMessage",
                        ]
                      - Effect   = "Deny"
                      - Resource = [
                          - "arn:aws:sqs:us-east-1:000000000000:cl-32eb22-dlq",
                        ]
                    },
                  - {
                      - Action   = [
                          - "dynamodb:DeleteItem",
                          - "dynamodb:DeleteTable",
                        ]
                      - Effect   = "Deny"
                      - Resource = [
                          - "arn:aws:dynamodb:us-east-1:000000000000:table/cl-32eb22-projections",
                        ]
                    },
                  - {
                      - Action   = [
                          - "s3:GetObject",
                          - "s3:PutObject",
                          - "s3:DeleteObject",
                          - "s3:ListBucket",
                        ]
                      - Effect   = "Deny"
                      - Resource = [
                          - "arn:aws:s3:::cl-32eb22-audit",
                          - "arn:aws:s3:::cl-32eb22-audit/*",
                        ]
                    },
                  - {
                      - Action   = [
                          - "logs:CreateLogStream",
                          - "logs:PutLogEvents",
                          - "logs:DescribeLogStreams",
                        ]
                      - Effect   = "Allow"
                      - Resource = [
                          - "arn:aws:logs:us-east-1:000000000000:log-group:/clearledger/cl-32eb22/projector:*",
                        ]
                    },
                  - {
                      - Action   = [
                          - "logs:CreateLogStream",
                          - "logs:PutLogEvents",
                        ]
                      - Effect   = "Deny"
                      - Resource = [
                          - "arn:aws:logs:us-east-1:000000000000:log-group:/clearledger/cl-32eb22/api:*",
                          - "arn:aws:logs:us-east-1:000000000000:log-group:/clearledger/cl-32eb22/audit-archiver:*",
                          - "arn:aws:logs:us-east-1:000000000000:log-group:/clearledger/cl-32eb22/outbox-relay:*",
                        ]
                    },
                  - {
                      - Action   = [
                          - "kms:DisableKey",
                          - "kms:ScheduleKeyDeletion",
                        ]
                      - Effect   = "Deny"
                      - Resource = [
                          - "arn:aws:kms:us-east-1:000000000000:key/abbbac08-ad34-4305-bc98-6f694d1d171a",
                          - "arn:aws:kms:us-east-1:000000000000:key/c4f54840-78fa-4c3e-81d2-45625515fc2c",
                          - "arn:aws:kms:us-east-1:000000000000:key/cb5366d2-acee-4c9f-8173-b0099c02f660",
                          - "arn:aws:kms:us-east-1:000000000000:key/5a939a52-572d-4dbe-bce2-db0b6e2b6b66",
                        ]
                    },
                  - {
                      - Action   = [
                          - "kms:Decrypt",
                          - "kms:GenerateDataKey",
                        ]
                      - Effect   = "Deny"
                      - Resource = [
                          - "arn:aws:kms:us-east-1:000000000000:key/abbbac08-ad34-4305-bc98-6f694d1d171a",
                          - "arn:aws:kms:us-east-1:000000000000:key/c4f54840-78fa-4c3e-81d2-45625515fc2c",
                        ]
                    },
                  - {
                      - Action   = [
                          - "kms:Decrypt",
                          - "kms:GenerateDataKey",
                          - "kms:DescribeKey",
                        ]
                      - Effect   = "Allow"
                      - Resource = [
                          - "arn:aws:kms:us-east-1:000000000000:key/cb5366d2-acee-4c9f-8173-b0099c02f660",
                          - "arn:aws:kms:us-east-1:000000000000:key/5a939a52-572d-4dbe-bce2-db0b6e2b6b66",
                        ]
                    },
                ]
              - Version   = "2012-10-17"
            }
        ) -> null
      - role        = "cl-32eb22-projector" -> null
        # (1 unchanged attribute hidden)
    }

  # aws_iam_role_policy.canonical["relay"] will be destroyed
  - resource "aws_iam_role_policy" "canonical" {
      - id          = "cl-32eb22-relay:cl-32eb22-relay-canonical" -> null
      - name        = "cl-32eb22-relay-canonical" -> null
      - policy      = jsonencode(
            {
              - Statement = [
                  - {
                      - Action   = [
                          - "sqs:SendMessage",
                          - "sqs:GetQueueAttributes",
                          - "sqs:GetQueueUrl",
                        ]
                      - Effect   = "Allow"
                      - Resource = [
                          - "arn:aws:sqs:us-east-1:000000000000:cl-32eb22-events",
                        ]
                    },
                  - {
                      - Action   = [
                          - "sqs:ReceiveMessage",
                          - "sqs:DeleteMessage",
                        ]
                      - Effect   = "Deny"
                      - Resource = [
                          - "arn:aws:sqs:us-east-1:000000000000:cl-32eb22-events",
                        ]
                    },
                  - {
                      - Action   = [
                          - "sqs:SendMessage",
                          - "sqs:ReceiveMessage",
                          - "sqs:DeleteMessage",
                        ]
                      - Effect   = "Deny"
                      - Resource = [
                          - "arn:aws:sqs:us-east-1:000000000000:cl-32eb22-dlq",
                        ]
                    },
                  - {
                      - Action   = [
                          - "dynamodb:GetItem",
                          - "dynamodb:PutItem",
                          - "dynamodb:UpdateItem",
                          - "dynamodb:DeleteItem",
                          - "dynamodb:Query",
                        ]
                      - Effect   = "Deny"
                      - Resource = [
                          - "arn:aws:dynamodb:us-east-1:000000000000:table/cl-32eb22-projections",
                          - "arn:aws:dynamodb:us-east-1:000000000000:table/cl-32eb22-projections/index/AccountIndex",
                        ]
                    },
                  - {
                      - Action   = [
                          - "s3:GetObject",
                          - "s3:PutObject",
                          - "s3:DeleteObject",
                          - "s3:ListBucket",
                        ]
                      - Effect   = "Deny"
                      - Resource = [
                          - "arn:aws:s3:::cl-32eb22-audit",
                          - "arn:aws:s3:::cl-32eb22-audit/*",
                        ]
                    },
                  - {
                      - Action   = [
                          - "logs:CreateLogStream",
                          - "logs:PutLogEvents",
                          - "logs:DescribeLogStreams",
                        ]
                      - Effect   = "Allow"
                      - Resource = [
                          - "arn:aws:logs:us-east-1:000000000000:log-group:/clearledger/cl-32eb22/outbox-relay:*",
                        ]
                    },
                  - {
                      - Action   = [
                          - "logs:CreateLogStream",
                          - "logs:PutLogEvents",
                        ]
                      - Effect   = "Deny"
                      - Resource = [
                          - "arn:aws:logs:us-east-1:000000000000:log-group:/clearledger/cl-32eb22/api:*",
                          - "arn:aws:logs:us-east-1:000000000000:log-group:/clearledger/cl-32eb22/audit-archiver:*",
                          - "arn:aws:logs:us-east-1:000000000000:log-group:/clearledger/cl-32eb22/projector:*",
                        ]
                    },
                  - {
                      - Action   = [
                          - "kms:DisableKey",
                          - "kms:ScheduleKeyDeletion",
                        ]
                      - Effect   = "Deny"
                      - Resource = [
                          - "arn:aws:kms:us-east-1:000000000000:key/abbbac08-ad34-4305-bc98-6f694d1d171a",
                          - "arn:aws:kms:us-east-1:000000000000:key/c4f54840-78fa-4c3e-81d2-45625515fc2c",
                          - "arn:aws:kms:us-east-1:000000000000:key/cb5366d2-acee-4c9f-8173-b0099c02f660",
                          - "arn:aws:kms:us-east-1:000000000000:key/5a939a52-572d-4dbe-bce2-db0b6e2b6b66",
                        ]
                    },
                  - {
                      - Action   = [
                          - "kms:Decrypt",
                          - "kms:GenerateDataKey",
                        ]
                      - Effect   = "Deny"
                      - Resource = [
                          - "arn:aws:kms:us-east-1:000000000000:key/abbbac08-ad34-4305-bc98-6f694d1d171a",
                          - "arn:aws:kms:us-east-1:000000000000:key/5a939a52-572d-4dbe-bce2-db0b6e2b6b66",
                        ]
                    },
                  - {
                      - Action   = [
                          - "kms:Decrypt",
                          - "kms:GenerateDataKey",
                          - "kms:DescribeKey",
                        ]
                      - Effect   = "Allow"
                      - Resource = [
                          - "arn:aws:kms:us-east-1:000000000000:key/c4f54840-78fa-4c3e-81d2-45625515fc2c",
                          - "arn:aws:kms:us-east-1:000000000000:key/cb5366d2-acee-4c9f-8173-b0099c02f660",
                        ]
                    },
                ]
              - Version   = "2012-10-17"
            }
        ) -> null
      - role        = "cl-32eb22-relay" -> null
        # (1 unchanged attribute hidden)
    }

  # aws_iam_role_policy.canonical["scheduler"] will be destroyed
  - resource "aws_iam_role_policy" "canonical" {
      - id          = "cl-32eb22-scheduler:cl-32eb22-scheduler-canonical" -> null
      - name        = "cl-32eb22-scheduler-canonical" -> null
      - policy      = jsonencode(
            {
              - Statement = [
                  - {
                      - Action   = [
                          - "lambda:InvokeFunction",
                        ]
                      - Effect   = "Allow"
                      - Resource = [
                          - "arn:aws:lambda:us-east-1:000000000000:function:cl-32eb22-relay",
                          - "arn:aws:lambda:us-east-1:000000000000:function:cl-32eb22-archiver",
                        ]
                    },
                  - {
                      - Action   = [
                          - "lambda:InvokeFunction",
                        ]
                      - Effect   = "Deny"
                      - Resource = [
                          - "arn:aws:lambda:us-east-1:000000000000:function:cl-32eb22-projector",
                        ]
                    },
                  - {
                      - Action   = [
                          - "sqs:SendMessage",
                          - "sqs:ReceiveMessage",
                          - "sqs:DeleteMessage",
                        ]
                      - Effect   = "Deny"
                      - Resource = [
                          - "arn:aws:sqs:us-east-1:000000000000:cl-32eb22-events",
                          - "arn:aws:sqs:us-east-1:000000000000:cl-32eb22-dlq",
                        ]
                    },
                  - {
                      - Action   = [
                          - "dynamodb:GetItem",
                          - "dynamodb:PutItem",
                          - "dynamodb:UpdateItem",
                          - "dynamodb:DeleteItem",
                          - "dynamodb:Query",
                        ]
                      - Effect   = "Deny"
                      - Resource = [
                          - "arn:aws:dynamodb:us-east-1:000000000000:table/cl-32eb22-projections",
                          - "arn:aws:dynamodb:us-east-1:000000000000:table/cl-32eb22-projections/index/AccountIndex",
                        ]
                    },
                  - {
                      - Action   = [
                          - "s3:GetObject",
                          - "s3:PutObject",
                          - "s3:DeleteObject",
                          - "s3:ListBucket",
                        ]
                      - Effect   = "Deny"
                      - Resource = [
                          - "arn:aws:s3:::cl-32eb22-audit",
                          - "arn:aws:s3:::cl-32eb22-audit/*",
                        ]
                    },
                  - {
                      - Action   = [
                          - "logs:CreateLogStream",
                          - "logs:PutLogEvents",
                        ]
                      - Effect   = "Deny"
                      - Resource = [
                          - "arn:aws:logs:us-east-1:000000000000:log-group:/clearledger/cl-32eb22/api:*",
                          - "arn:aws:logs:us-east-1:000000000000:log-group:/clearledger/cl-32eb22/audit-archiver:*",
                          - "arn:aws:logs:us-east-1:000000000000:log-group:/clearledger/cl-32eb22/projector:*",
                          - "arn:aws:logs:us-east-1:000000000000:log-group:/clearledger/cl-32eb22/outbox-relay:*",
                        ]
                    },
                  - {
                      - Action   = [
                          - "kms:DisableKey",
                          - "kms:ScheduleKeyDeletion",
                        ]
                      - Effect   = "Deny"
                      - Resource = [
                          - "arn:aws:kms:us-east-1:000000000000:key/abbbac08-ad34-4305-bc98-6f694d1d171a",
                          - "arn:aws:kms:us-east-1:000000000000:key/c4f54840-78fa-4c3e-81d2-45625515fc2c",
                          - "arn:aws:kms:us-east-1:000000000000:key/cb5366d2-acee-4c9f-8173-b0099c02f660",
                          - "arn:aws:kms:us-east-1:000000000000:key/5a939a52-572d-4dbe-bce2-db0b6e2b6b66",
                        ]
                    },
                  - {
                      - Action   = [
                          - "kms:Decrypt",
                          - "kms:GenerateDataKey",
                        ]
                      - Effect   = "Deny"
                      - Resource = [
                          - "arn:aws:kms:us-east-1:000000000000:key/abbbac08-ad34-4305-bc98-6f694d1d171a",
                          - "arn:aws:kms:us-east-1:000000000000:key/c4f54840-78fa-4c3e-81d2-45625515fc2c",
                          - "arn:aws:kms:us-east-1:000000000000:key/cb5366d2-acee-4c9f-8173-b0099c02f660",
                          - "arn:aws:kms:us-east-1:000000000000:key/5a939a52-572d-4dbe-bce2-db0b6e2b6b66",
                        ]
                    },
                ]
              - Version   = "2012-10-17"
            }
        ) -> null
      - role        = "cl-32eb22-scheduler" -> null
        # (1 unchanged attribute hidden)
    }

  # aws_internet_gateway.main will be destroyed
  - resource "aws_internet_gateway" "main" {
      - arn      = "arn:aws:ec2:us-east-1:000000000000:internet-gateway/igw-738d1bbc" -> null
      - id       = "igw-738d1bbc" -> null
      - owner_id = "000000000000" -> null
      - region   = "us-east-1" -> null
      - tags     = {
          - "Name" = "cl-32eb22-igw"
        } -> null
      - tags_all = {
          - "ClearLedgerDeployment" = "cl-32eb22"
          - "Name"                  = "cl-32eb22-igw"
        } -> null
      - vpc_id   = "vpc-1cf64edf" -> null
    }

  # aws_kms_alias.store["audit"] will be destroyed
  - resource "aws_kms_alias" "store" {
      - arn            = "arn:aws:kms:us-east-1:000000000000:alias/cl-32eb22-audit" -> null
      - id             = "alias/cl-32eb22-audit" -> null
      - name           = "alias/cl-32eb22-audit" -> null
      - region         = "us-east-1" -> null
      - target_key_arn = "arn:aws:kms:us-east-1:000000000000:key/abbbac08-ad34-4305-bc98-6f694d1d171a" -> null
      - target_key_id  = "abbbac08-ad34-4305-bc98-6f694d1d171a" -> null
        # (1 unchanged attribute hidden)
    }

  # aws_kms_alias.store["database"] will be destroyed
  - resource "aws_kms_alias" "store" {
      - arn            = "arn:aws:kms:us-east-1:000000000000:alias/cl-32eb22-database" -> null
      - id             = "alias/cl-32eb22-database" -> null
      - name           = "alias/cl-32eb22-database" -> null
      - region         = "us-east-1" -> null
      - target_key_arn = "arn:aws:kms:us-east-1:000000000000:key/c4f54840-78fa-4c3e-81d2-45625515fc2c" -> null
      - target_key_id  = "c4f54840-78fa-4c3e-81d2-45625515fc2c" -> null
        # (1 unchanged attribute hidden)
    }

  # aws_kms_alias.store["messaging"] will be destroyed
  - resource "aws_kms_alias" "store" {
      - arn            = "arn:aws:kms:us-east-1:000000000000:alias/cl-32eb22-messaging" -> null
      - id             = "alias/cl-32eb22-messaging" -> null
      - name           = "alias/cl-32eb22-messaging" -> null
      - region         = "us-east-1" -> null
      - target_key_arn = "arn:aws:kms:us-east-1:000000000000:key/cb5366d2-acee-4c9f-8173-b0099c02f660" -> null
      - target_key_id  = "cb5366d2-acee-4c9f-8173-b0099c02f660" -> null
        # (1 unchanged attribute hidden)
    }

  # aws_kms_alias.store["projection"] will be destroyed
  - resource "aws_kms_alias" "store" {
      - arn            = "arn:aws:kms:us-east-1:000000000000:alias/cl-32eb22-projection" -> null
      - id             = "alias/cl-32eb22-projection" -> null
      - name           = "alias/cl-32eb22-projection" -> null
      - region         = "us-east-1" -> null
      - target_key_arn = "arn:aws:kms:us-east-1:000000000000:key/5a939a52-572d-4dbe-bce2-db0b6e2b6b66" -> null
      - target_key_id  = "5a939a52-572d-4dbe-bce2-db0b6e2b6b66" -> null
        # (1 unchanged attribute hidden)
    }

  # aws_kms_key.store["audit"] will be destroyed
  - resource "aws_kms_key" "store" {
      - arn                                = "arn:aws:kms:us-east-1:000000000000:key/abbbac08-ad34-4305-bc98-6f694d1d171a" -> null
      - bypass_policy_lockout_safety_check = false -> null
      - customer_master_key_spec           = "SYMMETRIC_DEFAULT" -> null
      - deletion_window_in_days            = 10 -> null
      - description                        = "cl-32eb22-audit" -> null
      - enable_key_rotation                = true -> null
      - id                                 = "abbbac08-ad34-4305-bc98-6f694d1d171a" -> null
      - is_enabled                         = true -> null
      - key_id                             = "abbbac08-ad34-4305-bc98-6f694d1d171a" -> null
      - key_usage                          = "ENCRYPT_DECRYPT" -> null
      - multi_region                       = false -> null
      - policy                             = jsonencode(
            {
              - Statement = [
                  - {
                      - Action    = "kms:*"
                      - Effect    = "Allow"
                      - Principal = {
                          - AWS = "arn:aws:iam::000000000000:root"
                        }
                      - Resource  = "*"
                      - Sid       = "RootAdministration"
                    },
                  - {
                      - Action    = [
                          - "kms:Decrypt",
                          - "kms:GenerateDataKey",
                          - "kms:DescribeKey",
                        ]
                      - Effect    = "Allow"
                      - Principal = {
                          - AWS = [
                              - "arn:aws:iam::000000000000:role/cl-32eb22-archiver",
                            ]
                        }
                      - Resource  = "*"
                      - Sid       = "AuthorizedUsage"
                    },
                  - {
                      - Action    = [
                          - "kms:DisableKey",
                          - "kms:ScheduleKeyDeletion",
                        ]
                      - Effect    = "Deny"
                      - Principal = {
                          - AWS = [
                              - "arn:aws:iam::000000000000:role/cl-32eb22-archiver",
                              - "arn:aws:iam::000000000000:role/cl-32eb22-ecs_execution",
                              - "arn:aws:iam::000000000000:role/cl-32eb22-ecs_task",
                              - "arn:aws:iam::000000000000:role/cl-32eb22-projector",
                              - "arn:aws:iam::000000000000:role/cl-32eb22-relay",
                              - "arn:aws:iam::000000000000:role/cl-32eb22-scheduler",
                            ]
                        }
                      - Resource  = "*"
                      - Sid       = "WorkloadDestructionGuard"
                    },
                  - {
                      - Action    = [
                          - "kms:Decrypt",
                          - "kms:GenerateDataKey",
                        ]
                      - Effect    = "Deny"
                      - Principal = {
                          - AWS = [
                              - "arn:aws:iam::000000000000:role/cl-32eb22-ecs_execution",
                              - "arn:aws:iam::000000000000:role/cl-32eb22-ecs_task",
                              - "arn:aws:iam::000000000000:role/cl-32eb22-projector",
                              - "arn:aws:iam::000000000000:role/cl-32eb22-relay",
                              - "arn:aws:iam::000000000000:role/cl-32eb22-scheduler",
                            ]
                        }
                      - Resource  = "*"
                      - Sid       = "UnauthorizedUsageGuard"
                    },
                ]
              - Version   = "2012-10-17"
            }
        ) -> null
      - region                             = "us-east-1" -> null
      - rotation_period_in_days            = 0 -> null
      - tags                               = {
          - "ClearLedgerKeyUsage" = "audit"
        } -> null
      - tags_all                           = {
          - "ClearLedgerDeployment" = "cl-32eb22"
          - "ClearLedgerKeyUsage"   = "audit"
        } -> null
        # (2 unchanged attributes hidden)
    }

  # aws_kms_key.store["database"] will be destroyed
  - resource "aws_kms_key" "store" {
      - arn                                = "arn:aws:kms:us-east-1:000000000000:key/c4f54840-78fa-4c3e-81d2-45625515fc2c" -> null
      - bypass_policy_lockout_safety_check = false -> null
      - customer_master_key_spec           = "SYMMETRIC_DEFAULT" -> null
      - deletion_window_in_days            = 10 -> null
      - description                        = "cl-32eb22-database" -> null
      - enable_key_rotation                = true -> null
      - id                                 = "c4f54840-78fa-4c3e-81d2-45625515fc2c" -> null
      - is_enabled                         = true -> null
      - key_id                             = "c4f54840-78fa-4c3e-81d2-45625515fc2c" -> null
      - key_usage                          = "ENCRYPT_DECRYPT" -> null
      - multi_region                       = false -> null
      - policy                             = jsonencode(
            {
              - Statement = [
                  - {
                      - Action    = "kms:*"
                      - Effect    = "Allow"
                      - Principal = {
                          - AWS = "arn:aws:iam::000000000000:root"
                        }
                      - Resource  = "*"
                      - Sid       = "RootAdministration"
                    },
                  - {
                      - Action    = [
                          - "kms:Decrypt",
                          - "kms:GenerateDataKey",
                          - "kms:DescribeKey",
                        ]
                      - Effect    = "Allow"
                      - Principal = {
                          - AWS = [
                              - "arn:aws:iam::000000000000:role/cl-32eb22-relay",
                              - "arn:aws:iam::000000000000:role/cl-32eb22-archiver",
                            ]
                        }
                      - Resource  = "*"
                      - Sid       = "AuthorizedUsage"
                    },
                  - {
                      - Action    = [
                          - "kms:DisableKey",
                          - "kms:ScheduleKeyDeletion",
                        ]
                      - Effect    = "Deny"
                      - Principal = {
                          - AWS = [
                              - "arn:aws:iam::000000000000:role/cl-32eb22-archiver",
                              - "arn:aws:iam::000000000000:role/cl-32eb22-ecs_execution",
                              - "arn:aws:iam::000000000000:role/cl-32eb22-ecs_task",
                              - "arn:aws:iam::000000000000:role/cl-32eb22-projector",
                              - "arn:aws:iam::000000000000:role/cl-32eb22-relay",
                              - "arn:aws:iam::000000000000:role/cl-32eb22-scheduler",
                            ]
                        }
                      - Resource  = "*"
                      - Sid       = "WorkloadDestructionGuard"
                    },
                  - {
                      - Action    = [
                          - "kms:Decrypt",
                          - "kms:GenerateDataKey",
                        ]
                      - Effect    = "Deny"
                      - Principal = {
                          - AWS = [
                              - "arn:aws:iam::000000000000:role/cl-32eb22-ecs_execution",
                              - "arn:aws:iam::000000000000:role/cl-32eb22-ecs_task",
                              - "arn:aws:iam::000000000000:role/cl-32eb22-projector",
                              - "arn:aws:iam::000000000000:role/cl-32eb22-scheduler",
                            ]
                        }
                      - Resource  = "*"
                      - Sid       = "UnauthorizedUsageGuard"
                    },
                ]
              - Version   = "2012-10-17"
            }
        ) -> null
      - region                             = "us-east-1" -> null
      - rotation_period_in_days            = 0 -> null
      - tags                               = {
          - "ClearLedgerKeyUsage" = "database"
        } -> null
      - tags_all                           = {
          - "ClearLedgerDeployment" = "cl-32eb22"
          - "ClearLedgerKeyUsage"   = "database"
        } -> null
        # (2 unchanged attributes hidden)
    }

  # aws_kms_key.store["messaging"] will be destroyed
  - resource "aws_kms_key" "store" {
      - arn                                = "arn:aws:kms:us-east-1:000000000000:key/cb5366d2-acee-4c9f-8173-b0099c02f660" -> null
      - bypass_policy_lockout_safety_check = false -> null
      - customer_master_key_spec           = "SYMMETRIC_DEFAULT" -> null
      - deletion_window_in_days            = 10 -> null
      - description                        = "cl-32eb22-messaging" -> null
      - enable_key_rotation                = true -> null
      - id                                 = "cb5366d2-acee-4c9f-8173-b0099c02f660" -> null
      - is_enabled                         = true -> null
      - key_id                             = "cb5366d2-acee-4c9f-8173-b0099c02f660" -> null
      - key_usage                          = "ENCRYPT_DECRYPT" -> null
      - multi_region                       = false -> null
      - policy                             = jsonencode(
            {
              - Statement = [
                  - {
                      - Action    = "kms:*"
                      - Effect    = "Allow"
                      - Principal = {
                          - AWS = "arn:aws:iam::000000000000:root"
                        }
                      - Resource  = "*"
                      - Sid       = "RootAdministration"
                    },
                  - {
                      - Action    = [
                          - "kms:Decrypt",
                          - "kms:GenerateDataKey",
                          - "kms:DescribeKey",
                        ]
                      - Effect    = "Allow"
                      - Principal = {
                          - AWS = [
                              - "arn:aws:iam::000000000000:role/cl-32eb22-ecs_task",
                              - "arn:aws:iam::000000000000:role/cl-32eb22-projector",
                              - "arn:aws:iam::000000000000:role/cl-32eb22-relay",
                            ]
                        }
                      - Resource  = "*"
                      - Sid       = "AuthorizedUsage"
                    },
                  - {
                      - Action    = [
                          - "kms:DisableKey",
                          - "kms:ScheduleKeyDeletion",
                        ]
                      - Effect    = "Deny"
                      - Principal = {
                          - AWS = [
                              - "arn:aws:iam::000000000000:role/cl-32eb22-archiver",
                              - "arn:aws:iam::000000000000:role/cl-32eb22-ecs_execution",
                              - "arn:aws:iam::000000000000:role/cl-32eb22-ecs_task",
                              - "arn:aws:iam::000000000000:role/cl-32eb22-projector",
                              - "arn:aws:iam::000000000000:role/cl-32eb22-relay",
                              - "arn:aws:iam::000000000000:role/cl-32eb22-scheduler",
                            ]
                        }
                      - Resource  = "*"
                      - Sid       = "WorkloadDestructionGuard"
                    },
                  - {
                      - Action    = [
                          - "kms:Decrypt",
                          - "kms:GenerateDataKey",
                        ]
                      - Effect    = "Deny"
                      - Principal = {
                          - AWS = [
                              - "arn:aws:iam::000000000000:role/cl-32eb22-archiver",
                              - "arn:aws:iam::000000000000:role/cl-32eb22-ecs_execution",
                              - "arn:aws:iam::000000000000:role/cl-32eb22-scheduler",
                            ]
                        }
                      - Resource  = "*"
                      - Sid       = "UnauthorizedUsageGuard"
                    },
                ]
              - Version   = "2012-10-17"
            }
        ) -> null
      - region                             = "us-east-1" -> null
      - rotation_period_in_days            = 0 -> null
      - tags                               = {
          - "ClearLedgerKeyUsage" = "messaging"
        } -> null
      - tags_all                           = {
          - "ClearLedgerDeployment" = "cl-32eb22"
          - "ClearLedgerKeyUsage"   = "messaging"
        } -> null
        # (2 unchanged attributes hidden)
    }

  # aws_kms_key.store["projection"] will be destroyed
  - resource "aws_kms_key" "store" {
      - arn                                = "arn:aws:kms:us-east-1:000000000000:key/5a939a52-572d-4dbe-bce2-db0b6e2b6b66" -> null
      - bypass_policy_lockout_safety_check = false -> null
      - customer_master_key_spec           = "SYMMETRIC_DEFAULT" -> null
      - deletion_window_in_days            = 10 -> null
      - description                        = "cl-32eb22-projection" -> null
      - enable_key_rotation                = true -> null
      - id                                 = "5a939a52-572d-4dbe-bce2-db0b6e2b6b66" -> null
      - is_enabled                         = true -> null
      - key_id                             = "5a939a52-572d-4dbe-bce2-db0b6e2b6b66" -> null
      - key_usage                          = "ENCRYPT_DECRYPT" -> null
      - multi_region                       = false -> null
      - policy                             = jsonencode(
            {
              - Statement = [
                  - {
                      - Action    = "kms:*"
                      - Effect    = "Allow"
                      - Principal = {
                          - AWS = "arn:aws:iam::000000000000:root"
                        }
                      - Resource  = "*"
                      - Sid       = "RootAdministration"
                    },
                  - {
                      - Action    = [
                          - "kms:Decrypt",
                          - "kms:GenerateDataKey",
                          - "kms:DescribeKey",
                        ]
                      - Effect    = "Allow"
                      - Principal = {
                          - AWS = [
                              - "arn:aws:iam::000000000000:role/cl-32eb22-ecs_task",
                              - "arn:aws:iam::000000000000:role/cl-32eb22-projector",
                            ]
                        }
                      - Resource  = "*"
                      - Sid       = "AuthorizedUsage"
                    },
                  - {
                      - Action    = [
                          - "kms:DisableKey",
                          - "kms:ScheduleKeyDeletion",
                        ]
                      - Effect    = "Deny"
                      - Principal = {
                          - AWS = [
                              - "arn:aws:iam::000000000000:role/cl-32eb22-archiver",
                              - "arn:aws:iam::000000000000:role/cl-32eb22-ecs_execution",
                              - "arn:aws:iam::000000000000:role/cl-32eb22-ecs_task",
                              - "arn:aws:iam::000000000000:role/cl-32eb22-projector",
                              - "arn:aws:iam::000000000000:role/cl-32eb22-relay",
                              - "arn:aws:iam::000000000000:role/cl-32eb22-scheduler",
                            ]
                        }
                      - Resource  = "*"
                      - Sid       = "WorkloadDestructionGuard"
                    },
                  - {
                      - Action    = [
                          - "kms:Decrypt",
                          - "kms:GenerateDataKey",
                        ]
                      - Effect    = "Deny"
                      - Principal = {
                          - AWS = [
                              - "arn:aws:iam::000000000000:role/cl-32eb22-archiver",
                              - "arn:aws:iam::000000000000:role/cl-32eb22-ecs_execution",
                              - "arn:aws:iam::000000000000:role/cl-32eb22-relay",
                              - "arn:aws:iam::000000000000:role/cl-32eb22-scheduler",
                            ]
                        }
                      - Resource  = "*"
                      - Sid       = "UnauthorizedUsageGuard"
                    },
                ]
              - Version   = "2012-10-17"
            }
        ) -> null
      - region                             = "us-east-1" -> null
      - rotation_period_in_days            = 0 -> null
      - tags                               = {
          - "ClearLedgerKeyUsage" = "projection"
        } -> null
      - tags_all                           = {
          - "ClearLedgerDeployment" = "cl-32eb22"
          - "ClearLedgerKeyUsage"   = "projection"
        } -> null
        # (2 unchanged attributes hidden)
    }

  # aws_lambda_function.worker["archiver"] will be destroyed
  - resource "aws_lambda_function" "worker" {
      - architectures                  = [
          - "x86_64",
        ] -> null
      - arn                            = "arn:aws:lambda:us-east-1:000000000000:function:cl-32eb22-archiver" -> null
      - function_name                  = "cl-32eb22-archiver" -> null
      - id                             = "cl-32eb22-archiver" -> null
      - image_uri                      = "clearledger/archiver:1.0.0" -> null
      - invoke_arn                     = "arn:aws:apigateway:us-east-1:lambda:path/2015-03-31/functions/arn:aws:lambda:us-east-1:000000000000:function:cl-32eb22-archiver/invocations" -> null
      - last_modified                  = "2026-10-10T20:14:46.845+0000" -> null
      - layers                         = [] -> null
      - memory_size                    = 256 -> null
      - package_type                   = "Image" -> null
      - publish                        = false -> null
      - qualified_arn                  = "arn:aws:lambda:us-east-1:000000000000:function:cl-32eb22-archiver" -> null
      - qualified_invoke_arn           = "arn:aws:apigateway:us-east-1:lambda:path/2015-03-31/functions/arn:aws:lambda:us-east-1:000000000000:function:cl-32eb22-archiver/invocations" -> null
      - region                         = "us-east-1" -> null
      - reserved_concurrent_executions = -1 -> null
      - response_streaming_invoke_arn  = "arn:aws:apigateway:us-east-1:lambda:path/2021-11-15/functions/arn:aws:lambda:us-east-1:000000000000:function:cl-32eb22-archiver/response-streaming-invocations" -> null
      - role                           = "arn:aws:iam::000000000000:role/cl-32eb22-archiver" -> null
      - skip_destroy                   = false -> null
      - source_code_size               = 0 -> null
      - tags                           = {} -> null
      - tags_all                       = {
          - "ClearLedgerDeployment" = "cl-32eb22"
        } -> null
      - timeout                        = 3 -> null
      - version                        = "$LATEST" -> null
        # (10 unchanged attributes hidden)

      - environment {
          - variables = {
              - "AUDIT_BUCKET"          = "cl-32eb22-audit"
              - "AUDIT_PREFIX"          = "ledger-audit/"
              - "AWS_ACCESS_KEY_ID"     = "test"
              - "AWS_DEFAULT_REGION"    = "us-east-1"
              - "AWS_ENDPOINT_URL"      = "http://aws:4566"
              - "AWS_REGION"            = "us-east-1"
              - "AWS_SECRET_ACCESS_KEY" = "test"
              - "CLOUDWATCH_LOG_GROUP"  = "/clearledger/cl-32eb22/audit-archiver"
              - "DATABASE_URL"          = (sensitive value)
            } -> null
        }

      - ephemeral_storage {
          - size = 512 -> null
        }

      - image_config {
          - command           = [] -> null
          - entry_point       = [] -> null
            # (1 unchanged attribute hidden)
        }

      - logging_config {
          - log_format            = "Text" -> null
          - log_group             = "/aws/lambda/cl-32eb22-archiver" -> null
            # (2 unchanged attributes hidden)
        }

      - tracing_config {
          - mode = "PassThrough" -> null
        }
    }

  # aws_lambda_function.worker["projector"] will be destroyed
  - resource "aws_lambda_function" "worker" {
      - architectures                  = [
          - "x86_64",
        ] -> null
      - arn                            = "arn:aws:lambda:us-east-1:000000000000:function:cl-32eb22-projector" -> null
      - function_name                  = "cl-32eb22-projector" -> null
      - id                             = "cl-32eb22-projector" -> null
      - image_uri                      = "clearledger/projector:1.0.0" -> null
      - invoke_arn                     = "arn:aws:apigateway:us-east-1:lambda:path/2015-03-31/functions/arn:aws:lambda:us-east-1:000000000000:function:cl-32eb22-projector/invocations" -> null
      - last_modified                  = "2026-10-10T20:14:46.846+0000" -> null
      - layers                         = [] -> null
      - memory_size                    = 256 -> null
      - package_type                   = "Image" -> null
      - publish                        = false -> null
      - qualified_arn                  = "arn:aws:lambda:us-east-1:000000000000:function:cl-32eb22-projector" -> null
      - qualified_invoke_arn           = "arn:aws:apigateway:us-east-1:lambda:path/2015-03-31/functions/arn:aws:lambda:us-east-1:000000000000:function:cl-32eb22-projector/invocations" -> null
      - region                         = "us-east-1" -> null
      - reserved_concurrent_executions = -1 -> null
      - response_streaming_invoke_arn  = "arn:aws:apigateway:us-east-1:lambda:path/2021-11-15/functions/arn:aws:lambda:us-east-1:000000000000:function:cl-32eb22-projector/response-streaming-invocations" -> null
      - role                           = "arn:aws:iam::000000000000:role/cl-32eb22-projector" -> null
      - skip_destroy                   = false -> null
      - source_code_size               = 0 -> null
      - tags                           = {} -> null
      - tags_all                       = {
          - "ClearLedgerDeployment" = "cl-32eb22"
        } -> null
      - timeout                        = 3 -> null
      - version                        = "$LATEST" -> null
        # (10 unchanged attributes hidden)

      - environment {
          - variables = {
              - "AWS_ACCESS_KEY_ID"     = "test"
              - "AWS_DEFAULT_REGION"    = "us-east-1"
              - "AWS_ENDPOINT_URL"      = "http://aws:4566"
              - "AWS_REGION"            = "us-east-1"
              - "AWS_SECRET_ACCESS_KEY" = "test"
              - "CLOUDWATCH_LOG_GROUP"  = "/clearledger/cl-32eb22/projector"
              - "PROJECTION_TABLE"      = "cl-32eb22-projections"
              - "VALKEY_URL"            = "redis://aws:6379"
            } -> null
        }

      - ephemeral_storage {
          - size = 512 -> null
        }

      - image_config {
          - command           = [] -> null
          - entry_point       = [] -> null
            # (1 unchanged attribute hidden)
        }

      - logging_config {
          - log_format            = "Text" -> null
          - log_group             = "/aws/lambda/cl-32eb22-projector" -> null
            # (2 unchanged attributes hidden)
        }

      - tracing_config {
          - mode = "PassThrough" -> null
        }
    }

  # aws_lambda_function.worker["relay"] will be destroyed
  - resource "aws_lambda_function" "worker" {
      - architectures                  = [
          - "x86_64",
        ] -> null
      - arn                            = "arn:aws:lambda:us-east-1:000000000000:function:cl-32eb22-relay" -> null
      - function_name                  = "cl-32eb22-relay" -> null
      - id                             = "cl-32eb22-relay" -> null
      - image_uri                      = "clearledger/relay:1.0.0" -> null
      - invoke_arn                     = "arn:aws:apigateway:us-east-1:lambda:path/2015-03-31/functions/arn:aws:lambda:us-east-1:000000000000:function:cl-32eb22-relay/invocations" -> null
      - last_modified                  = "2026-10-10T20:14:46.845+0000" -> null
      - layers                         = [] -> null
      - memory_size                    = 256 -> null
      - package_type                   = "Image" -> null
      - publish                        = false -> null
      - qualified_arn                  = "arn:aws:lambda:us-east-1:000000000000:function:cl-32eb22-relay" -> null
      - qualified_invoke_arn           = "arn:aws:apigateway:us-east-1:lambda:path/2015-03-31/functions/arn:aws:lambda:us-east-1:000000000000:function:cl-32eb22-relay/invocations" -> null
      - region                         = "us-east-1" -> null
      - reserved_concurrent_executions = -1 -> null
      - response_streaming_invoke_arn  = "arn:aws:apigateway:us-east-1:lambda:path/2021-11-15/functions/arn:aws:lambda:us-east-1:000000000000:function:cl-32eb22-relay/response-streaming-invocations" -> null
      - role                           = "arn:aws:iam::000000000000:role/cl-32eb22-relay" -> null
      - skip_destroy                   = false -> null
      - source_code_size               = 0 -> null
      - tags                           = {} -> null
      - tags_all                       = {
          - "ClearLedgerDeployment" = "cl-32eb22"
        } -> null
      - timeout                        = 3 -> null
      - version                        = "$LATEST" -> null
        # (10 unchanged attributes hidden)

      - environment {
          - variables = {
              - "AWS_ACCESS_KEY_ID"     = "test"
              - "AWS_DEFAULT_REGION"    = "us-east-1"
              - "AWS_ENDPOINT_URL"      = "http://aws:4566"
              - "AWS_REGION"            = "us-east-1"
              - "AWS_SECRET_ACCESS_KEY" = "test"
              - "CLOUDWATCH_LOG_GROUP"  = "/clearledger/cl-32eb22/outbox-relay"
              - "DATABASE_URL"          = (sensitive value)
              - "OUTBOX_BATCH_SIZE"     = "50"
              - "SQS_QUEUE_URL"         = "http://aws:4566/000000000000/cl-32eb22-events"
            } -> null
        }

      - ephemeral_storage {
          - size = 512 -> null
        }

      - image_config {
          - command           = [] -> null
          - entry_point       = [] -> null
            # (1 unchanged attribute hidden)
        }

      - logging_config {
          - log_format            = "Text" -> null
          - log_group             = "/aws/lambda/cl-32eb22-relay" -> null
            # (2 unchanged attributes hidden)
        }

      - tracing_config {
          - mode = "PassThrough" -> null
        }
    }

  # aws_lb.api will be destroyed
  - resource "aws_lb" "api" {
      - arn                                                          = "arn:aws:elasticloadbalancing:us-east-1:000000000000:loadbalancer/app/cl-32eb22-alb/763889a6ce90493b" -> null
      - arn_suffix                                                   = "app/cl-32eb22-alb/763889a6ce90493b" -> null
      - client_keep_alive                                            = 3600 -> null
      - desync_mitigation_mode                                       = "defensive" -> null
      - dns_name                                                     = "cl-32eb22-alb-763889a6ce90493b.elb.aws" -> null
      - drop_invalid_header_fields                                   = false -> null
      - enable_cross_zone_load_balancing                             = true -> null
      - enable_deletion_protection                                   = false -> null
      - enable_http2                                                 = true -> null
      - enable_tls_version_and_cipher_suite_headers                  = false -> null
      - enable_waf_fail_open                                         = false -> null
      - enable_xff_client_port                                       = false -> null
      - enable_zonal_shift                                           = false -> null
      - id                                                           = "arn:aws:elasticloadbalancing:us-east-1:000000000000:loadbalancer/app/cl-32eb22-alb/763889a6ce90493b" -> null
      - idle_timeout                                                 = 60 -> null
      - internal                                                     = false -> null
      - ip_address_type                                              = "ipv4" -> null
      - load_balancer_type                                           = "application" -> null
      - name                                                         = "cl-32eb22-alb" -> null
      - preserve_host_header                                         = false -> null
      - region                                                       = "us-east-1" -> null
      - security_groups                                              = [
          - "sg-09fb8c30d95fb2ac3",
        ] -> null
      - subnets                                                      = [
          - "subnet-0c1d11e8",
          - "subnet-a69e9133",
        ] -> null
      - tags                                                         = {} -> null
      - tags_all                                                     = {
          - "ClearLedgerDeployment" = "cl-32eb22"
        } -> null
      - vpc_id                                                       = "vpc-1cf64edf" -> null
      - xff_header_processing_mode                                   = "append" -> null
      - zone_id                                                      = "Z35SXDOTRQ7X7K" -> null
        # (4 unchanged attributes hidden)

      - access_logs {
          - enabled = false -> null
            # (2 unchanged attributes hidden)
        }

      - connection_logs {
          - enabled = false -> null
            # (2 unchanged attributes hidden)
        }

      - health_check_logs {
          - enabled = false -> null
            # (2 unchanged attributes hidden)
        }

      - subnet_mapping {
          - subnet_id            = "subnet-0c1d11e8" -> null
            # (4 unchanged attributes hidden)
        }
      - subnet_mapping {
          - subnet_id            = "subnet-a69e9133" -> null
            # (4 unchanged attributes hidden)
        }
    }

  # aws_lb_listener.api will be destroyed
  - resource "aws_lb_listener" "api" {
      - arn               = "arn:aws:elasticloadbalancing:us-east-1:000000000000:listener/app/cl-32eb22-alb/763889a6ce90493b/a8f8db681866441e" -> null
      - id                = "arn:aws:elasticloadbalancing:us-east-1:000000000000:listener/app/cl-32eb22-alb/763889a6ce90493b/a8f8db681866441e" -> null
      - load_balancer_arn = "arn:aws:elasticloadbalancing:us-east-1:000000000000:loadbalancer/app/cl-32eb22-alb/763889a6ce90493b" -> null
      - port              = 80 -> null
      - protocol          = "HTTP" -> null
      - region            = "us-east-1" -> null
      - tags              = {} -> null
      - tags_all          = {
          - "ClearLedgerDeployment" = "cl-32eb22"
        } -> null
        # (1 unchanged attribute hidden)

      - default_action {
          - order            = 1 -> null
          - target_group_arn = "arn:aws:elasticloadbalancing:us-east-1:000000000000:targetgroup/cl-32eb22-api/3d29c4413234447e" -> null
          - type             = "forward" -> null
        }
    }

  # aws_lb_target_group.api will be destroyed
  - resource "aws_lb_target_group" "api" {
      - arn                                = "arn:aws:elasticloadbalancing:us-east-1:000000000000:targetgroup/cl-32eb22-api/3d29c4413234447e" -> null
      - arn_suffix                         = "targetgroup/cl-32eb22-api/3d29c4413234447e" -> null
      - deregistration_delay               = "5" -> null
      - id                                 = "arn:aws:elasticloadbalancing:us-east-1:000000000000:targetgroup/cl-32eb22-api/3d29c4413234447e" -> null
      - ip_address_type                    = "ipv4" -> null
      - lambda_multi_value_headers_enabled = false -> null
      - load_balancer_arns                 = [
          - "arn:aws:elasticloadbalancing:us-east-1:000000000000:loadbalancer/app/cl-32eb22-alb/763889a6ce90493b",
        ] -> null
      - load_balancing_algorithm_type      = "round_robin" -> null
      - load_balancing_cross_zone_enabled  = "use_load_balancer_configuration" -> null
      - name                               = "cl-32eb22-api" -> null
      - port                               = 8080 -> null
      - protocol                           = "HTTP" -> null
      - proxy_protocol_v2                  = false -> null
      - region                             = "us-east-1" -> null
      - slow_start                         = 0 -> null
      - tags                               = {} -> null
      - tags_all                           = {
          - "ClearLedgerDeployment" = "cl-32eb22"
        } -> null
      - target_control_port                = 0 -> null
      - target_type                        = "ip" -> null
      - vpc_id                             = "vpc-1cf64edf" -> null
        # (2 unchanged attributes hidden)

      - health_check {
          - enabled             = true -> null
          - healthy_threshold   = 2 -> null
          - interval            = 5 -> null
          - matcher             = "200" -> null
          - path                = "/health/ready" -> null
          - port                = "traffic-port" -> null
          - protocol            = "HTTP" -> null
          - timeout             = 2 -> null
          - unhealthy_threshold = 3 -> null
        }

      - stickiness {
          - cookie_duration = 86400 -> null
          - enabled         = false -> null
          - type            = "lb_cookie" -> null
            # (1 unchanged attribute hidden)
        }

      - target_failover {}

      - target_group_health {
          - dns_failover {}
          - unhealthy_state_routing {}
        }

      - target_health_state {}
    }

  # aws_route_table.private will be destroyed
  - resource "aws_route_table" "private" {
      - arn              = "arn:aws:ec2:us-east-1:000000000000:route-table/rtb-af3d6435" -> null
      - id               = "rtb-af3d6435" -> null
      - owner_id         = "000000000000" -> null
      - propagating_vgws = [] -> null
      - region           = "us-east-1" -> null
      - route            = [] -> null
      - tags             = {
          - "Name" = "cl-32eb22-private"
        } -> null
      - tags_all         = {
          - "ClearLedgerDeployment" = "cl-32eb22"
          - "Name"                  = "cl-32eb22-private"
        } -> null
      - vpc_id           = "vpc-1cf64edf" -> null
    }

  # aws_route_table.public will be destroyed
  - resource "aws_route_table" "public" {
      - arn              = "arn:aws:ec2:us-east-1:000000000000:route-table/rtb-c774b4b1" -> null
      - id               = "rtb-c774b4b1" -> null
      - owner_id         = "000000000000" -> null
      - propagating_vgws = [] -> null
      - region           = "us-east-1" -> null
      - route            = [
          - {
              - cidr_block                 = "0.0.0.0/0"
              - gateway_id                 = "igw-738d1bbc"
                # (12 unchanged attributes hidden)
            },
        ] -> null
      - tags             = {
          - "Name" = "cl-32eb22-public"
        } -> null
      - tags_all         = {
          - "ClearLedgerDeployment" = "cl-32eb22"
          - "Name"                  = "cl-32eb22-public"
        } -> null
      - vpc_id           = "vpc-1cf64edf" -> null
    }

  # aws_route_table_association.private[0] will be destroyed
  - resource "aws_route_table_association" "private" {
      - id             = "rtbassoc-824771e8" -> null
      - region         = "us-east-1" -> null
      - route_table_id = "rtb-af3d6435" -> null
      - subnet_id      = "subnet-cee97d80" -> null
        # (1 unchanged attribute hidden)
    }

  # aws_route_table_association.private[1] will be destroyed
  - resource "aws_route_table_association" "private" {
      - id             = "rtbassoc-9eac4d71" -> null
      - region         = "us-east-1" -> null
      - route_table_id = "rtb-af3d6435" -> null
      - subnet_id      = "subnet-2bfcd887" -> null
        # (1 unchanged attribute hidden)
    }

  # aws_route_table_association.public[0] will be destroyed
  - resource "aws_route_table_association" "public" {
      - id             = "rtbassoc-95255df0" -> null
      - region         = "us-east-1" -> null
      - route_table_id = "rtb-c774b4b1" -> null
      - subnet_id      = "subnet-0c1d11e8" -> null
        # (1 unchanged attribute hidden)
    }

  # aws_route_table_association.public[1] will be destroyed
  - resource "aws_route_table_association" "public" {
      - id             = "rtbassoc-72680bc4" -> null
      - region         = "us-east-1" -> null
      - route_table_id = "rtb-c774b4b1" -> null
      - subnet_id      = "subnet-a69e9133" -> null
        # (1 unchanged attribute hidden)
    }

  # aws_s3_bucket.audit will be destroyed
  - resource "aws_s3_bucket" "audit" {
      - arn                         = "arn:aws:s3:::cl-32eb22-audit" -> null
      - bucket                      = "cl-32eb22-audit" -> null
      - bucket_domain_name          = "cl-32eb22-audit.s3.amazonaws.com" -> null
      - bucket_namespace            = "global" -> null
      - bucket_region               = "us-east-1" -> null
      - bucket_regional_domain_name = "cl-32eb22-audit.s3.us-east-1.amazonaws.com" -> null
      - force_destroy               = true -> null
      - hosted_zone_id              = "Z3AQBSTGFYJSTF" -> null
      - id                          = "cl-32eb22-audit" -> null
      - object_lock_enabled         = false -> null
      - policy                      = jsonencode(
            {
              - Statement = [
                  - {
                      - Action    = [
                          - "s3:PutObject",
                          - "s3:GetObject",
                          - "s3:AbortMultipartUpload",
                        ]
                      - Effect    = "Allow"
                      - Principal = {
                          - AWS = "arn:aws:iam::000000000000:role/cl-32eb22-archiver"
                        }
                      - Resource  = "arn:aws:s3:::cl-32eb22-audit/ledger-audit/*"
                    },
                  - {
                      - Action    = [
                          - "s3:ListBucket",
                          - "s3:GetBucketLocation",
                        ]
                      - Effect    = "Allow"
                      - Principal = {
                          - AWS = "arn:aws:iam::000000000000:role/cl-32eb22-archiver"
                        }
                      - Resource  = "arn:aws:s3:::cl-32eb22-audit"
                    },
                  - {
                      - Action    = [
                          - "s3:DeleteObject",
                          - "s3:DeleteObjectVersion",
                        ]
                      - Effect    = "Deny"
                      - Principal = {
                          - AWS = [
                              - "arn:aws:iam::000000000000:role/cl-32eb22-archiver",
                              - "arn:aws:iam::000000000000:role/cl-32eb22-ecs_execution",
                              - "arn:aws:iam::000000000000:role/cl-32eb22-ecs_task",
                              - "arn:aws:iam::000000000000:role/cl-32eb22-projector",
                              - "arn:aws:iam::000000000000:role/cl-32eb22-relay",
                              - "arn:aws:iam::000000000000:role/cl-32eb22-scheduler",
                            ]
                        }
                      - Resource  = [
                          - "arn:aws:s3:::cl-32eb22-audit",
                          - "arn:aws:s3:::cl-32eb22-audit/*",
                        ]
                    },
                  - {
                      - Action    = "s3:PutObject"
                      - Effect    = "Deny"
                      - Principal = {
                          - AWS = [
                              - "arn:aws:iam::000000000000:role/cl-32eb22-ecs_execution",
                              - "arn:aws:iam::000000000000:role/cl-32eb22-ecs_task",
                              - "arn:aws:iam::000000000000:role/cl-32eb22-projector",
                              - "arn:aws:iam::000000000000:role/cl-32eb22-relay",
                              - "arn:aws:iam::000000000000:role/cl-32eb22-scheduler",
                            ]
                        }
                      - Resource  = [
                          - "arn:aws:s3:::cl-32eb22-audit",
                          - "arn:aws:s3:::cl-32eb22-audit/*",
                        ]
                    },
                ]
              - Version   = "2012-10-17"
            }
        ) -> null
      - region                      = "us-east-1" -> null
      - request_payer               = "BucketOwner" -> null
      - tags                        = {} -> null
      - tags_all                    = {
          - "ClearLedgerDeployment" = "cl-32eb22"
        } -> null
        # (2 unchanged attributes hidden)

      - grant {
          - id          = "000000000000" -> null
          - permissions = [
              - "FULL_CONTROL",
            ] -> null
          - type        = "CanonicalUser" -> null
            # (1 unchanged attribute hidden)
        }

      - server_side_encryption_configuration {
          - rule {
              - bucket_key_enabled = false -> null

              - apply_server_side_encryption_by_default {
                  - kms_master_key_id = "arn:aws:kms:us-east-1:000000000000:key/abbbac08-ad34-4305-bc98-6f694d1d171a" -> null
                  - sse_algorithm     = "aws:kms" -> null
                }
            }
        }

      - versioning {
          - enabled    = true -> null
          - mfa_delete = false -> null
        }
    }

  # aws_s3_bucket_policy.audit will be destroyed
  - resource "aws_s3_bucket_policy" "audit" {
      - bucket = "cl-32eb22-audit" -> null
      - id     = "cl-32eb22-audit" -> null
      - policy = jsonencode(
            {
              - Statement = [
                  - {
                      - Action    = [
                          - "s3:PutObject",
                          - "s3:GetObject",
                          - "s3:AbortMultipartUpload",
                        ]
                      - Effect    = "Allow"
                      - Principal = {
                          - AWS = "arn:aws:iam::000000000000:role/cl-32eb22-archiver"
                        }
                      - Resource  = "arn:aws:s3:::cl-32eb22-audit/ledger-audit/*"
                    },
                  - {
                      - Action    = [
                          - "s3:ListBucket",
                          - "s3:GetBucketLocation",
                        ]
                      - Effect    = "Allow"
                      - Principal = {
                          - AWS = "arn:aws:iam::000000000000:role/cl-32eb22-archiver"
                        }
                      - Resource  = "arn:aws:s3:::cl-32eb22-audit"
                    },
                  - {
                      - Action    = [
                          - "s3:DeleteObject",
                          - "s3:DeleteObjectVersion",
                        ]
                      - Effect    = "Deny"
                      - Principal = {
                          - AWS = [
                              - "arn:aws:iam::000000000000:role/cl-32eb22-archiver",
                              - "arn:aws:iam::000000000000:role/cl-32eb22-ecs_execution",
                              - "arn:aws:iam::000000000000:role/cl-32eb22-ecs_task",
                              - "arn:aws:iam::000000000000:role/cl-32eb22-projector",
                              - "arn:aws:iam::000000000000:role/cl-32eb22-relay",
                              - "arn:aws:iam::000000000000:role/cl-32eb22-scheduler",
                            ]
                        }
                      - Resource  = [
                          - "arn:aws:s3:::cl-32eb22-audit",
                          - "arn:aws:s3:::cl-32eb22-audit/*",
                        ]
                    },
                  - {
                      - Action    = "s3:PutObject"
                      - Effect    = "Deny"
                      - Principal = {
                          - AWS = [
                              - "arn:aws:iam::000000000000:role/cl-32eb22-ecs_execution",
                              - "arn:aws:iam::000000000000:role/cl-32eb22-ecs_task",
                              - "arn:aws:iam::000000000000:role/cl-32eb22-projector",
                              - "arn:aws:iam::000000000000:role/cl-32eb22-relay",
                              - "arn:aws:iam::000000000000:role/cl-32eb22-scheduler",
                            ]
                        }
                      - Resource  = [
                          - "arn:aws:s3:::cl-32eb22-audit",
                          - "arn:aws:s3:::cl-32eb22-audit/*",
                        ]
                    },
                ]
              - Version   = "2012-10-17"
            }
        ) -> null
      - region = "us-east-1" -> null
    }

  # aws_s3_bucket_public_access_block.audit will be destroyed
  - resource "aws_s3_bucket_public_access_block" "audit" {
      - block_public_acls       = true -> null
      - block_public_policy     = true -> null
      - bucket                  = "cl-32eb22-audit" -> null
      - id                      = "cl-32eb22-audit" -> null
      - ignore_public_acls      = true -> null
      - region                  = "us-east-1" -> null
      - restrict_public_buckets = true -> null
    }

  # aws_s3_bucket_server_side_encryption_configuration.audit will be destroyed
  - resource "aws_s3_bucket_server_side_encryption_configuration" "audit" {
      - bucket                = "cl-32eb22-audit" -> null
      - id                    = "cl-32eb22-audit" -> null
      - region                = "us-east-1" -> null
        # (1 unchanged attribute hidden)

      - rule {
          - blocked_encryption_types = [] -> null
          - bucket_key_enabled       = false -> null

          - apply_server_side_encryption_by_default {
              - kms_master_key_id = "arn:aws:kms:us-east-1:000000000000:key/abbbac08-ad34-4305-bc98-6f694d1d171a" -> null
              - sse_algorithm     = "aws:kms" -> null
            }
        }
    }

  # aws_s3_bucket_versioning.audit will be destroyed
  - resource "aws_s3_bucket_versioning" "audit" {
      - bucket                = "cl-32eb22-audit" -> null
      - id                    = "cl-32eb22-audit" -> null
      - region                = "us-east-1" -> null
        # (1 unchanged attribute hidden)

      - versioning_configuration {
          - mfa_delete = "Disabled" -> null
          - status     = "Enabled" -> null
        }
    }

  # aws_scheduler_schedule.worker["archiver"] will be destroyed
  - resource "aws_scheduler_schedule" "worker" {
      - arn                          = "arn:aws:scheduler:us-east-1:000000000000:schedule/default/cl-32eb22-archiver" -> null
      - group_name                   = "default" -> null
      - id                           = "default/cl-32eb22-archiver" -> null
      - name                         = "cl-32eb22-archiver" -> null
      - region                       = "us-east-1" -> null
      - schedule_expression          = "rate(5 minutes)" -> null
      - schedule_expression_timezone = "UTC" -> null
      - state                        = "DISABLED" -> null
        # (6 unchanged attributes hidden)

      - flexible_time_window {
          - maximum_window_in_minutes = 0 -> null
          - mode                      = "OFF" -> null
        }

      - target {
          - arn      = "arn:aws:lambda:us-east-1:000000000000:function:cl-32eb22-archiver" -> null
          - input    = jsonencode({})
          - role_arn = "arn:aws:iam::000000000000:role/cl-32eb22-scheduler" -> null
        }
    }

  # aws_scheduler_schedule.worker["relay"] will be destroyed
  - resource "aws_scheduler_schedule" "worker" {
      - arn                          = "arn:aws:scheduler:us-east-1:000000000000:schedule/default/cl-32eb22-relay" -> null
      - group_name                   = "default" -> null
      - id                           = "default/cl-32eb22-relay" -> null
      - name                         = "cl-32eb22-relay" -> null
      - region                       = "us-east-1" -> null
      - schedule_expression          = "rate(1 minute)" -> null
      - schedule_expression_timezone = "UTC" -> null
      - state                        = "DISABLED" -> null
        # (6 unchanged attributes hidden)

      - flexible_time_window {
          - maximum_window_in_minutes = 0 -> null
          - mode                      = "OFF" -> null
        }

      - target {
          - arn      = "arn:aws:lambda:us-east-1:000000000000:function:cl-32eb22-relay" -> null
          - input    = jsonencode({})
          - role_arn = "arn:aws:iam::000000000000:role/cl-32eb22-scheduler" -> null
        }
    }

  # aws_security_group.alb will be destroyed
  - resource "aws_security_group" "alb" {
      - arn                    = "arn:aws:ec2:us-east-1:000000000000:security-group/sg-09fb8c30d95fb2ac3" -> null
      - description            = "Managed by Terraform" -> null
      - egress                 = [
          - {
              - cidr_blocks      = [
                  - "10.42.0.0/16",
                ]
              - from_port        = 8080
              - ipv6_cidr_blocks = []
              - prefix_list_ids  = []
              - protocol         = "tcp"
              - security_groups  = []
              - self             = false
              - to_port          = 8080
                # (1 unchanged attribute hidden)
            },
        ] -> null
      - id                     = "sg-09fb8c30d95fb2ac3" -> null
      - ingress                = [
          - {
              - cidr_blocks      = [
                  - "0.0.0.0/0",
                ]
              - from_port        = 80
              - ipv6_cidr_blocks = []
              - prefix_list_ids  = []
              - protocol         = "tcp"
              - security_groups  = []
              - self             = false
              - to_port          = 80
                # (1 unchanged attribute hidden)
            },
        ] -> null
      - name                   = "cl-32eb22-alb" -> null
      - owner_id               = "000000000000" -> null
      - region                 = "us-east-1" -> null
      - revoke_rules_on_delete = false -> null
      - tags                   = {} -> null
      - tags_all               = {
          - "ClearLedgerDeployment" = "cl-32eb22"
        } -> null
      - vpc_id                 = "vpc-1cf64edf" -> null
        # (1 unchanged attribute hidden)
    }

  # aws_security_group.ecs will be destroyed
  - resource "aws_security_group" "ecs" {
      - arn                    = "arn:aws:ec2:us-east-1:000000000000:security-group/sg-b34e6172f410f3c84" -> null
      - description            = "Managed by Terraform" -> null
      - egress                 = [
          - {
              - cidr_blocks      = [
                  - "0.0.0.0/0",
                ]
              - from_port        = 0
              - ipv6_cidr_blocks = []
              - prefix_list_ids  = []
              - protocol         = "-1"
              - security_groups  = []
              - self             = false
              - to_port          = 0
                # (1 unchanged attribute hidden)
            },
        ] -> null
      - id                     = "sg-b34e6172f410f3c84" -> null
      - ingress                = [
          - {
              - cidr_blocks      = []
              - from_port        = 8080
              - ipv6_cidr_blocks = []
              - prefix_list_ids  = []
              - protocol         = "tcp"
              - security_groups  = [
                  - "sg-09fb8c30d95fb2ac3",
                ]
              - self             = false
              - to_port          = 8080
                # (1 unchanged attribute hidden)
            },
        ] -> null
      - name                   = "cl-32eb22-ecs" -> null
      - owner_id               = "000000000000" -> null
      - region                 = "us-east-1" -> null
      - revoke_rules_on_delete = false -> null
      - tags                   = {} -> null
      - tags_all               = {
          - "ClearLedgerDeployment" = "cl-32eb22"
        } -> null
      - vpc_id                 = "vpc-1cf64edf" -> null
        # (1 unchanged attribute hidden)
    }

  # aws_security_group.rds will be destroyed
  - resource "aws_security_group" "rds" {
      - arn                    = "arn:aws:ec2:us-east-1:000000000000:security-group/sg-a805a037bef1012f2" -> null
      - description            = "Managed by Terraform" -> null
      - egress                 = [] -> null
      - id                     = "sg-a805a037bef1012f2" -> null
      - ingress                = [
          - {
              - cidr_blocks      = [
                  - "10.42.0.0/16",
                ]
              - from_port        = 5432
              - ipv6_cidr_blocks = []
              - prefix_list_ids  = []
              - protocol         = "tcp"
              - security_groups  = []
              - self             = false
              - to_port          = 5432
                # (1 unchanged attribute hidden)
            },
        ] -> null
      - name                   = "cl-32eb22-rds" -> null
      - owner_id               = "000000000000" -> null
      - region                 = "us-east-1" -> null
      - revoke_rules_on_delete = false -> null
      - tags                   = {} -> null
      - tags_all               = {
          - "ClearLedgerDeployment" = "cl-32eb22"
        } -> null
      - vpc_id                 = "vpc-1cf64edf" -> null
        # (1 unchanged attribute hidden)
    }

  # aws_security_group.valkey will be destroyed
  - resource "aws_security_group" "valkey" {
      - arn                    = "arn:aws:ec2:us-east-1:000000000000:security-group/sg-a6e04a91e24b066ec" -> null
      - description            = "Managed by Terraform" -> null
      - egress                 = [] -> null
      - id                     = "sg-a6e04a91e24b066ec" -> null
      - ingress                = [
          - {
              - cidr_blocks      = [
                  - "10.42.0.0/16",
                ]
              - from_port        = 6379
              - ipv6_cidr_blocks = []
              - prefix_list_ids  = []
              - protocol         = "tcp"
              - security_groups  = []
              - self             = false
              - to_port          = 6379
                # (1 unchanged attribute hidden)
            },
        ] -> null
      - name                   = "cl-32eb22-valkey" -> null
      - owner_id               = "000000000000" -> null
      - region                 = "us-east-1" -> null
      - revoke_rules_on_delete = false -> null
      - tags                   = {} -> null
      - tags_all               = {
          - "ClearLedgerDeployment" = "cl-32eb22"
        } -> null
      - vpc_id                 = "vpc-1cf64edf" -> null
        # (1 unchanged attribute hidden)
    }

  # aws_subnet.private[0] will be destroyed
  - resource "aws_subnet" "private" {
      - arn                                            = "arn:aws:ec2:us-east-1:000000000000:subnet/subnet-cee97d80" -> null
      - assign_ipv6_address_on_creation                = false -> null
      - availability_zone                              = "us-east-1a" -> null
      - availability_zone_id                           = "us-east-1-az1" -> null
      - cidr_block                                     = "10.42.10.0/24" -> null
      - enable_dns64                                   = false -> null
      - enable_lni_at_device_index                     = 0 -> null
      - enable_resource_name_dns_a_record_on_launch    = false -> null
      - enable_resource_name_dns_aaaa_record_on_launch = false -> null
      - id                                             = "subnet-cee97d80" -> null
      - ipv6_native                                    = false -> null
      - map_customer_owned_ip_on_launch                = false -> null
      - map_public_ip_on_launch                        = false -> null
      - owner_id                                       = "000000000000" -> null
      - region                                         = "us-east-1" -> null
      - tags                                           = {
          - "Name" = "cl-32eb22-private-0"
        } -> null
      - tags_all                                       = {
          - "ClearLedgerDeployment" = "cl-32eb22"
          - "Name"                  = "cl-32eb22-private-0"
        } -> null
      - vpc_id                                         = "vpc-1cf64edf" -> null
        # (5 unchanged attributes hidden)
    }

  # aws_subnet.private[1] will be destroyed
  - resource "aws_subnet" "private" {
      - arn                                            = "arn:aws:ec2:us-east-1:000000000000:subnet/subnet-2bfcd887" -> null
      - assign_ipv6_address_on_creation                = false -> null
      - availability_zone                              = "us-east-1b" -> null
      - availability_zone_id                           = "us-east-1-az2" -> null
      - cidr_block                                     = "10.42.11.0/24" -> null
      - enable_dns64                                   = false -> null
      - enable_lni_at_device_index                     = 0 -> null
      - enable_resource_name_dns_a_record_on_launch    = false -> null
      - enable_resource_name_dns_aaaa_record_on_launch = false -> null
      - id                                             = "subnet-2bfcd887" -> null
      - ipv6_native                                    = false -> null
      - map_customer_owned_ip_on_launch                = false -> null
      - map_public_ip_on_launch                        = false -> null
      - owner_id                                       = "000000000000" -> null
      - region                                         = "us-east-1" -> null
      - tags                                           = {
          - "Name" = "cl-32eb22-private-1"
        } -> null
      - tags_all                                       = {
          - "ClearLedgerDeployment" = "cl-32eb22"
          - "Name"                  = "cl-32eb22-private-1"
        } -> null
      - vpc_id                                         = "vpc-1cf64edf" -> null
        # (5 unchanged attributes hidden)
    }

  # aws_subnet.public[0] will be destroyed
  - resource "aws_subnet" "public" {
      - arn                                            = "arn:aws:ec2:us-east-1:000000000000:subnet/subnet-0c1d11e8" -> null
      - assign_ipv6_address_on_creation                = false -> null
      - availability_zone                              = "us-east-1a" -> null
      - availability_zone_id                           = "us-east-1-az1" -> null
      - cidr_block                                     = "10.42.0.0/24" -> null
      - enable_dns64                                   = false -> null
      - enable_lni_at_device_index                     = 0 -> null
      - enable_resource_name_dns_a_record_on_launch    = false -> null
      - enable_resource_name_dns_aaaa_record_on_launch = false -> null
      - id                                             = "subnet-0c1d11e8" -> null
      - ipv6_native                                    = false -> null
      - map_customer_owned_ip_on_launch                = false -> null
      - map_public_ip_on_launch                        = true -> null
      - owner_id                                       = "000000000000" -> null
      - region                                         = "us-east-1" -> null
      - tags                                           = {
          - "Name" = "cl-32eb22-public-0"
        } -> null
      - tags_all                                       = {
          - "ClearLedgerDeployment" = "cl-32eb22"
          - "Name"                  = "cl-32eb22-public-0"
        } -> null
      - vpc_id                                         = "vpc-1cf64edf" -> null
        # (5 unchanged attributes hidden)
    }

  # aws_subnet.public[1] will be destroyed
  - resource "aws_subnet" "public" {
      - arn                                            = "arn:aws:ec2:us-east-1:000000000000:subnet/subnet-a69e9133" -> null
      - assign_ipv6_address_on_creation                = false -> null
      - availability_zone                              = "us-east-1b" -> null
      - availability_zone_id                           = "us-east-1-az2" -> null
      - cidr_block                                     = "10.42.1.0/24" -> null
      - enable_dns64                                   = false -> null
      - enable_lni_at_device_index                     = 0 -> null
      - enable_resource_name_dns_a_record_on_launch    = false -> null
      - enable_resource_name_dns_aaaa_record_on_launch = false -> null
      - id                                             = "subnet-a69e9133" -> null
      - ipv6_native                                    = false -> null
      - map_customer_owned_ip_on_launch                = false -> null
      - map_public_ip_on_launch                        = true -> null
      - owner_id                                       = "000000000000" -> null
      - region                                         = "us-east-1" -> null
      - tags                                           = {
          - "Name" = "cl-32eb22-public-1"
        } -> null
      - tags_all                                       = {
          - "ClearLedgerDeployment" = "cl-32eb22"
          - "Name"                  = "cl-32eb22-public-1"
        } -> null
      - vpc_id                                         = "vpc-1cf64edf" -> null
        # (5 unchanged attributes hidden)
    }

  # aws_vpc.main will be destroyed
  - resource "aws_vpc" "main" {
      - arn                                  = "arn:aws:ec2:us-east-1:000000000000:vpc/vpc-1cf64edf" -> null
      - assign_generated_ipv6_cidr_block     = false -> null
      - cidr_block                           = "10.42.0.0/16" -> null
      - default_network_acl_id               = "acl-cb5be7d53991b0e29" -> null
      - default_route_table_id               = "rtb-bf619cc84e1c32efc" -> null
      - default_security_group_id            = "sg-47aae8a1022aa980f" -> null
      - dhcp_options_id                      = "dopt-default" -> null
      - enable_dns_hostnames                 = true -> null
      - enable_dns_support                   = true -> null
      - enable_network_address_usage_metrics = false -> null
      - id                                   = "vpc-1cf64edf" -> null
      - instance_tenancy                     = "default" -> null
      - ipv6_netmask_length                  = 0 -> null
      - main_route_table_id                  = "rtb-bf619cc84e1c32efc" -> null
      - owner_id                             = "000000000000" -> null
      - region                               = "us-east-1" -> null
      - tags                                 = {
          - "Name" = "cl-32eb22-vpc"
        } -> null
      - tags_all                             = {
          - "ClearLedgerDeployment" = "cl-32eb22"
          - "Name"                  = "cl-32eb22-vpc"
        } -> null
        # (4 unchanged attributes hidden)
    }

Plan: 0 to add, 0 to change, 66 to destroy.

Changes to Outputs:
  - manifest = (sensitive value) -> null

Warning: Argument is deprecated

  with aws_dynamodb_table.projection,
  on main.tf line 214, in resource "aws_dynamodb_table" "projection":
 214: resource "aws_dynamodb_table" "projection" {

hash_key is deprecated. Use key_schema instead.

(and one more similar warning elsewhere)
